ISO-10303-21;
HEADER;
/* Generated by software containing ST-Developer
 * from STEP Tools, Inc. (www.steptools.com) 
 */

FILE_DESCRIPTION(
/* description */ (''),
/* implementation_level */ '2;1');

FILE_NAME(
/* name */ 'Base.step',
/* time_stamp */ '2026-08-31T22:59:10+08:00',
/* author */ (''),
/* organization */ (''),
/* preprocessor_version */ 'ST-DEVELOPER v20.1',
/* originating_system */ 'Autodesk Translation Framework v15.8.0.0',
/* authorisation */ '');

FILE_SCHEMA (('AUTOMOTIVE_DESIGN { 1 0 10303 214 3 1 1 }'));
ENDSEC;

DATA;
#10=MECHANICAL_DESIGN_GEOMETRIC_PRESENTATION_REPRESENTATION('',(#13),#4019);
#11=SHAPE_REPRESENTATION_RELATIONSHIP('SRR','None',#4026,#12);
#12=ADVANCED_BREP_SHAPE_REPRESENTATION('',(#14),#4018);
#13=STYLED_ITEM('',(#4035),#14);
#14=MANIFOLD_SOLID_BREP('Base',#2166);
#15=(
BOUNDED_SURFACE()
B_SPLINE_SURFACE(2,2,((#3921,#3922,#3923),(#3924,#3925,#3926),(#3927,#3928,
#3929)),.UNSPECIFIED.,.F.,.F.,.F.)
B_SPLINE_SURFACE_WITH_KNOTS((3,3),(3,3),(-1.5707963267949,0.),(-1.5707963267949,
9.89560274371189E-17),.UNSPECIFIED.)
GEOMETRIC_REPRESENTATION_ITEM()
RATIONAL_B_SPLINE_SURFACE(((1.,0.707106781186548,1.),(0.707106781186544,
0.499999999999997,0.707106781186544),(1.,0.707106781186548,1.)))
REPRESENTATION_ITEM('')
SURFACE()
);
#16=(
BOUNDED_SURFACE()
B_SPLINE_SURFACE(2,2,((#3943,#3944,#3945),(#3946,#3947,#3948),(#3949,#3950,
#3951)),.UNSPECIFIED.,.F.,.F.,.F.)
B_SPLINE_SURFACE_WITH_KNOTS((3,3),(3,3),(-1.5707963267949,0.),(0.,1.5707963267949),
 .UNSPECIFIED.)
GEOMETRIC_REPRESENTATION_ITEM()
RATIONAL_B_SPLINE_SURFACE(((1.,0.707106781186548,1.),(0.707106781186544,
0.499999999999997,0.707106781186544),(1.,0.707106781186548,1.)))
REPRESENTATION_ITEM('')
SURFACE()
);
#17=(
BOUNDED_SURFACE()
B_SPLINE_SURFACE(2,2,((#3960,#3961,#3962),(#3963,#3964,#3965),(#3966,#3967,
#3968)),.UNSPECIFIED.,.F.,.F.,.F.)
B_SPLINE_SURFACE_WITH_KNOTS((3,3),(3,3),(-1.5707963267949,0.),(1.5707963267949,
3.14159265358979),.UNSPECIFIED.)
GEOMETRIC_REPRESENTATION_ITEM()
RATIONAL_B_SPLINE_SURFACE(((1.,0.707106781186547,1.),(0.707106781186547,
0.5,0.707106781186547),(1.,0.707106781186547,1.)))
REPRESENTATION_ITEM('')
SURFACE()
);
#18=(
BOUNDED_SURFACE()
B_SPLINE_SURFACE(2,2,((#3971,#3972,#3973),(#3974,#3975,#3976),(#3977,#3978,
#3979)),.UNSPECIFIED.,.F.,.F.,.F.)
B_SPLINE_SURFACE_WITH_KNOTS((3,3),(3,3),(-1.5707963267949,0.),(-3.14159265358979,
-1.5707963267949),.UNSPECIFIED.)
GEOMETRIC_REPRESENTATION_ITEM()
RATIONAL_B_SPLINE_SURFACE(((1.,0.707106781186548,1.),(0.707106781186547,
0.5,0.707106781186547),(1.,0.707106781186548,1.)))
REPRESENTATION_ITEM('')
SURFACE()
);
#19=FACE_BOUND('',#412,.T.);
#20=FACE_BOUND('',#415,.T.);
#21=FACE_BOUND('',#418,.T.);
#22=FACE_BOUND('',#421,.T.);
#23=FACE_BOUND('',#428,.T.);
#24=FACE_BOUND('',#434,.T.);
#25=FACE_BOUND('',#438,.T.);
#26=FACE_BOUND('',#441,.T.);
#27=FACE_BOUND('',#445,.T.);
#28=FACE_BOUND('',#448,.T.);
#29=FACE_BOUND('',#465,.T.);
#30=FACE_BOUND('',#467,.T.);
#31=FACE_BOUND('',#480,.T.);
#32=FACE_BOUND('',#481,.T.);
#33=FACE_BOUND('',#484,.T.);
#34=FACE_BOUND('',#485,.T.);
#35=FACE_BOUND('',#486,.T.);
#36=FACE_BOUND('',#487,.T.);
#37=FACE_BOUND('',#488,.T.);
#38=CYLINDRICAL_SURFACE('',#2209,2.);
#39=CYLINDRICAL_SURFACE('',#2213,2.);
#40=CYLINDRICAL_SURFACE('',#2223,2.);
#41=CYLINDRICAL_SURFACE('',#2226,2.);
#42=CYLINDRICAL_SURFACE('',#2227,1.5);
#43=CYLINDRICAL_SURFACE('',#2229,1.5);
#44=CYLINDRICAL_SURFACE('',#2237,2.);
#45=CYLINDRICAL_SURFACE('',#2244,1.5);
#46=CYLINDRICAL_SURFACE('',#2247,1.5);
#47=CYLINDRICAL_SURFACE('',#2249,1.9);
#48=CYLINDRICAL_SURFACE('',#2254,1.9);
#49=CYLINDRICAL_SURFACE('',#2259,1.9);
#50=CYLINDRICAL_SURFACE('',#2264,1.9);
#51=CYLINDRICAL_SURFACE('',#2269,1.6);
#52=CYLINDRICAL_SURFACE('',#2271,1.6);
#53=CYLINDRICAL_SURFACE('',#2273,1.6);
#54=CYLINDRICAL_SURFACE('',#2275,1.6);
#55=CYLINDRICAL_SURFACE('',#2277,2.);
#56=CYLINDRICAL_SURFACE('',#2284,2.);
#57=CYLINDRICAL_SURFACE('',#2295,2.);
#58=CYLINDRICAL_SURFACE('',#2303,2.);
#59=CYLINDRICAL_SURFACE('',#2310,1.);
#60=CYLINDRICAL_SURFACE('',#2317,1.);
#61=CYLINDRICAL_SURFACE('',#2323,1.);
#62=CYLINDRICAL_SURFACE('',#2329,1.);
#63=CYLINDRICAL_SURFACE('',#2334,1.27);
#64=CYLINDRICAL_SURFACE('',#2336,1.27);
#65=CYLINDRICAL_SURFACE('',#2347,2.);
#66=CYLINDRICAL_SURFACE('',#2352,2.);
#67=CYLINDRICAL_SURFACE('',#2359,2.);
#68=CYLINDRICAL_SURFACE('',#2361,3.);
#69=CYLINDRICAL_SURFACE('',#2363,3.);
#70=CYLINDRICAL_SURFACE('',#2366,3.);
#71=CYLINDRICAL_SURFACE('',#2370,3.);
#72=CYLINDRICAL_SURFACE('',#2372,1.27);
#73=CYLINDRICAL_SURFACE('',#2375,1.27);
#74=CIRCLE('',#2202,1.5);
#75=CIRCLE('',#2203,2.);
#76=CIRCLE('',#2204,3.5);
#77=CIRCLE('',#2206,3.5);
#78=CIRCLE('',#2207,2.);
#79=CIRCLE('',#2208,1.5);
#80=CIRCLE('',#2210,2.);
#81=CIRCLE('',#2211,2.);
#82=CIRCLE('',#2212,2.);
#83=CIRCLE('',#2215,1.5);
#84=CIRCLE('',#2216,3.5);
#85=CIRCLE('',#2218,3.5);
#86=CIRCLE('',#2219,2.);
#87=CIRCLE('',#2220,1.5);
#88=CIRCLE('',#2221,2.);
#89=CIRCLE('',#2222,2.);
#90=CIRCLE('',#2224,2.);
#91=CIRCLE('',#2225,2.);
#92=CIRCLE('',#2228,1.5);
#93=CIRCLE('',#2230,1.5);
#94=CIRCLE('',#2232,3.5);
#95=CIRCLE('',#2233,1.);
#96=CIRCLE('',#2234,3.5);
#97=CIRCLE('',#2236,4.5);
#98=CIRCLE('',#2238,2.);
#99=CIRCLE('',#2239,2.);
#100=CIRCLE('',#2241,1.5);
#101=CIRCLE('',#2242,4.88196601125011);
#102=CIRCLE('',#2243,6.);
#103=CIRCLE('',#2246,1.5);
#104=CIRCLE('',#2250,1.9);
#105=CIRCLE('',#2251,1.9);
#106=CIRCLE('',#2253,1.6);
#107=CIRCLE('',#2255,1.9);
#108=CIRCLE('',#2256,1.9);
#109=CIRCLE('',#2258,1.6);
#110=CIRCLE('',#2260,1.9);
#111=CIRCLE('',#2261,1.9);
#112=CIRCLE('',#2263,1.6);
#113=CIRCLE('',#2265,1.9);
#114=CIRCLE('',#2266,1.9);
#115=CIRCLE('',#2268,1.6);
#116=CIRCLE('',#2270,1.6);
#117=CIRCLE('',#2272,1.6);
#118=CIRCLE('',#2274,1.6);
#119=CIRCLE('',#2276,1.6);
#120=CIRCLE('',#2278,2.);
#121=CIRCLE('',#2279,2.);
#122=CIRCLE('',#2285,2.);
#123=CIRCLE('',#2286,2.);
#124=CIRCLE('',#2291,1.27);
#125=CIRCLE('',#2292,1.27);
#126=CIRCLE('',#2293,1.27);
#127=CIRCLE('',#2294,1.27);
#128=CIRCLE('',#2296,2.);
#129=CIRCLE('',#2297,2.);
#130=CIRCLE('',#2302,2.5);
#131=CIRCLE('',#2304,2.);
#132=CIRCLE('',#2305,2.);
#133=CIRCLE('',#2311,1.);
#134=CIRCLE('',#2312,1.00000000000001);
#135=CIRCLE('',#2314,1.);
#136=CIRCLE('',#2315,2.27);
#137=CIRCLE('',#2316,1.27);
#138=CIRCLE('',#2318,1.);
#139=CIRCLE('',#2320,0.999999999999999);
#140=CIRCLE('',#2321,2.27);
#141=CIRCLE('',#2322,1.27);
#142=CIRCLE('',#2324,1.);
#143=CIRCLE('',#2326,1.);
#144=CIRCLE('',#2327,2.27);
#145=CIRCLE('',#2328,1.27);
#146=CIRCLE('',#2330,0.999999999999999);
#147=CIRCLE('',#2332,2.27);
#148=CIRCLE('',#2333,1.27);
#149=CIRCLE('',#2340,2.5);
#150=CIRCLE('',#2342,1.);
#151=CIRCLE('',#2343,2.);
#152=CIRCLE('',#2344,1.);
#153=CIRCLE('',#2345,2.);
#154=CIRCLE('',#2346,3.);
#155=CIRCLE('',#2348,2.);
#156=CIRCLE('',#2349,2.);
#157=CIRCLE('',#2350,3.);
#158=CIRCLE('',#2351,1.);
#159=CIRCLE('',#2353,2.);
#160=CIRCLE('',#2354,3.);
#161=CIRCLE('',#2355,1.);
#162=CIRCLE('',#2356,2.);
#163=CIRCLE('',#2357,3.);
#164=CIRCLE('',#2358,1.);
#165=CIRCLE('',#2362,3.);
#166=CIRCLE('',#2364,3.);
#167=CIRCLE('',#2367,3.);
#168=CIRCLE('',#2369,3.);
#169=TOROIDAL_SURFACE('',#2201,3.5,2.);
#170=TOROIDAL_SURFACE('',#2205,3.5,2.);
#171=TOROIDAL_SURFACE('',#2214,3.5,2.);
#172=TOROIDAL_SURFACE('',#2217,3.5,2.);
#173=TOROIDAL_SURFACE('',#2231,3.5,1.);
#174=TOROIDAL_SURFACE('',#2240,4.88196601125011,1.5);
#175=TOROIDAL_SURFACE('',#2245,4.5,1.5);
#176=TOROIDAL_SURFACE('',#2313,2.27,1.);
#177=TOROIDAL_SURFACE('',#2319,2.27,1.);
#178=TOROIDAL_SURFACE('',#2325,2.27,1.);
#179=TOROIDAL_SURFACE('',#2331,2.27,1.);
#180=TOROIDAL_SURFACE('',#2341,2.5,1.);
#181=PLANE('',#2180);
#182=PLANE('',#2181);
#183=PLANE('',#2182);
#184=PLANE('',#2183);
#185=PLANE('',#2184);
#186=PLANE('',#2185);
#187=PLANE('',#2186);
#188=PLANE('',#2187);
#189=PLANE('',#2188);
#190=PLANE('',#2189);
#191=PLANE('',#2190);
#192=PLANE('',#2191);
#193=PLANE('',#2192);
#194=PLANE('',#2193);
#195=PLANE('',#2194);
#196=PLANE('',#2195);
#197=PLANE('',#2196);
#198=PLANE('',#2197);
#199=PLANE('',#2198);
#200=PLANE('',#2199);
#201=PLANE('',#2200);
#202=PLANE('',#2235);
#203=PLANE('',#2248);
#204=PLANE('',#2252);
#205=PLANE('',#2257);
#206=PLANE('',#2262);
#207=PLANE('',#2267);
#208=PLANE('',#2280);
#209=PLANE('',#2281);
#210=PLANE('',#2282);
#211=PLANE('',#2283);
#212=PLANE('',#2287);
#213=PLANE('',#2288);
#214=PLANE('',#2289);
#215=PLANE('',#2290);
#216=PLANE('',#2298);
#217=PLANE('',#2299);
#218=PLANE('',#2300);
#219=PLANE('',#2301);
#220=PLANE('',#2306);
#221=PLANE('',#2307);
#222=PLANE('',#2308);
#223=PLANE('',#2309);
#224=PLANE('',#2335);
#225=PLANE('',#2337);
#226=PLANE('',#2338);
#227=PLANE('',#2339);
#228=PLANE('',#2360);
#229=PLANE('',#2365);
#230=PLANE('',#2368);
#231=PLANE('',#2371);
#232=PLANE('',#2373);
#233=PLANE('',#2374);
#234=PLANE('',#2376);
#235=FACE_OUTER_BOUND('',#356,.T.);
#236=FACE_OUTER_BOUND('',#357,.T.);
#237=FACE_OUTER_BOUND('',#358,.T.);
#238=FACE_OUTER_BOUND('',#359,.T.);
#239=FACE_OUTER_BOUND('',#360,.T.);
#240=FACE_OUTER_BOUND('',#361,.T.);
#241=FACE_OUTER_BOUND('',#362,.T.);
#242=FACE_OUTER_BOUND('',#363,.T.);
#243=FACE_OUTER_BOUND('',#364,.T.);
#244=FACE_OUTER_BOUND('',#365,.T.);
#245=FACE_OUTER_BOUND('',#366,.T.);
#246=FACE_OUTER_BOUND('',#367,.T.);
#247=FACE_OUTER_BOUND('',#368,.T.);
#248=FACE_OUTER_BOUND('',#369,.T.);
#249=FACE_OUTER_BOUND('',#370,.T.);
#250=FACE_OUTER_BOUND('',#371,.T.);
#251=FACE_OUTER_BOUND('',#372,.T.);
#252=FACE_OUTER_BOUND('',#373,.T.);
#253=FACE_OUTER_BOUND('',#374,.T.);
#254=FACE_OUTER_BOUND('',#375,.T.);
#255=FACE_OUTER_BOUND('',#376,.T.);
#256=FACE_OUTER_BOUND('',#377,.T.);
#257=FACE_OUTER_BOUND('',#378,.T.);
#258=FACE_OUTER_BOUND('',#379,.T.);
#259=FACE_OUTER_BOUND('',#380,.T.);
#260=FACE_OUTER_BOUND('',#381,.T.);
#261=FACE_OUTER_BOUND('',#382,.T.);
#262=FACE_OUTER_BOUND('',#383,.T.);
#263=FACE_OUTER_BOUND('',#384,.T.);
#264=FACE_OUTER_BOUND('',#385,.T.);
#265=FACE_OUTER_BOUND('',#386,.T.);
#266=FACE_OUTER_BOUND('',#387,.T.);
#267=FACE_OUTER_BOUND('',#388,.T.);
#268=FACE_OUTER_BOUND('',#389,.T.);
#269=FACE_OUTER_BOUND('',#390,.T.);
#270=FACE_OUTER_BOUND('',#391,.T.);
#271=FACE_OUTER_BOUND('',#392,.T.);
#272=FACE_OUTER_BOUND('',#393,.T.);
#273=FACE_OUTER_BOUND('',#394,.T.);
#274=FACE_OUTER_BOUND('',#395,.T.);
#275=FACE_OUTER_BOUND('',#396,.T.);
#276=FACE_OUTER_BOUND('',#397,.T.);
#277=FACE_OUTER_BOUND('',#398,.T.);
#278=FACE_OUTER_BOUND('',#399,.T.);
#279=FACE_OUTER_BOUND('',#400,.T.);
#280=FACE_OUTER_BOUND('',#401,.T.);
#281=FACE_OUTER_BOUND('',#402,.T.);
#282=FACE_OUTER_BOUND('',#403,.T.);
#283=FACE_OUTER_BOUND('',#404,.T.);
#284=FACE_OUTER_BOUND('',#405,.T.);
#285=FACE_OUTER_BOUND('',#406,.T.);
#286=FACE_OUTER_BOUND('',#407,.T.);
#287=FACE_OUTER_BOUND('',#408,.T.);
#288=FACE_OUTER_BOUND('',#409,.T.);
#289=FACE_OUTER_BOUND('',#410,.T.);
#290=FACE_OUTER_BOUND('',#411,.T.);
#291=FACE_OUTER_BOUND('',#413,.T.);
#292=FACE_OUTER_BOUND('',#414,.T.);
#293=FACE_OUTER_BOUND('',#416,.T.);
#294=FACE_OUTER_BOUND('',#417,.T.);
#295=FACE_OUTER_BOUND('',#419,.T.);
#296=FACE_OUTER_BOUND('',#420,.T.);
#297=FACE_OUTER_BOUND('',#422,.T.);
#298=FACE_OUTER_BOUND('',#423,.T.);
#299=FACE_OUTER_BOUND('',#424,.T.);
#300=FACE_OUTER_BOUND('',#425,.T.);
#301=FACE_OUTER_BOUND('',#426,.T.);
#302=FACE_OUTER_BOUND('',#427,.T.);
#303=FACE_OUTER_BOUND('',#429,.T.);
#304=FACE_OUTER_BOUND('',#430,.T.);
#305=FACE_OUTER_BOUND('',#431,.T.);
#306=FACE_OUTER_BOUND('',#432,.T.);
#307=FACE_OUTER_BOUND('',#433,.T.);
#308=FACE_OUTER_BOUND('',#435,.T.);
#309=FACE_OUTER_BOUND('',#436,.T.);
#310=FACE_OUTER_BOUND('',#437,.T.);
#311=FACE_OUTER_BOUND('',#439,.T.);
#312=FACE_OUTER_BOUND('',#440,.T.);
#313=FACE_OUTER_BOUND('',#442,.T.);
#314=FACE_OUTER_BOUND('',#443,.T.);
#315=FACE_OUTER_BOUND('',#444,.T.);
#316=FACE_OUTER_BOUND('',#446,.T.);
#317=FACE_OUTER_BOUND('',#447,.T.);
#318=FACE_OUTER_BOUND('',#449,.T.);
#319=FACE_OUTER_BOUND('',#450,.T.);
#320=FACE_OUTER_BOUND('',#451,.T.);
#321=FACE_OUTER_BOUND('',#452,.T.);
#322=FACE_OUTER_BOUND('',#453,.T.);
#323=FACE_OUTER_BOUND('',#454,.T.);
#324=FACE_OUTER_BOUND('',#455,.T.);
#325=FACE_OUTER_BOUND('',#456,.T.);
#326=FACE_OUTER_BOUND('',#457,.T.);
#327=FACE_OUTER_BOUND('',#458,.T.);
#328=FACE_OUTER_BOUND('',#459,.T.);
#329=FACE_OUTER_BOUND('',#460,.T.);
#330=FACE_OUTER_BOUND('',#461,.T.);
#331=FACE_OUTER_BOUND('',#462,.T.);
#332=FACE_OUTER_BOUND('',#463,.T.);
#333=FACE_OUTER_BOUND('',#464,.T.);
#334=FACE_OUTER_BOUND('',#466,.T.);
#335=FACE_OUTER_BOUND('',#468,.T.);
#336=FACE_OUTER_BOUND('',#469,.T.);
#337=FACE_OUTER_BOUND('',#470,.T.);
#338=FACE_OUTER_BOUND('',#471,.T.);
#339=FACE_OUTER_BOUND('',#472,.T.);
#340=FACE_OUTER_BOUND('',#473,.T.);
#341=FACE_OUTER_BOUND('',#474,.T.);
#342=FACE_OUTER_BOUND('',#475,.T.);
#343=FACE_OUTER_BOUND('',#476,.T.);
#344=FACE_OUTER_BOUND('',#477,.T.);
#345=FACE_OUTER_BOUND('',#478,.T.);
#346=FACE_OUTER_BOUND('',#479,.T.);
#347=FACE_OUTER_BOUND('',#482,.T.);
#348=FACE_OUTER_BOUND('',#483,.T.);
#349=FACE_OUTER_BOUND('',#489,.T.);
#350=FACE_OUTER_BOUND('',#490,.T.);
#351=FACE_OUTER_BOUND('',#491,.T.);
#352=FACE_OUTER_BOUND('',#492,.T.);
#353=FACE_OUTER_BOUND('',#493,.T.);
#354=FACE_OUTER_BOUND('',#494,.T.);
#355=FACE_OUTER_BOUND('',#495,.T.);
#356=EDGE_LOOP('',(#1406,#1407,#1408,#1409));
#357=EDGE_LOOP('',(#1410,#1411,#1412,#1413));
#358=EDGE_LOOP('',(#1414,#1415,#1416,#1417));
#359=EDGE_LOOP('',(#1418,#1419,#1420,#1421));
#360=EDGE_LOOP('',(#1422,#1423,#1424,#1425));
#361=EDGE_LOOP('',(#1426,#1427,#1428,#1429));
#362=EDGE_LOOP('',(#1430,#1431,#1432,#1433));
#363=EDGE_LOOP('',(#1434,#1435,#1436,#1437));
#364=EDGE_LOOP('',(#1438,#1439,#1440,#1441));
#365=EDGE_LOOP('',(#1442,#1443,#1444,#1445));
#366=EDGE_LOOP('',(#1446,#1447,#1448,#1449));
#367=EDGE_LOOP('',(#1450,#1451,#1452,#1453));
#368=EDGE_LOOP('',(#1454,#1455,#1456,#1457));
#369=EDGE_LOOP('',(#1458,#1459,#1460,#1461));
#370=EDGE_LOOP('',(#1462,#1463,#1464,#1465));
#371=EDGE_LOOP('',(#1466,#1467,#1468,#1469));
#372=EDGE_LOOP('',(#1470,#1471,#1472,#1473));
#373=EDGE_LOOP('',(#1474,#1475,#1476,#1477));
#374=EDGE_LOOP('',(#1478,#1479,#1480,#1481,#1482,#1483,#1484,#1485,#1486,
#1487,#1488,#1489,#1490,#1491,#1492,#1493,#1494,#1495));
#375=EDGE_LOOP('',(#1496,#1497,#1498,#1499));
#376=EDGE_LOOP('',(#1500,#1501,#1502,#1503));
#377=EDGE_LOOP('',(#1504,#1505,#1506,#1507));
#378=EDGE_LOOP('',(#1508,#1509,#1510,#1511));
#379=EDGE_LOOP('',(#1512,#1513,#1514,#1515));
#380=EDGE_LOOP('',(#1516,#1517,#1518,#1519));
#381=EDGE_LOOP('',(#1520,#1521,#1522,#1523));
#382=EDGE_LOOP('',(#1524,#1525,#1526,#1527));
#383=EDGE_LOOP('',(#1528,#1529,#1530,#1531));
#384=EDGE_LOOP('',(#1532,#1533,#1534,#1535));
#385=EDGE_LOOP('',(#1536,#1537,#1538,#1539));
#386=EDGE_LOOP('',(#1540,#1541,#1542,#1543));
#387=EDGE_LOOP('',(#1544,#1545,#1546,#1547,#1548,#1549,#1550,#1551,#1552,
#1553,#1554,#1555));
#388=EDGE_LOOP('',(#1556,#1557,#1558,#1559));
#389=EDGE_LOOP('',(#1560,#1561,#1562,#1563));
#390=EDGE_LOOP('',(#1564,#1565,#1566,#1567));
#391=EDGE_LOOP('',(#1568,#1569,#1570,#1571,#1572));
#392=EDGE_LOOP('',(#1573,#1574,#1575,#1576));
#393=EDGE_LOOP('',(#1577,#1578,#1579,#1580));
#394=EDGE_LOOP('',(#1581,#1582,#1583,#1584));
#395=EDGE_LOOP('',(#1585,#1586,#1587,#1588));
#396=EDGE_LOOP('',(#1589,#1590,#1591,#1592));
#397=EDGE_LOOP('',(#1593,#1594,#1595,#1596));
#398=EDGE_LOOP('',(#1597,#1598,#1599,#1600,#1601));
#399=EDGE_LOOP('',(#1602,#1603,#1604,#1605));
#400=EDGE_LOOP('',(#1606,#1607,#1608,#1609,#1610));
#401=EDGE_LOOP('',(#1611,#1612,#1613,#1614));
#402=EDGE_LOOP('',(#1615,#1616,#1617,#1618,#1619,#1620,#1621,#1622));
#403=EDGE_LOOP('',(#1623,#1624,#1625,#1626,#1627,#1628));
#404=EDGE_LOOP('',(#1629,#1630,#1631,#1632,#1633,#1634,#1635,#1636,#1637,
#1638));
#405=EDGE_LOOP('',(#1639,#1640,#1641,#1642));
#406=EDGE_LOOP('',(#1643,#1644,#1645,#1646,#1647));
#407=EDGE_LOOP('',(#1648,#1649,#1650,#1651));
#408=EDGE_LOOP('',(#1652,#1653,#1654,#1655));
#409=EDGE_LOOP('',(#1656,#1657,#1658,#1659,#1660,#1661));
#410=EDGE_LOOP('',(#1662,#1663,#1664,#1665));
#411=EDGE_LOOP('',(#1666));
#412=EDGE_LOOP('',(#1667));
#413=EDGE_LOOP('',(#1668,#1669,#1670,#1671));
#414=EDGE_LOOP('',(#1672));
#415=EDGE_LOOP('',(#1673));
#416=EDGE_LOOP('',(#1674,#1675,#1676,#1677));
#417=EDGE_LOOP('',(#1678));
#418=EDGE_LOOP('',(#1679));
#419=EDGE_LOOP('',(#1680,#1681,#1682,#1683));
#420=EDGE_LOOP('',(#1684));
#421=EDGE_LOOP('',(#1685));
#422=EDGE_LOOP('',(#1686,#1687,#1688,#1689));
#423=EDGE_LOOP('',(#1690,#1691,#1692,#1693));
#424=EDGE_LOOP('',(#1694,#1695,#1696,#1697));
#425=EDGE_LOOP('',(#1698,#1699,#1700,#1701));
#426=EDGE_LOOP('',(#1702,#1703,#1704,#1705));
#427=EDGE_LOOP('',(#1706,#1707,#1708,#1709,#1710));
#428=EDGE_LOOP('',(#1711));
#429=EDGE_LOOP('',(#1712,#1713,#1714,#1715));
#430=EDGE_LOOP('',(#1716,#1717,#1718,#1719));
#431=EDGE_LOOP('',(#1720,#1721,#1722,#1723,#1724,#1725,#1726,#1727));
#432=EDGE_LOOP('',(#1728,#1729,#1730,#1731));
#433=EDGE_LOOP('',(#1732,#1733,#1734,#1735,#1736));
#434=EDGE_LOOP('',(#1737));
#435=EDGE_LOOP('',(#1738,#1739,#1740,#1741));
#436=EDGE_LOOP('',(#1742,#1743,#1744,#1745));
#437=EDGE_LOOP('',(#1746,#1747,#1748,#1749,#1750,#1751,#1752,#1753));
#438=EDGE_LOOP('',(#1754,#1755,#1756,#1757,#1758,#1759,#1760,#1761));
#439=EDGE_LOOP('',(#1762,#1763,#1764,#1765));
#440=EDGE_LOOP('',(#1766,#1767,#1768,#1769,#1770));
#441=EDGE_LOOP('',(#1771));
#442=EDGE_LOOP('',(#1772,#1773,#1774,#1775));
#443=EDGE_LOOP('',(#1776,#1777,#1778,#1779));
#444=EDGE_LOOP('',(#1780,#1781,#1782,#1783,#1784,#1785,#1786,#1787));
#445=EDGE_LOOP('',(#1788));
#446=EDGE_LOOP('',(#1789,#1790,#1791,#1792));
#447=EDGE_LOOP('',(#1793,#1794,#1795,#1796,#1797));
#448=EDGE_LOOP('',(#1798));
#449=EDGE_LOOP('',(#1799,#1800,#1801,#1802));
#450=EDGE_LOOP('',(#1803,#1804,#1805,#1806));
#451=EDGE_LOOP('',(#1807,#1808,#1809,#1810,#1811,#1812,#1813,#1814));
#452=EDGE_LOOP('',(#1815,#1816,#1817,#1818));
#453=EDGE_LOOP('',(#1819,#1820,#1821,#1822));
#454=EDGE_LOOP('',(#1823,#1824,#1825,#1826));
#455=EDGE_LOOP('',(#1827,#1828,#1829,#1830));
#456=EDGE_LOOP('',(#1831,#1832,#1833,#1834));
#457=EDGE_LOOP('',(#1835,#1836,#1837,#1838));
#458=EDGE_LOOP('',(#1839,#1840,#1841,#1842));
#459=EDGE_LOOP('',(#1843,#1844,#1845,#1846));
#460=EDGE_LOOP('',(#1847,#1848,#1849,#1850));
#461=EDGE_LOOP('',(#1851,#1852,#1853,#1854));
#462=EDGE_LOOP('',(#1855,#1856,#1857,#1858));
#463=EDGE_LOOP('',(#1859,#1860,#1861,#1862));
#464=EDGE_LOOP('',(#1863,#1864,#1865,#1866));
#465=EDGE_LOOP('',(#1867,#1868,#1869,#1870,#1871,#1872,#1873,#1874));
#466=EDGE_LOOP('',(#1875,#1876,#1877,#1878));
#467=EDGE_LOOP('',(#1879));
#468=EDGE_LOOP('',(#1880,#1881,#1882,#1883));
#469=EDGE_LOOP('',(#1884,#1885,#1886,#1887));
#470=EDGE_LOOP('',(#1888,#1889,#1890,#1891));
#471=EDGE_LOOP('',(#1892,#1893,#1894,#1895));
#472=EDGE_LOOP('',(#1896,#1897,#1898,#1899));
#473=EDGE_LOOP('',(#1900,#1901,#1902,#1903));
#474=EDGE_LOOP('',(#1904,#1905,#1906,#1907));
#475=EDGE_LOOP('',(#1908,#1909,#1910,#1911));
#476=EDGE_LOOP('',(#1912,#1913,#1914,#1915,#1916,#1917,#1918,#1919,#1920,
#1921,#1922,#1923));
#477=EDGE_LOOP('',(#1924,#1925,#1926,#1927));
#478=EDGE_LOOP('',(#1928,#1929,#1930,#1931));
#479=EDGE_LOOP('',(#1932,#1933,#1934,#1935,#1936,#1937,#1938,#1939));
#480=EDGE_LOOP('',(#1940,#1941,#1942,#1943,#1944,#1945,#1946,#1947,#1948,
#1949,#1950,#1951,#1952,#1953,#1954,#1955,#1956,#1957));
#481=EDGE_LOOP('',(#1958,#1959,#1960,#1961,#1962,#1963,#1964,#1965,#1966,
#1967,#1968,#1969));
#482=EDGE_LOOP('',(#1970,#1971,#1972,#1973));
#483=EDGE_LOOP('',(#1974,#1975,#1976,#1977,#1978,#1979,#1980,#1981));
#484=EDGE_LOOP('',(#1982,#1983,#1984,#1985,#1986,#1987,#1988,#1989,#1990,
#1991,#1992,#1993,#1994,#1995,#1996,#1997));
#485=EDGE_LOOP('',(#1998));
#486=EDGE_LOOP('',(#1999));
#487=EDGE_LOOP('',(#2000));
#488=EDGE_LOOP('',(#2001));
#489=EDGE_LOOP('',(#2002,#2003,#2004,#2005));
#490=EDGE_LOOP('',(#2006,#2007,#2008,#2009));
#491=EDGE_LOOP('',(#2010,#2011,#2012,#2013));
#492=EDGE_LOOP('',(#2014,#2015,#2016,#2017));
#493=EDGE_LOOP('',(#2018,#2019,#2020,#2021));
#494=EDGE_LOOP('',(#2022,#2023,#2024,#2025));
#495=EDGE_LOOP('',(#2026,#2027,#2028,#2029));
#496=LINE('',#2975,#679);
#497=LINE('',#2982,#680);
#498=LINE('',#3000,#681);
#499=LINE('',#3023,#682);
#500=LINE('',#3031,#683);
#501=LINE('',#3033,#684);
#502=LINE('',#3034,#685);
#503=LINE('',#3037,#686);
#504=LINE('',#3039,#687);
#505=LINE('',#3040,#688);
#506=LINE('',#3043,#689);
#507=LINE('',#3045,#690);
#508=LINE('',#3046,#691);
#509=LINE('',#3064,#692);
#510=LINE('',#3087,#693);
#511=LINE('',#3095,#694);
#512=LINE('',#3097,#695);
#513=LINE('',#3098,#696);
#514=LINE('',#3101,#697);
#515=LINE('',#3103,#698);
#516=LINE('',#3104,#699);
#517=LINE('',#3107,#700);
#518=LINE('',#3109,#701);
#519=LINE('',#3110,#702);
#520=LINE('',#3128,#703);
#521=LINE('',#3151,#704);
#522=LINE('',#3174,#705);
#523=LINE('',#3197,#706);
#524=LINE('',#3220,#707);
#525=LINE('',#3228,#708);
#526=LINE('',#3230,#709);
#527=LINE('',#3231,#710);
#528=LINE('',#3256,#711);
#529=LINE('',#3258,#712);
#530=LINE('',#3260,#713);
#531=LINE('',#3261,#714);
#532=LINE('',#3264,#715);
#533=LINE('',#3266,#716);
#534=LINE('',#3267,#717);
#535=LINE('',#3270,#718);
#536=LINE('',#3272,#719);
#537=LINE('',#3273,#720);
#538=LINE('',#3276,#721);
#539=LINE('',#3278,#722);
#540=LINE('',#3279,#723);
#541=LINE('',#3282,#724);
#542=LINE('',#3284,#725);
#543=LINE('',#3285,#726);
#544=LINE('',#3288,#727);
#545=LINE('',#3290,#728);
#546=LINE('',#3291,#729);
#547=LINE('',#3294,#730);
#548=LINE('',#3296,#731);
#549=LINE('',#3297,#732);
#550=LINE('',#3300,#733);
#551=LINE('',#3302,#734);
#552=LINE('',#3303,#735);
#553=LINE('',#3306,#736);
#554=LINE('',#3308,#737);
#555=LINE('',#3309,#738);
#556=LINE('',#3312,#739);
#557=LINE('',#3314,#740);
#558=LINE('',#3315,#741);
#559=LINE('',#3318,#742);
#560=LINE('',#3320,#743);
#561=LINE('',#3321,#744);
#562=LINE('',#3323,#745);
#563=LINE('',#3324,#746);
#564=LINE('',#3359,#747);
#565=LINE('',#3362,#748);
#566=LINE('',#3442,#749);
#567=LINE('',#3443,#750);
#568=LINE('',#3535,#751);
#569=LINE('',#3536,#752);
#570=LINE('',#3609,#753);
#571=LINE('',#3610,#754);
#572=LINE('',#3613,#755);
#573=LINE('',#3616,#756);
#574=LINE('',#3619,#757);
#575=LINE('',#3627,#758);
#576=LINE('',#3631,#759);
#577=LINE('',#3635,#760);
#578=LINE('',#3638,#761);
#579=LINE('',#3646,#762);
#580=LINE('',#3647,#763);
#581=LINE('',#3656,#764);
#582=LINE('',#3665,#765);
#583=LINE('',#3674,#766);
#584=LINE('',#3683,#767);
#585=LINE('',#3690,#768);
#586=LINE('',#3694,#769);
#587=LINE('',#3698,#770);
#588=LINE('',#3702,#771);
#589=LINE('',#3709,#772);
#590=LINE('',#3712,#773);
#591=LINE('',#3715,#774);
#592=LINE('',#3717,#775);
#593=LINE('',#3719,#776);
#594=LINE('',#3720,#777);
#595=LINE('',#3723,#778);
#596=LINE('',#3724,#779);
#597=LINE('',#3727,#780);
#598=LINE('',#3728,#781);
#599=LINE('',#3731,#782);
#600=LINE('',#3733,#783);
#601=LINE('',#3735,#784);
#602=LINE('',#3737,#785);
#603=LINE('',#3739,#786);
#604=LINE('',#3740,#787);
#605=LINE('',#3746,#788);
#606=LINE('',#3749,#789);
#607=LINE('',#3752,#790);
#608=LINE('',#3754,#791);
#609=LINE('',#3756,#792);
#610=LINE('',#3757,#793);
#611=LINE('',#3760,#794);
#612=LINE('',#3761,#795);
#613=LINE('',#3764,#796);
#614=LINE('',#3765,#797);
#615=LINE('',#3767,#798);
#616=LINE('',#3769,#799);
#617=LINE('',#3770,#800);
#618=LINE('',#3775,#801);
#619=LINE('',#3779,#802);
#620=LINE('',#3783,#803);
#621=LINE('',#3786,#804);
#622=LINE('',#3792,#805);
#623=LINE('',#3795,#806);
#624=LINE('',#3797,#807);
#625=LINE('',#3799,#808);
#626=LINE('',#3800,#809);
#627=LINE('',#3803,#810);
#628=LINE('',#3804,#811);
#629=LINE('',#3806,#812);
#630=LINE('',#3809,#813);
#631=LINE('',#3811,#814);
#632=LINE('',#3813,#815);
#633=LINE('',#3815,#816);
#634=LINE('',#3816,#817);
#635=LINE('',#3824,#818);
#636=LINE('',#3827,#819);
#637=LINE('',#3829,#820);
#638=LINE('',#3831,#821);
#639=LINE('',#3832,#822);
#640=LINE('',#3834,#823);
#641=LINE('',#3837,#824);
#642=LINE('',#3838,#825);
#643=LINE('',#3840,#826);
#644=LINE('',#3841,#827);
#645=LINE('',#3847,#828);
#646=LINE('',#3850,#829);
#647=LINE('',#3861,#830);
#648=LINE('',#3862,#831);
#649=LINE('',#3873,#832);
#650=LINE('',#3874,#833);
#651=LINE('',#3885,#834);
#652=LINE('',#3886,#835);
#653=LINE('',#3891,#836);
#654=LINE('',#3892,#837);
#655=LINE('',#3894,#838);
#656=LINE('',#3896,#839);
#657=LINE('',#3898,#840);
#658=LINE('',#3902,#841);
#659=LINE('',#3904,#842);
#660=LINE('',#3906,#843);
#661=LINE('',#3907,#844);
#662=LINE('',#3911,#845);
#663=LINE('',#3913,#846);
#664=LINE('',#3915,#847);
#665=LINE('',#3916,#848);
#666=LINE('',#3941,#849);
#667=LINE('',#3942,#850);
#668=LINE('',#3959,#851);
#669=LINE('',#3985,#852);
#670=LINE('',#3988,#853);
#671=LINE('',#3990,#854);
#672=LINE('',#3991,#855);
#673=LINE('',#3996,#856);
#674=LINE('',#4003,#857);
#675=LINE('',#4006,#858);
#676=LINE('',#4009,#859);
#677=LINE('',#4010,#860);
#678=LINE('',#4013,#861);
#679=VECTOR('',#2379,10.);
#680=VECTOR('',#2380,10.);
#681=VECTOR('',#2381,10.);
#682=VECTOR('',#2382,10.);
#683=VECTOR('',#2385,10.);
#684=VECTOR('',#2386,10.);
#685=VECTOR('',#2387,10.);
#686=VECTOR('',#2390,10.);
#687=VECTOR('',#2391,10.);
#688=VECTOR('',#2392,10.);
#689=VECTOR('',#2395,10.);
#690=VECTOR('',#2396,10.);
#691=VECTOR('',#2397,10.);
#692=VECTOR('',#2398,10.);
#693=VECTOR('',#2399,10.);
#694=VECTOR('',#2402,10.);
#695=VECTOR('',#2403,10.);
#696=VECTOR('',#2404,10.);
#697=VECTOR('',#2407,10.);
#698=VECTOR('',#2408,10.);
#699=VECTOR('',#2409,10.);
#700=VECTOR('',#2412,10.);
#701=VECTOR('',#2413,10.);
#702=VECTOR('',#2414,10.);
#703=VECTOR('',#2415,10.);
#704=VECTOR('',#2416,10.);
#705=VECTOR('',#2417,10.);
#706=VECTOR('',#2418,10.);
#707=VECTOR('',#2419,10.);
#708=VECTOR('',#2422,10.);
#709=VECTOR('',#2423,10.);
#710=VECTOR('',#2424,10.);
#711=VECTOR('',#2429,10.);
#712=VECTOR('',#2430,10.);
#713=VECTOR('',#2431,10.);
#714=VECTOR('',#2432,10.);
#715=VECTOR('',#2435,10.);
#716=VECTOR('',#2436,10.);
#717=VECTOR('',#2437,10.);
#718=VECTOR('',#2440,10.);
#719=VECTOR('',#2441,10.);
#720=VECTOR('',#2442,10.);
#721=VECTOR('',#2445,10.);
#722=VECTOR('',#2446,10.);
#723=VECTOR('',#2447,10.);
#724=VECTOR('',#2450,10.);
#725=VECTOR('',#2451,10.);
#726=VECTOR('',#2452,10.);
#727=VECTOR('',#2455,10.);
#728=VECTOR('',#2456,10.);
#729=VECTOR('',#2457,10.);
#730=VECTOR('',#2460,10.);
#731=VECTOR('',#2461,10.);
#732=VECTOR('',#2462,10.);
#733=VECTOR('',#2465,10.);
#734=VECTOR('',#2466,10.);
#735=VECTOR('',#2467,10.);
#736=VECTOR('',#2470,10.);
#737=VECTOR('',#2471,10.);
#738=VECTOR('',#2472,10.);
#739=VECTOR('',#2475,10.);
#740=VECTOR('',#2476,10.);
#741=VECTOR('',#2477,10.);
#742=VECTOR('',#2480,10.);
#743=VECTOR('',#2481,10.);
#744=VECTOR('',#2482,10.);
#745=VECTOR('',#2485,10.);
#746=VECTOR('',#2486,10.);
#747=VECTOR('',#2509,10.);
#748=VECTOR('',#2512,10.);
#749=VECTOR('',#2517,10.);
#750=VECTOR('',#2518,10.);
#751=VECTOR('',#2541,10.);
#752=VECTOR('',#2542,10.);
#753=VECTOR('',#2547,10.);
#754=VECTOR('',#2548,10.);
#755=VECTOR('',#2551,10.);
#756=VECTOR('',#2554,1.5);
#757=VECTOR('',#2557,10.);
#758=VECTOR('',#2570,10.);
#759=VECTOR('',#2575,10.);
#760=VECTOR('',#2578,10.);
#761=VECTOR('',#2581,10.);
#762=VECTOR('',#2592,1.5);
#763=VECTOR('',#2593,10.);
#764=VECTOR('',#2606,1.9);
#765=VECTOR('',#2617,1.9);
#766=VECTOR('',#2628,1.9);
#767=VECTOR('',#2639,1.9);
#768=VECTOR('',#2648,1.6);
#769=VECTOR('',#2653,1.6);
#770=VECTOR('',#2658,1.6);
#771=VECTOR('',#2663,1.6);
#772=VECTOR('',#2670,10.);
#773=VECTOR('',#2673,10.);
#774=VECTOR('',#2676,10.);
#775=VECTOR('',#2677,10.);
#776=VECTOR('',#2678,10.);
#777=VECTOR('',#2679,10.);
#778=VECTOR('',#2682,10.);
#779=VECTOR('',#2683,10.);
#780=VECTOR('',#2686,10.);
#781=VECTOR('',#2687,10.);
#782=VECTOR('',#2690,10.);
#783=VECTOR('',#2691,10.);
#784=VECTOR('',#2692,10.);
#785=VECTOR('',#2693,10.);
#786=VECTOR('',#2694,10.);
#787=VECTOR('',#2695,10.);
#788=VECTOR('',#2700,10.);
#789=VECTOR('',#2703,10.);
#790=VECTOR('',#2706,10.);
#791=VECTOR('',#2707,10.);
#792=VECTOR('',#2708,10.);
#793=VECTOR('',#2709,10.);
#794=VECTOR('',#2712,10.);
#795=VECTOR('',#2713,10.);
#796=VECTOR('',#2716,10.);
#797=VECTOR('',#2717,10.);
#798=VECTOR('',#2720,10.);
#799=VECTOR('',#2721,10.);
#800=VECTOR('',#2722,10.);
#801=VECTOR('',#2725,10.);
#802=VECTOR('',#2728,10.);
#803=VECTOR('',#2731,10.);
#804=VECTOR('',#2734,10.);
#805=VECTOR('',#2739,10.);
#806=VECTOR('',#2742,10.);
#807=VECTOR('',#2745,10.);
#808=VECTOR('',#2746,10.);
#809=VECTOR('',#2747,10.);
#810=VECTOR('',#2750,10.);
#811=VECTOR('',#2751,10.);
#812=VECTOR('',#2754,10.);
#813=VECTOR('',#2757,10.);
#814=VECTOR('',#2758,10.);
#815=VECTOR('',#2759,10.);
#816=VECTOR('',#2760,10.);
#817=VECTOR('',#2761,10.);
#818=VECTOR('',#2768,10.);
#819=VECTOR('',#2771,10.);
#820=VECTOR('',#2774,10.);
#821=VECTOR('',#2775,10.);
#822=VECTOR('',#2776,10.);
#823=VECTOR('',#2779,10.);
#824=VECTOR('',#2782,10.);
#825=VECTOR('',#2783,10.);
#826=VECTOR('',#2786,10.);
#827=VECTOR('',#2787,10.);
#828=VECTOR('',#2792,10.);
#829=VECTOR('',#2795,10.);
#830=VECTOR('',#2808,10.);
#831=VECTOR('',#2809,10.);
#832=VECTOR('',#2822,10.);
#833=VECTOR('',#2823,10.);
#834=VECTOR('',#2836,10.);
#835=VECTOR('',#2837,10.);
#836=VECTOR('',#2846,10.);
#837=VECTOR('',#2847,10.);
#838=VECTOR('',#2850,10.);
#839=VECTOR('',#2853,10.);
#840=VECTOR('',#2856,10.);
#841=VECTOR('',#2859,10.);
#842=VECTOR('',#2860,10.);
#843=VECTOR('',#2861,10.);
#844=VECTOR('',#2862,10.);
#845=VECTOR('',#2865,10.);
#846=VECTOR('',#2866,10.);
#847=VECTOR('',#2867,10.);
#848=VECTOR('',#2868,10.);
#849=VECTOR('',#2887,10.);
#850=VECTOR('',#2888,10.);
#851=VECTOR('',#2899,10.);
#852=VECTOR('',#2912,10.);
#853=VECTOR('',#2915,10.);
#854=VECTOR('',#2916,10.);
#855=VECTOR('',#2917,10.);
#856=VECTOR('',#2924,10.);
#857=VECTOR('',#2935,10.);
#858=VECTOR('',#2940,10.);
#859=VECTOR('',#2945,10.);
#860=VECTOR('',#2946,10.);
#861=VECTOR('',#2951,10.);
#862=B_SPLINE_CURVE_WITH_KNOTS('',3,(#2969,#2970,#2971,#2972,#2973),
 .UNSPECIFIED.,.F.,.F.,(4,1,4),(0.,0.0255599383547311,0.0530790477314276),
 .UNSPECIFIED.);
#863=B_SPLINE_CURVE_WITH_KNOTS('',3,(#2977,#2978,#2979,#2980,#2981),
 .UNSPECIFIED.,.F.,.F.,(4,1,4),(0.,0.0255599383547311,0.0530790477314276),
 .UNSPECIFIED.);
#864=B_SPLINE_CURVE_WITH_KNOTS('',3,(#2994,#2995,#2996,#2997,#2998),
 .UNSPECIFIED.,.F.,.F.,(4,1,4),(0.,0.0315944617224425,0.0585175209443421),
 .UNSPECIFIED.);
#865=B_SPLINE_CURVE_WITH_KNOTS('',3,(#3001,#3002,#3003,#3004,#3005),
 .UNSPECIFIED.,.F.,.F.,(4,1,4),(0.,0.0315944617224425,0.0585175209443421),
 .UNSPECIFIED.);
#866=B_SPLINE_CURVE_WITH_KNOTS('',3,(#3017,#3018,#3019,#3020,#3021),
 .UNSPECIFIED.,.F.,.F.,(4,1,4),(0.,0.0541048239590642,0.0891633199065107),
 .UNSPECIFIED.);
#867=B_SPLINE_CURVE_WITH_KNOTS('',3,(#3024,#3025,#3026,#3027,#3028),
 .UNSPECIFIED.,.F.,.F.,(4,1,4),(0.,0.0541048239590642,0.0891633199065107),
 .UNSPECIFIED.);
#868=B_SPLINE_CURVE_WITH_KNOTS('',3,(#3058,#3059,#3060,#3061,#3062),
 .UNSPECIFIED.,.F.,.F.,(4,1,4),(0.,0.0433597714857591,0.0863396134877422),
 .UNSPECIFIED.);
#869=B_SPLINE_CURVE_WITH_KNOTS('',3,(#3065,#3066,#3067,#3068,#3069),
 .UNSPECIFIED.,.F.,.F.,(4,1,4),(0.,0.0433597714857591,0.0863396134877422),
 .UNSPECIFIED.);
#870=B_SPLINE_CURVE_WITH_KNOTS('',3,(#3081,#3082,#3083,#3084,#3085),
 .UNSPECIFIED.,.F.,.F.,(4,1,4),(0.,0.0432231657407053,0.0879404102216028),
 .UNSPECIFIED.);
#871=B_SPLINE_CURVE_WITH_KNOTS('',3,(#3088,#3089,#3090,#3091,#3092),
 .UNSPECIFIED.,.F.,.F.,(4,1,4),(0.,0.0432231657407053,0.0879404102216028),
 .UNSPECIFIED.);
#872=B_SPLINE_CURVE_WITH_KNOTS('',3,(#3122,#3123,#3124,#3125,#3126),
 .UNSPECIFIED.,.F.,.F.,(4,1,4),(0.,0.00668786168186366,0.0159689585100509),
 .UNSPECIFIED.);
#873=B_SPLINE_CURVE_WITH_KNOTS('',3,(#3129,#3130,#3131,#3132,#3133),
 .UNSPECIFIED.,.F.,.F.,(4,1,4),(0.,0.00668786168186366,0.0159689585100509),
 .UNSPECIFIED.);
#874=B_SPLINE_CURVE_WITH_KNOTS('',3,(#3145,#3146,#3147,#3148,#3149),
 .UNSPECIFIED.,.F.,.F.,(4,1,4),(0.,0.0177355170059879,0.0494408461879228),
 .UNSPECIFIED.);
#875=B_SPLINE_CURVE_WITH_KNOTS('',3,(#3152,#3153,#3154,#3155,#3156),
 .UNSPECIFIED.,.F.,.F.,(4,1,4),(0.,0.0177355170059879,0.0494408461879228),
 .UNSPECIFIED.);
#876=B_SPLINE_CURVE_WITH_KNOTS('',3,(#3168,#3169,#3170,#3171,#3172),
 .UNSPECIFIED.,.F.,.F.,(4,1,4),(0.,0.0138480830923733,0.0279644187781802),
 .UNSPECIFIED.);
#877=B_SPLINE_CURVE_WITH_KNOTS('',3,(#3175,#3176,#3177,#3178,#3179),
 .UNSPECIFIED.,.F.,.F.,(4,1,4),(0.,0.0138480830923733,0.0279644187781802),
 .UNSPECIFIED.);
#878=B_SPLINE_CURVE_WITH_KNOTS('',3,(#3191,#3192,#3193,#3194,#3195),
 .UNSPECIFIED.,.F.,.F.,(4,1,4),(0.,0.0184961429453422,0.0337069526184627),
 .UNSPECIFIED.);
#879=B_SPLINE_CURVE_WITH_KNOTS('',3,(#3198,#3199,#3200,#3201,#3202),
 .UNSPECIFIED.,.F.,.F.,(4,1,4),(0.,0.0184961429453422,0.0337069526184627),
 .UNSPECIFIED.);
#880=B_SPLINE_CURVE_WITH_KNOTS('',3,(#3214,#3215,#3216,#3217,#3218),
 .UNSPECIFIED.,.F.,.F.,(4,1,4),(0.,0.0192831090701476,0.0356260446955534),
 .UNSPECIFIED.);
#881=B_SPLINE_CURVE_WITH_KNOTS('',3,(#3221,#3222,#3223,#3224,#3225),
 .UNSPECIFIED.,.F.,.F.,(4,1,4),(0.,0.0192831090701476,0.0356260446955534),
 .UNSPECIFIED.);
#882=B_SPLINE_CURVE_WITH_KNOTS('',3,(#3242,#3243,#3244,#3245,#3246),
 .UNSPECIFIED.,.F.,.F.,(4,1,4),(0.,0.0188520971178655,0.0404046380096947),
 .UNSPECIFIED.);
#883=B_SPLINE_CURVE_WITH_KNOTS('',3,(#3247,#3248,#3249,#3250,#3251),
 .UNSPECIFIED.,.F.,.F.,(4,1,4),(0.,0.0188520971178655,0.0404046380096947),
 .UNSPECIFIED.);
#884=B_SPLINE_CURVE_WITH_KNOTS('',3,(#3334,#3335,#3336,#3337,#3338,#3339,
#3340,#3341,#3342,#3343,#3344,#3345,#3346,#3347),.UNSPECIFIED.,.F.,.F.,
(4,2,2,2,2,2,4),(-0.000957755600622947,0.,0.0431992910674696,0.0863779854145532,
0.167940959469996,0.244832487239399,0.317962815588101),.UNSPECIFIED.);
#885=B_SPLINE_CURVE_WITH_KNOTS('',3,(#3416,#3417,#3418,#3419,#3420,#3421,
#3422,#3423,#3424,#3425),.UNSPECIFIED.,.F.,.F.,(4,1,1,1,1,1,1,4),(-0.581286139563916,
-0.498245262483357,-0.415204385402797,-0.332163508322238,-0.249122631241679,
-0.166081754161119,-0.0830408770805601,-8.00696957296079E-16),
 .UNSPECIFIED.);
#886=B_SPLINE_CURVE_WITH_KNOTS('',3,(#3427,#3428,#3429,#3430,#3431,#3432,
#3433),.UNSPECIFIED.,.F.,.F.,(4,1,1,1,4),(8.00696957296079E-16,0.0830408770805601,
0.166081754161119,0.249122631241679,0.290636100448066),.UNSPECIFIED.);
#887=B_SPLINE_CURVE_WITH_KNOTS('',3,(#3434,#3435,#3436,#3437,#3438,#3439,
#3440),.UNSPECIFIED.,.F.,.F.,(4,1,1,1,4),(0.290701522274907,0.332163508322238,
0.415204385402797,0.498245262483357,0.581286139563916),.UNSPECIFIED.);
#888=B_SPLINE_CURVE_WITH_KNOTS('',3,(#3449,#3450,#3451,#3452,#3453,#3454,
#3455,#3456,#3457,#3458,#3459,#3460,#3461,#3462),.UNSPECIFIED.,.F.,.F.,
(4,2,2,2,2,2,4),(-0.000957755600622228,0.,0.0431992910674606,0.0863779854145282,
0.167940959469936,0.2448324872393,0.317962815587971),.UNSPECIFIED.);
#889=B_SPLINE_CURVE_WITH_KNOTS('',3,(#3492,#3493,#3494,#3495),
 .UNSPECIFIED.,.F.,.F.,(4,4),(-0.189413180685121,-1.11265315347636E-16),
 .UNSPECIFIED.);
#890=B_SPLINE_CURVE_WITH_KNOTS('',3,(#3496,#3497,#3498,#3499),
 .UNSPECIFIED.,.F.,.F.,(4,4),(1.11265315347636E-16,0.189413180685121),
 .UNSPECIFIED.);
#891=B_SPLINE_CURVE_WITH_KNOTS('',3,(#3521,#3522,#3523,#3524),
 .UNSPECIFIED.,.F.,.F.,(4,4),(-0.189413180685121,0.),.UNSPECIFIED.);
#892=B_SPLINE_CURVE_WITH_KNOTS('',3,(#3527,#3528,#3529,#3530),
 .UNSPECIFIED.,.F.,.F.,(4,4),(0.,0.189413180685121),.UNSPECIFIED.);
#893=B_SPLINE_CURVE_WITH_KNOTS('',3,(#3585,#3586,#3587,#3588,#3589,#3590,
#3591,#3592,#3593),.UNSPECIFIED.,.F.,.F.,(4,1,1,1,1,1,4),(-0.576955060065528,
-0.494532908627595,-0.412110757189663,-0.32968860575173,-0.247266454313798,
-0.164844302875865,0.),.UNSPECIFIED.);
#894=B_SPLINE_CURVE_WITH_KNOTS('',3,(#3595,#3596,#3597,#3598,#3599,#3600),
 .UNSPECIFIED.,.F.,.F.,(4,1,1,4),(0.,0.164844302875865,0.247266454313798,
0.288744199132541),.UNSPECIFIED.);
#895=B_SPLINE_CURVE_WITH_KNOTS('',3,(#3601,#3602,#3603,#3604,#3605,#3606,
#3607),.UNSPECIFIED.,.F.,.F.,(4,1,1,1,4),(0.288744199132541,0.32968860575173,
0.412110757189663,0.494532908627595,0.576955060065528),.UNSPECIFIED.);
#896=VERTEX_POINT('',#2967);
#897=VERTEX_POINT('',#2968);
#898=VERTEX_POINT('',#2974);
#899=VERTEX_POINT('',#2976);
#900=VERTEX_POINT('',#2993);
#901=VERTEX_POINT('',#2999);
#902=VERTEX_POINT('',#3016);
#903=VERTEX_POINT('',#3022);
#904=VERTEX_POINT('',#3030);
#905=VERTEX_POINT('',#3032);
#906=VERTEX_POINT('',#3036);
#907=VERTEX_POINT('',#3038);
#908=VERTEX_POINT('',#3042);
#909=VERTEX_POINT('',#3044);
#910=VERTEX_POINT('',#3057);
#911=VERTEX_POINT('',#3063);
#912=VERTEX_POINT('',#3080);
#913=VERTEX_POINT('',#3086);
#914=VERTEX_POINT('',#3094);
#915=VERTEX_POINT('',#3096);
#916=VERTEX_POINT('',#3100);
#917=VERTEX_POINT('',#3102);
#918=VERTEX_POINT('',#3106);
#919=VERTEX_POINT('',#3108);
#920=VERTEX_POINT('',#3121);
#921=VERTEX_POINT('',#3127);
#922=VERTEX_POINT('',#3144);
#923=VERTEX_POINT('',#3150);
#924=VERTEX_POINT('',#3167);
#925=VERTEX_POINT('',#3173);
#926=VERTEX_POINT('',#3190);
#927=VERTEX_POINT('',#3196);
#928=VERTEX_POINT('',#3213);
#929=VERTEX_POINT('',#3219);
#930=VERTEX_POINT('',#3227);
#931=VERTEX_POINT('',#3229);
#932=VERTEX_POINT('',#3254);
#933=VERTEX_POINT('',#3255);
#934=VERTEX_POINT('',#3257);
#935=VERTEX_POINT('',#3259);
#936=VERTEX_POINT('',#3263);
#937=VERTEX_POINT('',#3265);
#938=VERTEX_POINT('',#3269);
#939=VERTEX_POINT('',#3271);
#940=VERTEX_POINT('',#3275);
#941=VERTEX_POINT('',#3277);
#942=VERTEX_POINT('',#3281);
#943=VERTEX_POINT('',#3283);
#944=VERTEX_POINT('',#3287);
#945=VERTEX_POINT('',#3289);
#946=VERTEX_POINT('',#3293);
#947=VERTEX_POINT('',#3295);
#948=VERTEX_POINT('',#3299);
#949=VERTEX_POINT('',#3301);
#950=VERTEX_POINT('',#3305);
#951=VERTEX_POINT('',#3307);
#952=VERTEX_POINT('',#3311);
#953=VERTEX_POINT('',#3313);
#954=VERTEX_POINT('',#3317);
#955=VERTEX_POINT('',#3319);
#956=VERTEX_POINT('',#3327);
#957=VERTEX_POINT('',#3328);
#958=VERTEX_POINT('',#3330);
#959=VERTEX_POINT('',#3332);
#960=VERTEX_POINT('',#3349);
#961=VERTEX_POINT('',#3351);
#962=VERTEX_POINT('',#3355);
#963=VERTEX_POINT('',#3356);
#964=VERTEX_POINT('',#3358);
#965=VERTEX_POINT('',#3360);
#966=VERTEX_POINT('',#3413);
#967=VERTEX_POINT('',#3414);
#968=VERTEX_POINT('',#3426);
#969=VERTEX_POINT('',#3445);
#970=VERTEX_POINT('',#3447);
#971=VERTEX_POINT('',#3464);
#972=VERTEX_POINT('',#3466);
#973=VERTEX_POINT('',#3489);
#974=VERTEX_POINT('',#3490);
#975=VERTEX_POINT('',#3520);
#976=VERTEX_POINT('',#3525);
#977=VERTEX_POINT('',#3532);
#978=VERTEX_POINT('',#3533);
#979=VERTEX_POINT('',#3582);
#980=VERTEX_POINT('',#3583);
#981=VERTEX_POINT('',#3594);
#982=VERTEX_POINT('',#3612);
#983=VERTEX_POINT('',#3614);
#984=VERTEX_POINT('',#3618);
#985=VERTEX_POINT('',#3626);
#986=VERTEX_POINT('',#3630);
#987=VERTEX_POINT('',#3632);
#988=VERTEX_POINT('',#3634);
#989=VERTEX_POINT('',#3636);
#990=VERTEX_POINT('',#3640);
#991=VERTEX_POINT('',#3641);
#992=VERTEX_POINT('',#3653);
#993=VERTEX_POINT('',#3655);
#994=VERTEX_POINT('',#3659);
#995=VERTEX_POINT('',#3662);
#996=VERTEX_POINT('',#3664);
#997=VERTEX_POINT('',#3668);
#998=VERTEX_POINT('',#3671);
#999=VERTEX_POINT('',#3673);
#1000=VERTEX_POINT('',#3677);
#1001=VERTEX_POINT('',#3680);
#1002=VERTEX_POINT('',#3682);
#1003=VERTEX_POINT('',#3686);
#1004=VERTEX_POINT('',#3689);
#1005=VERTEX_POINT('',#3693);
#1006=VERTEX_POINT('',#3697);
#1007=VERTEX_POINT('',#3701);
#1008=VERTEX_POINT('',#3705);
#1009=VERTEX_POINT('',#3706);
#1010=VERTEX_POINT('',#3708);
#1011=VERTEX_POINT('',#3710);
#1012=VERTEX_POINT('',#3714);
#1013=VERTEX_POINT('',#3716);
#1014=VERTEX_POINT('',#3718);
#1015=VERTEX_POINT('',#3722);
#1016=VERTEX_POINT('',#3726);
#1017=VERTEX_POINT('',#3730);
#1018=VERTEX_POINT('',#3732);
#1019=VERTEX_POINT('',#3734);
#1020=VERTEX_POINT('',#3736);
#1021=VERTEX_POINT('',#3738);
#1022=VERTEX_POINT('',#3742);
#1023=VERTEX_POINT('',#3743);
#1024=VERTEX_POINT('',#3745);
#1025=VERTEX_POINT('',#3747);
#1026=VERTEX_POINT('',#3751);
#1027=VERTEX_POINT('',#3753);
#1028=VERTEX_POINT('',#3755);
#1029=VERTEX_POINT('',#3759);
#1030=VERTEX_POINT('',#3763);
#1031=VERTEX_POINT('',#3768);
#1032=VERTEX_POINT('',#3771);
#1033=VERTEX_POINT('',#3772);
#1034=VERTEX_POINT('',#3774);
#1035=VERTEX_POINT('',#3776);
#1036=VERTEX_POINT('',#3778);
#1037=VERTEX_POINT('',#3780);
#1038=VERTEX_POINT('',#3782);
#1039=VERTEX_POINT('',#3784);
#1040=VERTEX_POINT('',#3788);
#1041=VERTEX_POINT('',#3789);
#1042=VERTEX_POINT('',#3791);
#1043=VERTEX_POINT('',#3793);
#1044=VERTEX_POINT('',#3798);
#1045=VERTEX_POINT('',#3802);
#1046=VERTEX_POINT('',#3808);
#1047=VERTEX_POINT('',#3810);
#1048=VERTEX_POINT('',#3812);
#1049=VERTEX_POINT('',#3814);
#1050=VERTEX_POINT('',#3817);
#1051=VERTEX_POINT('',#3820);
#1052=VERTEX_POINT('',#3821);
#1053=VERTEX_POINT('',#3823);
#1054=VERTEX_POINT('',#3825);
#1055=VERTEX_POINT('',#3830);
#1056=VERTEX_POINT('',#3836);
#1057=VERTEX_POINT('',#3843);
#1058=VERTEX_POINT('',#3844);
#1059=VERTEX_POINT('',#3846);
#1060=VERTEX_POINT('',#3848);
#1061=VERTEX_POINT('',#3852);
#1062=VERTEX_POINT('',#3853);
#1063=VERTEX_POINT('',#3858);
#1064=VERTEX_POINT('',#3859);
#1065=VERTEX_POINT('',#3864);
#1066=VERTEX_POINT('',#3865);
#1067=VERTEX_POINT('',#3870);
#1068=VERTEX_POINT('',#3871);
#1069=VERTEX_POINT('',#3876);
#1070=VERTEX_POINT('',#3877);
#1071=VERTEX_POINT('',#3882);
#1072=VERTEX_POINT('',#3883);
#1073=VERTEX_POINT('',#3900);
#1074=VERTEX_POINT('',#3901);
#1075=VERTEX_POINT('',#3903);
#1076=VERTEX_POINT('',#3905);
#1077=VERTEX_POINT('',#3909);
#1078=VERTEX_POINT('',#3910);
#1079=VERTEX_POINT('',#3912);
#1080=VERTEX_POINT('',#3914);
#1081=VERTEX_POINT('',#3917);
#1082=VERTEX_POINT('',#3930);
#1083=VERTEX_POINT('',#3932);
#1084=VERTEX_POINT('',#3934);
#1085=VERTEX_POINT('',#3938);
#1086=VERTEX_POINT('',#3939);
#1087=VERTEX_POINT('',#3952);
#1088=VERTEX_POINT('',#3957);
#1089=VERTEX_POINT('',#3980);
#1090=VERTEX_POINT('',#3987);
#1091=VERTEX_POINT('',#3989);
#1092=VERTEX_POINT('',#3995);
#1093=VERTEX_POINT('',#4002);
#1094=EDGE_CURVE('',#896,#897,#862,.T.);
#1095=EDGE_CURVE('',#896,#898,#496,.T.);
#1096=EDGE_CURVE('',#898,#899,#863,.T.);
#1097=EDGE_CURVE('',#897,#899,#497,.T.);
#1098=EDGE_CURVE('',#900,#896,#864,.T.);
#1099=EDGE_CURVE('',#900,#901,#498,.T.);
#1100=EDGE_CURVE('',#901,#898,#865,.T.);
#1101=EDGE_CURVE('',#902,#900,#866,.T.);
#1102=EDGE_CURVE('',#902,#903,#499,.T.);
#1103=EDGE_CURVE('',#903,#901,#867,.T.);
#1104=EDGE_CURVE('',#904,#902,#500,.T.);
#1105=EDGE_CURVE('',#904,#905,#501,.T.);
#1106=EDGE_CURVE('',#905,#903,#502,.T.);
#1107=EDGE_CURVE('',#906,#904,#503,.T.);
#1108=EDGE_CURVE('',#906,#907,#504,.T.);
#1109=EDGE_CURVE('',#907,#905,#505,.T.);
#1110=EDGE_CURVE('',#908,#906,#506,.T.);
#1111=EDGE_CURVE('',#908,#909,#507,.T.);
#1112=EDGE_CURVE('',#909,#907,#508,.T.);
#1113=EDGE_CURVE('',#910,#908,#868,.T.);
#1114=EDGE_CURVE('',#910,#911,#509,.T.);
#1115=EDGE_CURVE('',#911,#909,#869,.T.);
#1116=EDGE_CURVE('',#912,#910,#870,.T.);
#1117=EDGE_CURVE('',#912,#913,#510,.T.);
#1118=EDGE_CURVE('',#913,#911,#871,.T.);
#1119=EDGE_CURVE('',#914,#912,#511,.T.);
#1120=EDGE_CURVE('',#914,#915,#512,.T.);
#1121=EDGE_CURVE('',#915,#913,#513,.T.);
#1122=EDGE_CURVE('',#916,#914,#514,.T.);
#1123=EDGE_CURVE('',#916,#917,#515,.T.);
#1124=EDGE_CURVE('',#917,#915,#516,.T.);
#1125=EDGE_CURVE('',#918,#916,#517,.T.);
#1126=EDGE_CURVE('',#918,#919,#518,.T.);
#1127=EDGE_CURVE('',#919,#917,#519,.T.);
#1128=EDGE_CURVE('',#920,#918,#872,.T.);
#1129=EDGE_CURVE('',#920,#921,#520,.T.);
#1130=EDGE_CURVE('',#921,#919,#873,.T.);
#1131=EDGE_CURVE('',#922,#920,#874,.T.);
#1132=EDGE_CURVE('',#922,#923,#521,.T.);
#1133=EDGE_CURVE('',#923,#921,#875,.T.);
#1134=EDGE_CURVE('',#924,#922,#876,.T.);
#1135=EDGE_CURVE('',#924,#925,#522,.T.);
#1136=EDGE_CURVE('',#925,#923,#877,.T.);
#1137=EDGE_CURVE('',#926,#924,#878,.T.);
#1138=EDGE_CURVE('',#926,#927,#523,.T.);
#1139=EDGE_CURVE('',#927,#925,#879,.T.);
#1140=EDGE_CURVE('',#928,#926,#880,.T.);
#1141=EDGE_CURVE('',#928,#929,#524,.T.);
#1142=EDGE_CURVE('',#929,#927,#881,.T.);
#1143=EDGE_CURVE('',#930,#928,#525,.T.);
#1144=EDGE_CURVE('',#930,#931,#526,.T.);
#1145=EDGE_CURVE('',#931,#929,#527,.T.);
#1146=EDGE_CURVE('',#897,#930,#882,.T.);
#1147=EDGE_CURVE('',#899,#931,#883,.T.);
#1148=EDGE_CURVE('',#932,#933,#528,.T.);
#1149=EDGE_CURVE('',#932,#934,#529,.T.);
#1150=EDGE_CURVE('',#934,#935,#530,.T.);
#1151=EDGE_CURVE('',#933,#935,#531,.T.);
#1152=EDGE_CURVE('',#936,#932,#532,.T.);
#1153=EDGE_CURVE('',#936,#937,#533,.T.);
#1154=EDGE_CURVE('',#937,#934,#534,.T.);
#1155=EDGE_CURVE('',#938,#936,#535,.T.);
#1156=EDGE_CURVE('',#938,#939,#536,.T.);
#1157=EDGE_CURVE('',#939,#937,#537,.T.);
#1158=EDGE_CURVE('',#940,#938,#538,.T.);
#1159=EDGE_CURVE('',#940,#941,#539,.T.);
#1160=EDGE_CURVE('',#941,#939,#540,.T.);
#1161=EDGE_CURVE('',#942,#940,#541,.T.);
#1162=EDGE_CURVE('',#942,#943,#542,.T.);
#1163=EDGE_CURVE('',#943,#941,#543,.T.);
#1164=EDGE_CURVE('',#944,#942,#544,.T.);
#1165=EDGE_CURVE('',#944,#945,#545,.T.);
#1166=EDGE_CURVE('',#945,#943,#546,.T.);
#1167=EDGE_CURVE('',#946,#944,#547,.T.);
#1168=EDGE_CURVE('',#946,#947,#548,.T.);
#1169=EDGE_CURVE('',#947,#945,#549,.T.);
#1170=EDGE_CURVE('',#948,#946,#550,.T.);
#1171=EDGE_CURVE('',#948,#949,#551,.T.);
#1172=EDGE_CURVE('',#949,#947,#552,.T.);
#1173=EDGE_CURVE('',#950,#948,#553,.T.);
#1174=EDGE_CURVE('',#950,#951,#554,.T.);
#1175=EDGE_CURVE('',#951,#949,#555,.T.);
#1176=EDGE_CURVE('',#952,#950,#556,.T.);
#1177=EDGE_CURVE('',#952,#953,#557,.T.);
#1178=EDGE_CURVE('',#953,#951,#558,.T.);
#1179=EDGE_CURVE('',#954,#952,#559,.T.);
#1180=EDGE_CURVE('',#954,#955,#560,.T.);
#1181=EDGE_CURVE('',#955,#953,#561,.T.);
#1182=EDGE_CURVE('',#933,#954,#562,.T.);
#1183=EDGE_CURVE('',#935,#955,#563,.T.);
#1184=EDGE_CURVE('',#956,#957,#74,.T.);
#1185=EDGE_CURVE('',#957,#958,#75,.T.);
#1186=EDGE_CURVE('',#958,#959,#76,.T.);
#1187=EDGE_CURVE('',#959,#956,#884,.T.);
#1188=EDGE_CURVE('',#959,#960,#77,.T.);
#1189=EDGE_CURVE('',#960,#961,#78,.T.);
#1190=EDGE_CURVE('',#961,#956,#79,.T.);
#1191=EDGE_CURVE('',#962,#963,#80,.T.);
#1192=EDGE_CURVE('',#963,#964,#564,.T.);
#1193=EDGE_CURVE('',#964,#965,#81,.T.);
#1194=EDGE_CURVE('',#965,#962,#565,.T.);
#1195=EDGE_CURVE('',#966,#967,#82,.T.);
#1196=EDGE_CURVE('',#967,#963,#885,.T.);
#1197=EDGE_CURVE('',#962,#968,#886,.T.);
#1198=EDGE_CURVE('',#968,#966,#887,.T.);
#1199=EDGE_CURVE('',#966,#961,#566,.T.);
#1200=EDGE_CURVE('',#960,#967,#567,.T.);
#1201=EDGE_CURVE('',#969,#965,#83,.T.);
#1202=EDGE_CURVE('',#964,#970,#84,.T.);
#1203=EDGE_CURVE('',#970,#969,#888,.T.);
#1204=EDGE_CURVE('',#970,#971,#85,.T.);
#1205=EDGE_CURVE('',#971,#972,#86,.T.);
#1206=EDGE_CURVE('',#972,#969,#87,.T.);
#1207=EDGE_CURVE('',#973,#974,#88,.T.);
#1208=EDGE_CURVE('',#974,#958,#889,.T.);
#1209=EDGE_CURVE('',#957,#973,#890,.T.);
#1210=EDGE_CURVE('',#971,#975,#891,.T.);
#1211=EDGE_CURVE('',#975,#976,#89,.T.);
#1212=EDGE_CURVE('',#976,#972,#892,.T.);
#1213=EDGE_CURVE('',#977,#978,#90,.T.);
#1214=EDGE_CURVE('',#978,#974,#568,.T.);
#1215=EDGE_CURVE('',#973,#977,#569,.T.);
#1216=EDGE_CURVE('',#979,#980,#91,.T.);
#1217=EDGE_CURVE('',#980,#978,#893,.T.);
#1218=EDGE_CURVE('',#977,#981,#894,.T.);
#1219=EDGE_CURVE('',#981,#979,#895,.T.);
#1220=EDGE_CURVE('',#979,#976,#570,.T.);
#1221=EDGE_CURVE('',#975,#980,#571,.T.);
#1222=EDGE_CURVE('',#982,#956,#572,.T.);
#1223=EDGE_CURVE('',#983,#982,#92,.T.);
#1224=EDGE_CURVE('',#983,#973,#573,.T.);
#1225=EDGE_CURVE('',#961,#984,#574,.T.);
#1226=EDGE_CURVE('',#984,#982,#93,.T.);
#1227=EDGE_CURVE('',#962,#966,#94,.T.);
#1228=EDGE_CURVE('',#968,#981,#95,.T.);
#1229=EDGE_CURVE('',#977,#979,#96,.T.);
#1230=EDGE_CURVE('',#985,#965,#575,.T.);
#1231=EDGE_CURVE('',#984,#985,#97,.T.);
#1232=EDGE_CURVE('',#971,#986,#576,.T.);
#1233=EDGE_CURVE('',#987,#986,#98,.T.);
#1234=EDGE_CURVE('',#987,#988,#577,.T.);
#1235=EDGE_CURVE('',#988,#989,#99,.T.);
#1236=EDGE_CURVE('',#989,#958,#578,.T.);
#1237=EDGE_CURVE('',#990,#991,#100,.T.);
#1238=EDGE_CURVE('',#991,#983,#101,.T.);
#1239=EDGE_CURVE('',#990,#982,#102,.T.);
#1240=EDGE_CURVE('',#976,#991,#579,.T.);
#1241=EDGE_CURVE('',#969,#990,#580,.T.);
#1242=EDGE_CURVE('',#985,#990,#103,.T.);
#1243=EDGE_CURVE('',#992,#992,#104,.T.);
#1244=EDGE_CURVE('',#992,#993,#581,.T.);
#1245=EDGE_CURVE('',#993,#993,#105,.T.);
#1246=EDGE_CURVE('',#994,#994,#106,.T.);
#1247=EDGE_CURVE('',#995,#995,#107,.T.);
#1248=EDGE_CURVE('',#995,#996,#582,.T.);
#1249=EDGE_CURVE('',#996,#996,#108,.T.);
#1250=EDGE_CURVE('',#997,#997,#109,.T.);
#1251=EDGE_CURVE('',#998,#998,#110,.T.);
#1252=EDGE_CURVE('',#998,#999,#583,.T.);
#1253=EDGE_CURVE('',#999,#999,#111,.T.);
#1254=EDGE_CURVE('',#1000,#1000,#112,.T.);
#1255=EDGE_CURVE('',#1001,#1001,#113,.T.);
#1256=EDGE_CURVE('',#1001,#1002,#584,.T.);
#1257=EDGE_CURVE('',#1002,#1002,#114,.T.);
#1258=EDGE_CURVE('',#1003,#1003,#115,.T.);
#1259=EDGE_CURVE('',#994,#1004,#585,.T.);
#1260=EDGE_CURVE('',#1004,#1004,#116,.T.);
#1261=EDGE_CURVE('',#997,#1005,#586,.T.);
#1262=EDGE_CURVE('',#1005,#1005,#117,.T.);
#1263=EDGE_CURVE('',#1000,#1006,#587,.T.);
#1264=EDGE_CURVE('',#1006,#1006,#118,.T.);
#1265=EDGE_CURVE('',#1003,#1007,#588,.T.);
#1266=EDGE_CURVE('',#1007,#1007,#119,.T.);
#1267=EDGE_CURVE('',#1008,#1009,#120,.T.);
#1268=EDGE_CURVE('',#1009,#1010,#589,.T.);
#1269=EDGE_CURVE('',#1010,#1011,#121,.T.);
#1270=EDGE_CURVE('',#1011,#1008,#590,.T.);
#1271=EDGE_CURVE('',#1008,#1012,#591,.T.);
#1272=EDGE_CURVE('',#1013,#1012,#592,.T.);
#1273=EDGE_CURVE('',#1014,#1013,#593,.T.);
#1274=EDGE_CURVE('',#1014,#1009,#594,.T.);
#1275=EDGE_CURVE('',#1011,#1015,#595,.T.);
#1276=EDGE_CURVE('',#1012,#1015,#596,.T.);
#1277=EDGE_CURVE('',#1016,#1014,#597,.T.);
#1278=EDGE_CURVE('',#1016,#1010,#598,.T.);
#1279=EDGE_CURVE('',#1017,#1013,#599,.T.);
#1280=EDGE_CURVE('',#1018,#1017,#600,.T.);
#1281=EDGE_CURVE('',#1018,#1019,#601,.T.);
#1282=EDGE_CURVE('',#1019,#1020,#602,.T.);
#1283=EDGE_CURVE('',#1020,#1021,#603,.T.);
#1284=EDGE_CURVE('',#1016,#1021,#604,.T.);
#1285=EDGE_CURVE('',#1022,#1023,#122,.T.);
#1286=EDGE_CURVE('',#1024,#1022,#605,.T.);
#1287=EDGE_CURVE('',#1025,#1024,#123,.T.);
#1288=EDGE_CURVE('',#1023,#1025,#606,.T.);
#1289=EDGE_CURVE('',#1026,#1023,#607,.T.);
#1290=EDGE_CURVE('',#1027,#1026,#608,.T.);
#1291=EDGE_CURVE('',#1028,#1027,#609,.T.);
#1292=EDGE_CURVE('',#1022,#1028,#610,.T.);
#1293=EDGE_CURVE('',#1029,#1028,#611,.T.);
#1294=EDGE_CURVE('',#1024,#1029,#612,.T.);
#1295=EDGE_CURVE('',#1030,#1025,#613,.T.);
#1296=EDGE_CURVE('',#1026,#1030,#614,.T.);
#1297=EDGE_CURVE('',#1029,#1015,#615,.T.);
#1298=EDGE_CURVE('',#1031,#1027,#616,.T.);
#1299=EDGE_CURVE('',#1017,#1031,#617,.T.);
#1300=EDGE_CURVE('',#1032,#1033,#124,.T.);
#1301=EDGE_CURVE('',#1033,#1034,#618,.T.);
#1302=EDGE_CURVE('',#1034,#1035,#125,.T.);
#1303=EDGE_CURVE('',#1035,#1036,#619,.T.);
#1304=EDGE_CURVE('',#1036,#1037,#126,.T.);
#1305=EDGE_CURVE('',#1037,#1038,#620,.T.);
#1306=EDGE_CURVE('',#1038,#1039,#127,.T.);
#1307=EDGE_CURVE('',#1039,#1032,#621,.T.);
#1308=EDGE_CURVE('',#1040,#1041,#128,.T.);
#1309=EDGE_CURVE('',#1042,#1040,#622,.T.);
#1310=EDGE_CURVE('',#1043,#1042,#129,.T.);
#1311=EDGE_CURVE('',#1041,#1043,#623,.T.);
#1312=EDGE_CURVE('',#1020,#1041,#624,.T.);
#1313=EDGE_CURVE('',#1044,#1019,#625,.T.);
#1314=EDGE_CURVE('',#1040,#1044,#626,.T.);
#1315=EDGE_CURVE('',#1045,#1044,#627,.T.);
#1316=EDGE_CURVE('',#1042,#1045,#628,.T.);
#1317=EDGE_CURVE('',#1021,#1043,#629,.T.);
#1318=EDGE_CURVE('',#1046,#1018,#630,.T.);
#1319=EDGE_CURVE('',#1046,#1047,#631,.T.);
#1320=EDGE_CURVE('',#1047,#1048,#632,.T.);
#1321=EDGE_CURVE('',#1048,#1049,#633,.T.);
#1322=EDGE_CURVE('',#1045,#1049,#634,.T.);
#1323=EDGE_CURVE('',#1050,#1050,#130,.T.);
#1324=EDGE_CURVE('',#1051,#1052,#131,.T.);
#1325=EDGE_CURVE('',#1052,#1053,#635,.T.);
#1326=EDGE_CURVE('',#1053,#1054,#132,.T.);
#1327=EDGE_CURVE('',#1054,#1051,#636,.T.);
#1328=EDGE_CURVE('',#1051,#1048,#637,.T.);
#1329=EDGE_CURVE('',#1055,#1047,#638,.T.);
#1330=EDGE_CURVE('',#1055,#1052,#639,.T.);
#1331=EDGE_CURVE('',#1054,#1049,#640,.T.);
#1332=EDGE_CURVE('',#1056,#1055,#641,.T.);
#1333=EDGE_CURVE('',#1056,#1053,#642,.T.);
#1334=EDGE_CURVE('',#1056,#1030,#643,.T.);
#1335=EDGE_CURVE('',#1031,#1046,#644,.T.);
#1336=EDGE_CURVE('',#1057,#1058,#133,.T.);
#1337=EDGE_CURVE('',#1058,#1059,#645,.T.);
#1338=EDGE_CURVE('',#1059,#1060,#134,.T.);
#1339=EDGE_CURVE('',#1060,#1057,#646,.T.);
#1340=EDGE_CURVE('',#1061,#1062,#135,.T.);
#1341=EDGE_CURVE('',#1062,#1060,#136,.T.);
#1342=EDGE_CURVE('',#1059,#1061,#137,.T.);
#1343=EDGE_CURVE('',#1063,#1064,#138,.T.);
#1344=EDGE_CURVE('',#1064,#1062,#647,.T.);
#1345=EDGE_CURVE('',#1061,#1063,#648,.T.);
#1346=EDGE_CURVE('',#1065,#1066,#139,.T.);
#1347=EDGE_CURVE('',#1066,#1064,#140,.T.);
#1348=EDGE_CURVE('',#1063,#1065,#141,.T.);
#1349=EDGE_CURVE('',#1067,#1068,#142,.T.);
#1350=EDGE_CURVE('',#1068,#1066,#649,.T.);
#1351=EDGE_CURVE('',#1065,#1067,#650,.T.);
#1352=EDGE_CURVE('',#1069,#1070,#143,.T.);
#1353=EDGE_CURVE('',#1070,#1068,#144,.T.);
#1354=EDGE_CURVE('',#1067,#1069,#145,.T.);
#1355=EDGE_CURVE('',#1071,#1072,#146,.T.);
#1356=EDGE_CURVE('',#1072,#1070,#651,.T.);
#1357=EDGE_CURVE('',#1069,#1071,#652,.T.);
#1358=EDGE_CURVE('',#1057,#1072,#147,.T.);
#1359=EDGE_CURVE('',#1071,#1058,#148,.T.);
#1360=EDGE_CURVE('',#1039,#1063,#653,.T.);
#1361=EDGE_CURVE('',#1038,#1065,#654,.T.);
#1362=EDGE_CURVE('',#1032,#1061,#655,.T.);
#1363=EDGE_CURVE('',#1033,#1059,#656,.T.);
#1364=EDGE_CURVE('',#1034,#1058,#657,.T.);
#1365=EDGE_CURVE('',#1073,#1074,#658,.T.);
#1366=EDGE_CURVE('',#1075,#1073,#659,.T.);
#1367=EDGE_CURVE('',#1076,#1075,#660,.T.);
#1368=EDGE_CURVE('',#1074,#1076,#661,.T.);
#1369=EDGE_CURVE('',#1077,#1078,#662,.T.);
#1370=EDGE_CURVE('',#1079,#1077,#663,.T.);
#1371=EDGE_CURVE('',#1080,#1079,#664,.T.);
#1372=EDGE_CURVE('',#1078,#1080,#665,.T.);
#1373=EDGE_CURVE('',#1081,#1081,#149,.T.);
#1374=EDGE_CURVE('',#1050,#1081,#150,.T.);
#1375=EDGE_CURVE('',#1073,#1082,#151,.T.);
#1376=EDGE_CURVE('',#1082,#1083,#152,.T.);
#1377=EDGE_CURVE('',#1083,#1084,#153,.T.);
#1378=EDGE_CURVE('',#1084,#1073,#154,.T.);
#1379=EDGE_CURVE('',#1085,#1086,#155,.T.);
#1380=EDGE_CURVE('',#1086,#1084,#666,.T.);
#1381=EDGE_CURVE('',#1083,#1085,#667,.T.);
#1382=EDGE_CURVE('',#1087,#1078,#156,.T.);
#1383=EDGE_CURVE('',#1078,#1086,#157,.T.);
#1384=EDGE_CURVE('',#1085,#1087,#158,.T.);
#1385=EDGE_CURVE('',#1088,#1077,#159,.T.);
#1386=EDGE_CURVE('',#1087,#1088,#668,.T.);
#1387=EDGE_CURVE('',#986,#1077,#160,.T.);
#1388=EDGE_CURVE('',#1088,#987,#161,.T.);
#1389=EDGE_CURVE('',#1089,#1074,#162,.T.);
#1390=EDGE_CURVE('',#1074,#989,#163,.T.);
#1391=EDGE_CURVE('',#988,#1089,#164,.T.);
#1392=EDGE_CURVE('',#1089,#1082,#669,.T.);
#1393=EDGE_CURVE('',#1090,#989,#670,.T.);
#1394=EDGE_CURVE('',#1091,#1090,#671,.T.);
#1395=EDGE_CURVE('',#986,#1091,#672,.T.);
#1396=EDGE_CURVE('',#1076,#1090,#165,.T.);
#1397=EDGE_CURVE('',#1084,#1092,#673,.T.);
#1398=EDGE_CURVE('',#1092,#1075,#166,.T.);
#1399=EDGE_CURVE('',#1091,#1079,#167,.T.);
#1400=EDGE_CURVE('',#1092,#1093,#674,.T.);
#1401=EDGE_CURVE('',#1080,#1093,#168,.T.);
#1402=EDGE_CURVE('',#1093,#1086,#675,.T.);
#1403=EDGE_CURVE('',#1037,#1067,#676,.T.);
#1404=EDGE_CURVE('',#1036,#1069,#677,.T.);
#1405=EDGE_CURVE('',#1035,#1071,#678,.T.);
#1406=ORIENTED_EDGE('',*,*,#1094,.F.);
#1407=ORIENTED_EDGE('',*,*,#1095,.T.);
#1408=ORIENTED_EDGE('',*,*,#1096,.T.);
#1409=ORIENTED_EDGE('',*,*,#1097,.F.);
#1410=ORIENTED_EDGE('',*,*,#1098,.F.);
#1411=ORIENTED_EDGE('',*,*,#1099,.T.);
#1412=ORIENTED_EDGE('',*,*,#1100,.T.);
#1413=ORIENTED_EDGE('',*,*,#1095,.F.);
#1414=ORIENTED_EDGE('',*,*,#1101,.F.);
#1415=ORIENTED_EDGE('',*,*,#1102,.T.);
#1416=ORIENTED_EDGE('',*,*,#1103,.T.);
#1417=ORIENTED_EDGE('',*,*,#1099,.F.);
#1418=ORIENTED_EDGE('',*,*,#1104,.F.);
#1419=ORIENTED_EDGE('',*,*,#1105,.T.);
#1420=ORIENTED_EDGE('',*,*,#1106,.T.);
#1421=ORIENTED_EDGE('',*,*,#1102,.F.);
#1422=ORIENTED_EDGE('',*,*,#1107,.F.);
#1423=ORIENTED_EDGE('',*,*,#1108,.T.);
#1424=ORIENTED_EDGE('',*,*,#1109,.T.);
#1425=ORIENTED_EDGE('',*,*,#1105,.F.);
#1426=ORIENTED_EDGE('',*,*,#1110,.F.);
#1427=ORIENTED_EDGE('',*,*,#1111,.T.);
#1428=ORIENTED_EDGE('',*,*,#1112,.T.);
#1429=ORIENTED_EDGE('',*,*,#1108,.F.);
#1430=ORIENTED_EDGE('',*,*,#1113,.F.);
#1431=ORIENTED_EDGE('',*,*,#1114,.T.);
#1432=ORIENTED_EDGE('',*,*,#1115,.T.);
#1433=ORIENTED_EDGE('',*,*,#1111,.F.);
#1434=ORIENTED_EDGE('',*,*,#1116,.F.);
#1435=ORIENTED_EDGE('',*,*,#1117,.T.);
#1436=ORIENTED_EDGE('',*,*,#1118,.T.);
#1437=ORIENTED_EDGE('',*,*,#1114,.F.);
#1438=ORIENTED_EDGE('',*,*,#1119,.F.);
#1439=ORIENTED_EDGE('',*,*,#1120,.T.);
#1440=ORIENTED_EDGE('',*,*,#1121,.T.);
#1441=ORIENTED_EDGE('',*,*,#1117,.F.);
#1442=ORIENTED_EDGE('',*,*,#1122,.F.);
#1443=ORIENTED_EDGE('',*,*,#1123,.T.);
#1444=ORIENTED_EDGE('',*,*,#1124,.T.);
#1445=ORIENTED_EDGE('',*,*,#1120,.F.);
#1446=ORIENTED_EDGE('',*,*,#1125,.F.);
#1447=ORIENTED_EDGE('',*,*,#1126,.T.);
#1448=ORIENTED_EDGE('',*,*,#1127,.T.);
#1449=ORIENTED_EDGE('',*,*,#1123,.F.);
#1450=ORIENTED_EDGE('',*,*,#1128,.F.);
#1451=ORIENTED_EDGE('',*,*,#1129,.T.);
#1452=ORIENTED_EDGE('',*,*,#1130,.T.);
#1453=ORIENTED_EDGE('',*,*,#1126,.F.);
#1454=ORIENTED_EDGE('',*,*,#1131,.F.);
#1455=ORIENTED_EDGE('',*,*,#1132,.T.);
#1456=ORIENTED_EDGE('',*,*,#1133,.T.);
#1457=ORIENTED_EDGE('',*,*,#1129,.F.);
#1458=ORIENTED_EDGE('',*,*,#1134,.F.);
#1459=ORIENTED_EDGE('',*,*,#1135,.T.);
#1460=ORIENTED_EDGE('',*,*,#1136,.T.);
#1461=ORIENTED_EDGE('',*,*,#1132,.F.);
#1462=ORIENTED_EDGE('',*,*,#1137,.F.);
#1463=ORIENTED_EDGE('',*,*,#1138,.T.);
#1464=ORIENTED_EDGE('',*,*,#1139,.T.);
#1465=ORIENTED_EDGE('',*,*,#1135,.F.);
#1466=ORIENTED_EDGE('',*,*,#1140,.F.);
#1467=ORIENTED_EDGE('',*,*,#1141,.T.);
#1468=ORIENTED_EDGE('',*,*,#1142,.T.);
#1469=ORIENTED_EDGE('',*,*,#1138,.F.);
#1470=ORIENTED_EDGE('',*,*,#1143,.F.);
#1471=ORIENTED_EDGE('',*,*,#1144,.T.);
#1472=ORIENTED_EDGE('',*,*,#1145,.T.);
#1473=ORIENTED_EDGE('',*,*,#1141,.F.);
#1474=ORIENTED_EDGE('',*,*,#1146,.F.);
#1475=ORIENTED_EDGE('',*,*,#1097,.T.);
#1476=ORIENTED_EDGE('',*,*,#1147,.T.);
#1477=ORIENTED_EDGE('',*,*,#1144,.F.);
#1478=ORIENTED_EDGE('',*,*,#1147,.F.);
#1479=ORIENTED_EDGE('',*,*,#1096,.F.);
#1480=ORIENTED_EDGE('',*,*,#1100,.F.);
#1481=ORIENTED_EDGE('',*,*,#1103,.F.);
#1482=ORIENTED_EDGE('',*,*,#1106,.F.);
#1483=ORIENTED_EDGE('',*,*,#1109,.F.);
#1484=ORIENTED_EDGE('',*,*,#1112,.F.);
#1485=ORIENTED_EDGE('',*,*,#1115,.F.);
#1486=ORIENTED_EDGE('',*,*,#1118,.F.);
#1487=ORIENTED_EDGE('',*,*,#1121,.F.);
#1488=ORIENTED_EDGE('',*,*,#1124,.F.);
#1489=ORIENTED_EDGE('',*,*,#1127,.F.);
#1490=ORIENTED_EDGE('',*,*,#1130,.F.);
#1491=ORIENTED_EDGE('',*,*,#1133,.F.);
#1492=ORIENTED_EDGE('',*,*,#1136,.F.);
#1493=ORIENTED_EDGE('',*,*,#1139,.F.);
#1494=ORIENTED_EDGE('',*,*,#1142,.F.);
#1495=ORIENTED_EDGE('',*,*,#1145,.F.);
#1496=ORIENTED_EDGE('',*,*,#1148,.F.);
#1497=ORIENTED_EDGE('',*,*,#1149,.T.);
#1498=ORIENTED_EDGE('',*,*,#1150,.T.);
#1499=ORIENTED_EDGE('',*,*,#1151,.F.);
#1500=ORIENTED_EDGE('',*,*,#1152,.F.);
#1501=ORIENTED_EDGE('',*,*,#1153,.T.);
#1502=ORIENTED_EDGE('',*,*,#1154,.T.);
#1503=ORIENTED_EDGE('',*,*,#1149,.F.);
#1504=ORIENTED_EDGE('',*,*,#1155,.F.);
#1505=ORIENTED_EDGE('',*,*,#1156,.T.);
#1506=ORIENTED_EDGE('',*,*,#1157,.T.);
#1507=ORIENTED_EDGE('',*,*,#1153,.F.);
#1508=ORIENTED_EDGE('',*,*,#1158,.F.);
#1509=ORIENTED_EDGE('',*,*,#1159,.T.);
#1510=ORIENTED_EDGE('',*,*,#1160,.T.);
#1511=ORIENTED_EDGE('',*,*,#1156,.F.);
#1512=ORIENTED_EDGE('',*,*,#1161,.F.);
#1513=ORIENTED_EDGE('',*,*,#1162,.T.);
#1514=ORIENTED_EDGE('',*,*,#1163,.T.);
#1515=ORIENTED_EDGE('',*,*,#1159,.F.);
#1516=ORIENTED_EDGE('',*,*,#1164,.F.);
#1517=ORIENTED_EDGE('',*,*,#1165,.T.);
#1518=ORIENTED_EDGE('',*,*,#1166,.T.);
#1519=ORIENTED_EDGE('',*,*,#1162,.F.);
#1520=ORIENTED_EDGE('',*,*,#1167,.F.);
#1521=ORIENTED_EDGE('',*,*,#1168,.T.);
#1522=ORIENTED_EDGE('',*,*,#1169,.T.);
#1523=ORIENTED_EDGE('',*,*,#1165,.F.);
#1524=ORIENTED_EDGE('',*,*,#1170,.F.);
#1525=ORIENTED_EDGE('',*,*,#1171,.T.);
#1526=ORIENTED_EDGE('',*,*,#1172,.T.);
#1527=ORIENTED_EDGE('',*,*,#1168,.F.);
#1528=ORIENTED_EDGE('',*,*,#1173,.F.);
#1529=ORIENTED_EDGE('',*,*,#1174,.T.);
#1530=ORIENTED_EDGE('',*,*,#1175,.T.);
#1531=ORIENTED_EDGE('',*,*,#1171,.F.);
#1532=ORIENTED_EDGE('',*,*,#1176,.F.);
#1533=ORIENTED_EDGE('',*,*,#1177,.T.);
#1534=ORIENTED_EDGE('',*,*,#1178,.T.);
#1535=ORIENTED_EDGE('',*,*,#1174,.F.);
#1536=ORIENTED_EDGE('',*,*,#1179,.F.);
#1537=ORIENTED_EDGE('',*,*,#1180,.T.);
#1538=ORIENTED_EDGE('',*,*,#1181,.T.);
#1539=ORIENTED_EDGE('',*,*,#1177,.F.);
#1540=ORIENTED_EDGE('',*,*,#1182,.F.);
#1541=ORIENTED_EDGE('',*,*,#1151,.T.);
#1542=ORIENTED_EDGE('',*,*,#1183,.T.);
#1543=ORIENTED_EDGE('',*,*,#1180,.F.);
#1544=ORIENTED_EDGE('',*,*,#1183,.F.);
#1545=ORIENTED_EDGE('',*,*,#1150,.F.);
#1546=ORIENTED_EDGE('',*,*,#1154,.F.);
#1547=ORIENTED_EDGE('',*,*,#1157,.F.);
#1548=ORIENTED_EDGE('',*,*,#1160,.F.);
#1549=ORIENTED_EDGE('',*,*,#1163,.F.);
#1550=ORIENTED_EDGE('',*,*,#1166,.F.);
#1551=ORIENTED_EDGE('',*,*,#1169,.F.);
#1552=ORIENTED_EDGE('',*,*,#1172,.F.);
#1553=ORIENTED_EDGE('',*,*,#1175,.F.);
#1554=ORIENTED_EDGE('',*,*,#1178,.F.);
#1555=ORIENTED_EDGE('',*,*,#1181,.F.);
#1556=ORIENTED_EDGE('',*,*,#1184,.T.);
#1557=ORIENTED_EDGE('',*,*,#1185,.T.);
#1558=ORIENTED_EDGE('',*,*,#1186,.T.);
#1559=ORIENTED_EDGE('',*,*,#1187,.T.);
#1560=ORIENTED_EDGE('',*,*,#1188,.T.);
#1561=ORIENTED_EDGE('',*,*,#1189,.T.);
#1562=ORIENTED_EDGE('',*,*,#1190,.T.);
#1563=ORIENTED_EDGE('',*,*,#1187,.F.);
#1564=ORIENTED_EDGE('',*,*,#1191,.T.);
#1565=ORIENTED_EDGE('',*,*,#1192,.T.);
#1566=ORIENTED_EDGE('',*,*,#1193,.T.);
#1567=ORIENTED_EDGE('',*,*,#1194,.T.);
#1568=ORIENTED_EDGE('',*,*,#1195,.T.);
#1569=ORIENTED_EDGE('',*,*,#1196,.T.);
#1570=ORIENTED_EDGE('',*,*,#1191,.F.);
#1571=ORIENTED_EDGE('',*,*,#1197,.T.);
#1572=ORIENTED_EDGE('',*,*,#1198,.T.);
#1573=ORIENTED_EDGE('',*,*,#1195,.F.);
#1574=ORIENTED_EDGE('',*,*,#1199,.T.);
#1575=ORIENTED_EDGE('',*,*,#1189,.F.);
#1576=ORIENTED_EDGE('',*,*,#1200,.T.);
#1577=ORIENTED_EDGE('',*,*,#1201,.T.);
#1578=ORIENTED_EDGE('',*,*,#1193,.F.);
#1579=ORIENTED_EDGE('',*,*,#1202,.T.);
#1580=ORIENTED_EDGE('',*,*,#1203,.T.);
#1581=ORIENTED_EDGE('',*,*,#1204,.T.);
#1582=ORIENTED_EDGE('',*,*,#1205,.T.);
#1583=ORIENTED_EDGE('',*,*,#1206,.T.);
#1584=ORIENTED_EDGE('',*,*,#1203,.F.);
#1585=ORIENTED_EDGE('',*,*,#1207,.T.);
#1586=ORIENTED_EDGE('',*,*,#1208,.T.);
#1587=ORIENTED_EDGE('',*,*,#1185,.F.);
#1588=ORIENTED_EDGE('',*,*,#1209,.T.);
#1589=ORIENTED_EDGE('',*,*,#1205,.F.);
#1590=ORIENTED_EDGE('',*,*,#1210,.T.);
#1591=ORIENTED_EDGE('',*,*,#1211,.T.);
#1592=ORIENTED_EDGE('',*,*,#1212,.T.);
#1593=ORIENTED_EDGE('',*,*,#1213,.T.);
#1594=ORIENTED_EDGE('',*,*,#1214,.T.);
#1595=ORIENTED_EDGE('',*,*,#1207,.F.);
#1596=ORIENTED_EDGE('',*,*,#1215,.T.);
#1597=ORIENTED_EDGE('',*,*,#1216,.T.);
#1598=ORIENTED_EDGE('',*,*,#1217,.T.);
#1599=ORIENTED_EDGE('',*,*,#1213,.F.);
#1600=ORIENTED_EDGE('',*,*,#1218,.T.);
#1601=ORIENTED_EDGE('',*,*,#1219,.T.);
#1602=ORIENTED_EDGE('',*,*,#1216,.F.);
#1603=ORIENTED_EDGE('',*,*,#1220,.T.);
#1604=ORIENTED_EDGE('',*,*,#1211,.F.);
#1605=ORIENTED_EDGE('',*,*,#1221,.T.);
#1606=ORIENTED_EDGE('',*,*,#1209,.F.);
#1607=ORIENTED_EDGE('',*,*,#1184,.F.);
#1608=ORIENTED_EDGE('',*,*,#1222,.F.);
#1609=ORIENTED_EDGE('',*,*,#1223,.F.);
#1610=ORIENTED_EDGE('',*,*,#1224,.T.);
#1611=ORIENTED_EDGE('',*,*,#1190,.F.);
#1612=ORIENTED_EDGE('',*,*,#1225,.T.);
#1613=ORIENTED_EDGE('',*,*,#1226,.T.);
#1614=ORIENTED_EDGE('',*,*,#1222,.T.);
#1615=ORIENTED_EDGE('',*,*,#1197,.F.);
#1616=ORIENTED_EDGE('',*,*,#1227,.T.);
#1617=ORIENTED_EDGE('',*,*,#1198,.F.);
#1618=ORIENTED_EDGE('',*,*,#1228,.T.);
#1619=ORIENTED_EDGE('',*,*,#1218,.F.);
#1620=ORIENTED_EDGE('',*,*,#1229,.T.);
#1621=ORIENTED_EDGE('',*,*,#1219,.F.);
#1622=ORIENTED_EDGE('',*,*,#1228,.F.);
#1623=ORIENTED_EDGE('',*,*,#1199,.F.);
#1624=ORIENTED_EDGE('',*,*,#1227,.F.);
#1625=ORIENTED_EDGE('',*,*,#1194,.F.);
#1626=ORIENTED_EDGE('',*,*,#1230,.F.);
#1627=ORIENTED_EDGE('',*,*,#1231,.F.);
#1628=ORIENTED_EDGE('',*,*,#1225,.F.);
#1629=ORIENTED_EDGE('',*,*,#1208,.F.);
#1630=ORIENTED_EDGE('',*,*,#1214,.F.);
#1631=ORIENTED_EDGE('',*,*,#1217,.F.);
#1632=ORIENTED_EDGE('',*,*,#1221,.F.);
#1633=ORIENTED_EDGE('',*,*,#1210,.F.);
#1634=ORIENTED_EDGE('',*,*,#1232,.T.);
#1635=ORIENTED_EDGE('',*,*,#1233,.F.);
#1636=ORIENTED_EDGE('',*,*,#1234,.T.);
#1637=ORIENTED_EDGE('',*,*,#1235,.T.);
#1638=ORIENTED_EDGE('',*,*,#1236,.T.);
#1639=ORIENTED_EDGE('',*,*,#1237,.T.);
#1640=ORIENTED_EDGE('',*,*,#1238,.T.);
#1641=ORIENTED_EDGE('',*,*,#1223,.T.);
#1642=ORIENTED_EDGE('',*,*,#1239,.F.);
#1643=ORIENTED_EDGE('',*,*,#1212,.F.);
#1644=ORIENTED_EDGE('',*,*,#1240,.T.);
#1645=ORIENTED_EDGE('',*,*,#1237,.F.);
#1646=ORIENTED_EDGE('',*,*,#1241,.F.);
#1647=ORIENTED_EDGE('',*,*,#1206,.F.);
#1648=ORIENTED_EDGE('',*,*,#1242,.T.);
#1649=ORIENTED_EDGE('',*,*,#1239,.T.);
#1650=ORIENTED_EDGE('',*,*,#1226,.F.);
#1651=ORIENTED_EDGE('',*,*,#1231,.T.);
#1652=ORIENTED_EDGE('',*,*,#1201,.F.);
#1653=ORIENTED_EDGE('',*,*,#1241,.T.);
#1654=ORIENTED_EDGE('',*,*,#1242,.F.);
#1655=ORIENTED_EDGE('',*,*,#1230,.T.);
#1656=ORIENTED_EDGE('',*,*,#1215,.F.);
#1657=ORIENTED_EDGE('',*,*,#1224,.F.);
#1658=ORIENTED_EDGE('',*,*,#1238,.F.);
#1659=ORIENTED_EDGE('',*,*,#1240,.F.);
#1660=ORIENTED_EDGE('',*,*,#1220,.F.);
#1661=ORIENTED_EDGE('',*,*,#1229,.F.);
#1662=ORIENTED_EDGE('',*,*,#1243,.F.);
#1663=ORIENTED_EDGE('',*,*,#1244,.T.);
#1664=ORIENTED_EDGE('',*,*,#1245,.T.);
#1665=ORIENTED_EDGE('',*,*,#1244,.F.);
#1666=ORIENTED_EDGE('',*,*,#1245,.F.);
#1667=ORIENTED_EDGE('',*,*,#1246,.F.);
#1668=ORIENTED_EDGE('',*,*,#1247,.F.);
#1669=ORIENTED_EDGE('',*,*,#1248,.T.);
#1670=ORIENTED_EDGE('',*,*,#1249,.T.);
#1671=ORIENTED_EDGE('',*,*,#1248,.F.);
#1672=ORIENTED_EDGE('',*,*,#1249,.F.);
#1673=ORIENTED_EDGE('',*,*,#1250,.F.);
#1674=ORIENTED_EDGE('',*,*,#1251,.F.);
#1675=ORIENTED_EDGE('',*,*,#1252,.T.);
#1676=ORIENTED_EDGE('',*,*,#1253,.T.);
#1677=ORIENTED_EDGE('',*,*,#1252,.F.);
#1678=ORIENTED_EDGE('',*,*,#1253,.F.);
#1679=ORIENTED_EDGE('',*,*,#1254,.F.);
#1680=ORIENTED_EDGE('',*,*,#1255,.F.);
#1681=ORIENTED_EDGE('',*,*,#1256,.T.);
#1682=ORIENTED_EDGE('',*,*,#1257,.T.);
#1683=ORIENTED_EDGE('',*,*,#1256,.F.);
#1684=ORIENTED_EDGE('',*,*,#1257,.F.);
#1685=ORIENTED_EDGE('',*,*,#1258,.F.);
#1686=ORIENTED_EDGE('',*,*,#1246,.T.);
#1687=ORIENTED_EDGE('',*,*,#1259,.T.);
#1688=ORIENTED_EDGE('',*,*,#1260,.F.);
#1689=ORIENTED_EDGE('',*,*,#1259,.F.);
#1690=ORIENTED_EDGE('',*,*,#1250,.T.);
#1691=ORIENTED_EDGE('',*,*,#1261,.T.);
#1692=ORIENTED_EDGE('',*,*,#1262,.F.);
#1693=ORIENTED_EDGE('',*,*,#1261,.F.);
#1694=ORIENTED_EDGE('',*,*,#1254,.T.);
#1695=ORIENTED_EDGE('',*,*,#1263,.T.);
#1696=ORIENTED_EDGE('',*,*,#1264,.F.);
#1697=ORIENTED_EDGE('',*,*,#1263,.F.);
#1698=ORIENTED_EDGE('',*,*,#1258,.T.);
#1699=ORIENTED_EDGE('',*,*,#1265,.T.);
#1700=ORIENTED_EDGE('',*,*,#1266,.F.);
#1701=ORIENTED_EDGE('',*,*,#1265,.F.);
#1702=ORIENTED_EDGE('',*,*,#1267,.T.);
#1703=ORIENTED_EDGE('',*,*,#1268,.T.);
#1704=ORIENTED_EDGE('',*,*,#1269,.T.);
#1705=ORIENTED_EDGE('',*,*,#1270,.T.);
#1706=ORIENTED_EDGE('',*,*,#1267,.F.);
#1707=ORIENTED_EDGE('',*,*,#1271,.T.);
#1708=ORIENTED_EDGE('',*,*,#1272,.F.);
#1709=ORIENTED_EDGE('',*,*,#1273,.F.);
#1710=ORIENTED_EDGE('',*,*,#1274,.T.);
#1711=ORIENTED_EDGE('',*,*,#1264,.T.);
#1712=ORIENTED_EDGE('',*,*,#1270,.F.);
#1713=ORIENTED_EDGE('',*,*,#1275,.T.);
#1714=ORIENTED_EDGE('',*,*,#1276,.F.);
#1715=ORIENTED_EDGE('',*,*,#1271,.F.);
#1716=ORIENTED_EDGE('',*,*,#1268,.F.);
#1717=ORIENTED_EDGE('',*,*,#1274,.F.);
#1718=ORIENTED_EDGE('',*,*,#1277,.F.);
#1719=ORIENTED_EDGE('',*,*,#1278,.T.);
#1720=ORIENTED_EDGE('',*,*,#1277,.T.);
#1721=ORIENTED_EDGE('',*,*,#1273,.T.);
#1722=ORIENTED_EDGE('',*,*,#1279,.F.);
#1723=ORIENTED_EDGE('',*,*,#1280,.F.);
#1724=ORIENTED_EDGE('',*,*,#1281,.T.);
#1725=ORIENTED_EDGE('',*,*,#1282,.T.);
#1726=ORIENTED_EDGE('',*,*,#1283,.T.);
#1727=ORIENTED_EDGE('',*,*,#1284,.F.);
#1728=ORIENTED_EDGE('',*,*,#1285,.F.);
#1729=ORIENTED_EDGE('',*,*,#1286,.F.);
#1730=ORIENTED_EDGE('',*,*,#1287,.F.);
#1731=ORIENTED_EDGE('',*,*,#1288,.F.);
#1732=ORIENTED_EDGE('',*,*,#1285,.T.);
#1733=ORIENTED_EDGE('',*,*,#1289,.F.);
#1734=ORIENTED_EDGE('',*,*,#1290,.F.);
#1735=ORIENTED_EDGE('',*,*,#1291,.F.);
#1736=ORIENTED_EDGE('',*,*,#1292,.F.);
#1737=ORIENTED_EDGE('',*,*,#1260,.T.);
#1738=ORIENTED_EDGE('',*,*,#1286,.T.);
#1739=ORIENTED_EDGE('',*,*,#1292,.T.);
#1740=ORIENTED_EDGE('',*,*,#1293,.F.);
#1741=ORIENTED_EDGE('',*,*,#1294,.F.);
#1742=ORIENTED_EDGE('',*,*,#1288,.T.);
#1743=ORIENTED_EDGE('',*,*,#1295,.F.);
#1744=ORIENTED_EDGE('',*,*,#1296,.F.);
#1745=ORIENTED_EDGE('',*,*,#1289,.T.);
#1746=ORIENTED_EDGE('',*,*,#1276,.T.);
#1747=ORIENTED_EDGE('',*,*,#1297,.F.);
#1748=ORIENTED_EDGE('',*,*,#1293,.T.);
#1749=ORIENTED_EDGE('',*,*,#1291,.T.);
#1750=ORIENTED_EDGE('',*,*,#1298,.F.);
#1751=ORIENTED_EDGE('',*,*,#1299,.F.);
#1752=ORIENTED_EDGE('',*,*,#1279,.T.);
#1753=ORIENTED_EDGE('',*,*,#1272,.T.);
#1754=ORIENTED_EDGE('',*,*,#1300,.T.);
#1755=ORIENTED_EDGE('',*,*,#1301,.T.);
#1756=ORIENTED_EDGE('',*,*,#1302,.T.);
#1757=ORIENTED_EDGE('',*,*,#1303,.T.);
#1758=ORIENTED_EDGE('',*,*,#1304,.T.);
#1759=ORIENTED_EDGE('',*,*,#1305,.T.);
#1760=ORIENTED_EDGE('',*,*,#1306,.T.);
#1761=ORIENTED_EDGE('',*,*,#1307,.T.);
#1762=ORIENTED_EDGE('',*,*,#1308,.F.);
#1763=ORIENTED_EDGE('',*,*,#1309,.F.);
#1764=ORIENTED_EDGE('',*,*,#1310,.F.);
#1765=ORIENTED_EDGE('',*,*,#1311,.F.);
#1766=ORIENTED_EDGE('',*,*,#1308,.T.);
#1767=ORIENTED_EDGE('',*,*,#1312,.F.);
#1768=ORIENTED_EDGE('',*,*,#1282,.F.);
#1769=ORIENTED_EDGE('',*,*,#1313,.F.);
#1770=ORIENTED_EDGE('',*,*,#1314,.F.);
#1771=ORIENTED_EDGE('',*,*,#1266,.T.);
#1772=ORIENTED_EDGE('',*,*,#1309,.T.);
#1773=ORIENTED_EDGE('',*,*,#1314,.T.);
#1774=ORIENTED_EDGE('',*,*,#1315,.F.);
#1775=ORIENTED_EDGE('',*,*,#1316,.F.);
#1776=ORIENTED_EDGE('',*,*,#1311,.T.);
#1777=ORIENTED_EDGE('',*,*,#1317,.F.);
#1778=ORIENTED_EDGE('',*,*,#1283,.F.);
#1779=ORIENTED_EDGE('',*,*,#1312,.T.);
#1780=ORIENTED_EDGE('',*,*,#1315,.T.);
#1781=ORIENTED_EDGE('',*,*,#1313,.T.);
#1782=ORIENTED_EDGE('',*,*,#1281,.F.);
#1783=ORIENTED_EDGE('',*,*,#1318,.F.);
#1784=ORIENTED_EDGE('',*,*,#1319,.T.);
#1785=ORIENTED_EDGE('',*,*,#1320,.T.);
#1786=ORIENTED_EDGE('',*,*,#1321,.T.);
#1787=ORIENTED_EDGE('',*,*,#1322,.F.);
#1788=ORIENTED_EDGE('',*,*,#1323,.F.);
#1789=ORIENTED_EDGE('',*,*,#1324,.T.);
#1790=ORIENTED_EDGE('',*,*,#1325,.T.);
#1791=ORIENTED_EDGE('',*,*,#1326,.T.);
#1792=ORIENTED_EDGE('',*,*,#1327,.T.);
#1793=ORIENTED_EDGE('',*,*,#1324,.F.);
#1794=ORIENTED_EDGE('',*,*,#1328,.T.);
#1795=ORIENTED_EDGE('',*,*,#1320,.F.);
#1796=ORIENTED_EDGE('',*,*,#1329,.F.);
#1797=ORIENTED_EDGE('',*,*,#1330,.T.);
#1798=ORIENTED_EDGE('',*,*,#1262,.T.);
#1799=ORIENTED_EDGE('',*,*,#1327,.F.);
#1800=ORIENTED_EDGE('',*,*,#1331,.T.);
#1801=ORIENTED_EDGE('',*,*,#1321,.F.);
#1802=ORIENTED_EDGE('',*,*,#1328,.F.);
#1803=ORIENTED_EDGE('',*,*,#1325,.F.);
#1804=ORIENTED_EDGE('',*,*,#1330,.F.);
#1805=ORIENTED_EDGE('',*,*,#1332,.F.);
#1806=ORIENTED_EDGE('',*,*,#1333,.T.);
#1807=ORIENTED_EDGE('',*,*,#1296,.T.);
#1808=ORIENTED_EDGE('',*,*,#1334,.F.);
#1809=ORIENTED_EDGE('',*,*,#1332,.T.);
#1810=ORIENTED_EDGE('',*,*,#1329,.T.);
#1811=ORIENTED_EDGE('',*,*,#1319,.F.);
#1812=ORIENTED_EDGE('',*,*,#1335,.F.);
#1813=ORIENTED_EDGE('',*,*,#1298,.T.);
#1814=ORIENTED_EDGE('',*,*,#1290,.T.);
#1815=ORIENTED_EDGE('',*,*,#1336,.T.);
#1816=ORIENTED_EDGE('',*,*,#1337,.T.);
#1817=ORIENTED_EDGE('',*,*,#1338,.T.);
#1818=ORIENTED_EDGE('',*,*,#1339,.T.);
#1819=ORIENTED_EDGE('',*,*,#1340,.T.);
#1820=ORIENTED_EDGE('',*,*,#1341,.T.);
#1821=ORIENTED_EDGE('',*,*,#1338,.F.);
#1822=ORIENTED_EDGE('',*,*,#1342,.T.);
#1823=ORIENTED_EDGE('',*,*,#1343,.T.);
#1824=ORIENTED_EDGE('',*,*,#1344,.T.);
#1825=ORIENTED_EDGE('',*,*,#1340,.F.);
#1826=ORIENTED_EDGE('',*,*,#1345,.T.);
#1827=ORIENTED_EDGE('',*,*,#1346,.T.);
#1828=ORIENTED_EDGE('',*,*,#1347,.T.);
#1829=ORIENTED_EDGE('',*,*,#1343,.F.);
#1830=ORIENTED_EDGE('',*,*,#1348,.T.);
#1831=ORIENTED_EDGE('',*,*,#1349,.T.);
#1832=ORIENTED_EDGE('',*,*,#1350,.T.);
#1833=ORIENTED_EDGE('',*,*,#1346,.F.);
#1834=ORIENTED_EDGE('',*,*,#1351,.T.);
#1835=ORIENTED_EDGE('',*,*,#1352,.T.);
#1836=ORIENTED_EDGE('',*,*,#1353,.T.);
#1837=ORIENTED_EDGE('',*,*,#1349,.F.);
#1838=ORIENTED_EDGE('',*,*,#1354,.T.);
#1839=ORIENTED_EDGE('',*,*,#1355,.T.);
#1840=ORIENTED_EDGE('',*,*,#1356,.T.);
#1841=ORIENTED_EDGE('',*,*,#1352,.F.);
#1842=ORIENTED_EDGE('',*,*,#1357,.T.);
#1843=ORIENTED_EDGE('',*,*,#1336,.F.);
#1844=ORIENTED_EDGE('',*,*,#1358,.T.);
#1845=ORIENTED_EDGE('',*,*,#1355,.F.);
#1846=ORIENTED_EDGE('',*,*,#1359,.T.);
#1847=ORIENTED_EDGE('',*,*,#1348,.F.);
#1848=ORIENTED_EDGE('',*,*,#1360,.F.);
#1849=ORIENTED_EDGE('',*,*,#1306,.F.);
#1850=ORIENTED_EDGE('',*,*,#1361,.T.);
#1851=ORIENTED_EDGE('',*,*,#1345,.F.);
#1852=ORIENTED_EDGE('',*,*,#1362,.F.);
#1853=ORIENTED_EDGE('',*,*,#1307,.F.);
#1854=ORIENTED_EDGE('',*,*,#1360,.T.);
#1855=ORIENTED_EDGE('',*,*,#1342,.F.);
#1856=ORIENTED_EDGE('',*,*,#1363,.F.);
#1857=ORIENTED_EDGE('',*,*,#1300,.F.);
#1858=ORIENTED_EDGE('',*,*,#1362,.T.);
#1859=ORIENTED_EDGE('',*,*,#1337,.F.);
#1860=ORIENTED_EDGE('',*,*,#1364,.F.);
#1861=ORIENTED_EDGE('',*,*,#1301,.F.);
#1862=ORIENTED_EDGE('',*,*,#1363,.T.);
#1863=ORIENTED_EDGE('',*,*,#1365,.F.);
#1864=ORIENTED_EDGE('',*,*,#1366,.F.);
#1865=ORIENTED_EDGE('',*,*,#1367,.F.);
#1866=ORIENTED_EDGE('',*,*,#1368,.F.);
#1867=ORIENTED_EDGE('',*,*,#1339,.F.);
#1868=ORIENTED_EDGE('',*,*,#1341,.F.);
#1869=ORIENTED_EDGE('',*,*,#1344,.F.);
#1870=ORIENTED_EDGE('',*,*,#1347,.F.);
#1871=ORIENTED_EDGE('',*,*,#1350,.F.);
#1872=ORIENTED_EDGE('',*,*,#1353,.F.);
#1873=ORIENTED_EDGE('',*,*,#1356,.F.);
#1874=ORIENTED_EDGE('',*,*,#1358,.F.);
#1875=ORIENTED_EDGE('',*,*,#1369,.F.);
#1876=ORIENTED_EDGE('',*,*,#1370,.F.);
#1877=ORIENTED_EDGE('',*,*,#1371,.F.);
#1878=ORIENTED_EDGE('',*,*,#1372,.F.);
#1879=ORIENTED_EDGE('',*,*,#1373,.F.);
#1880=ORIENTED_EDGE('',*,*,#1323,.T.);
#1881=ORIENTED_EDGE('',*,*,#1374,.T.);
#1882=ORIENTED_EDGE('',*,*,#1373,.T.);
#1883=ORIENTED_EDGE('',*,*,#1374,.F.);
#1884=ORIENTED_EDGE('',*,*,#1375,.T.);
#1885=ORIENTED_EDGE('',*,*,#1376,.T.);
#1886=ORIENTED_EDGE('',*,*,#1377,.T.);
#1887=ORIENTED_EDGE('',*,*,#1378,.T.);
#1888=ORIENTED_EDGE('',*,*,#1379,.T.);
#1889=ORIENTED_EDGE('',*,*,#1380,.T.);
#1890=ORIENTED_EDGE('',*,*,#1377,.F.);
#1891=ORIENTED_EDGE('',*,*,#1381,.T.);
#1892=ORIENTED_EDGE('',*,*,#1382,.T.);
#1893=ORIENTED_EDGE('',*,*,#1383,.T.);
#1894=ORIENTED_EDGE('',*,*,#1379,.F.);
#1895=ORIENTED_EDGE('',*,*,#1384,.T.);
#1896=ORIENTED_EDGE('',*,*,#1385,.T.);
#1897=ORIENTED_EDGE('',*,*,#1369,.T.);
#1898=ORIENTED_EDGE('',*,*,#1382,.F.);
#1899=ORIENTED_EDGE('',*,*,#1386,.T.);
#1900=ORIENTED_EDGE('',*,*,#1233,.T.);
#1901=ORIENTED_EDGE('',*,*,#1387,.T.);
#1902=ORIENTED_EDGE('',*,*,#1385,.F.);
#1903=ORIENTED_EDGE('',*,*,#1388,.T.);
#1904=ORIENTED_EDGE('',*,*,#1389,.T.);
#1905=ORIENTED_EDGE('',*,*,#1390,.T.);
#1906=ORIENTED_EDGE('',*,*,#1235,.F.);
#1907=ORIENTED_EDGE('',*,*,#1391,.T.);
#1908=ORIENTED_EDGE('',*,*,#1389,.F.);
#1909=ORIENTED_EDGE('',*,*,#1392,.T.);
#1910=ORIENTED_EDGE('',*,*,#1375,.F.);
#1911=ORIENTED_EDGE('',*,*,#1365,.T.);
#1912=ORIENTED_EDGE('',*,*,#1186,.F.);
#1913=ORIENTED_EDGE('',*,*,#1236,.F.);
#1914=ORIENTED_EDGE('',*,*,#1393,.F.);
#1915=ORIENTED_EDGE('',*,*,#1394,.F.);
#1916=ORIENTED_EDGE('',*,*,#1395,.F.);
#1917=ORIENTED_EDGE('',*,*,#1232,.F.);
#1918=ORIENTED_EDGE('',*,*,#1204,.F.);
#1919=ORIENTED_EDGE('',*,*,#1202,.F.);
#1920=ORIENTED_EDGE('',*,*,#1192,.F.);
#1921=ORIENTED_EDGE('',*,*,#1196,.F.);
#1922=ORIENTED_EDGE('',*,*,#1200,.F.);
#1923=ORIENTED_EDGE('',*,*,#1188,.F.);
#1924=ORIENTED_EDGE('',*,*,#1390,.F.);
#1925=ORIENTED_EDGE('',*,*,#1368,.T.);
#1926=ORIENTED_EDGE('',*,*,#1396,.T.);
#1927=ORIENTED_EDGE('',*,*,#1393,.T.);
#1928=ORIENTED_EDGE('',*,*,#1378,.F.);
#1929=ORIENTED_EDGE('',*,*,#1397,.T.);
#1930=ORIENTED_EDGE('',*,*,#1398,.T.);
#1931=ORIENTED_EDGE('',*,*,#1366,.T.);
#1932=ORIENTED_EDGE('',*,*,#1376,.F.);
#1933=ORIENTED_EDGE('',*,*,#1392,.F.);
#1934=ORIENTED_EDGE('',*,*,#1391,.F.);
#1935=ORIENTED_EDGE('',*,*,#1234,.F.);
#1936=ORIENTED_EDGE('',*,*,#1388,.F.);
#1937=ORIENTED_EDGE('',*,*,#1386,.F.);
#1938=ORIENTED_EDGE('',*,*,#1384,.F.);
#1939=ORIENTED_EDGE('',*,*,#1381,.F.);
#1940=ORIENTED_EDGE('',*,*,#1094,.T.);
#1941=ORIENTED_EDGE('',*,*,#1146,.T.);
#1942=ORIENTED_EDGE('',*,*,#1143,.T.);
#1943=ORIENTED_EDGE('',*,*,#1140,.T.);
#1944=ORIENTED_EDGE('',*,*,#1137,.T.);
#1945=ORIENTED_EDGE('',*,*,#1134,.T.);
#1946=ORIENTED_EDGE('',*,*,#1131,.T.);
#1947=ORIENTED_EDGE('',*,*,#1128,.T.);
#1948=ORIENTED_EDGE('',*,*,#1125,.T.);
#1949=ORIENTED_EDGE('',*,*,#1122,.T.);
#1950=ORIENTED_EDGE('',*,*,#1119,.T.);
#1951=ORIENTED_EDGE('',*,*,#1116,.T.);
#1952=ORIENTED_EDGE('',*,*,#1113,.T.);
#1953=ORIENTED_EDGE('',*,*,#1110,.T.);
#1954=ORIENTED_EDGE('',*,*,#1107,.T.);
#1955=ORIENTED_EDGE('',*,*,#1104,.T.);
#1956=ORIENTED_EDGE('',*,*,#1101,.T.);
#1957=ORIENTED_EDGE('',*,*,#1098,.T.);
#1958=ORIENTED_EDGE('',*,*,#1148,.T.);
#1959=ORIENTED_EDGE('',*,*,#1182,.T.);
#1960=ORIENTED_EDGE('',*,*,#1179,.T.);
#1961=ORIENTED_EDGE('',*,*,#1176,.T.);
#1962=ORIENTED_EDGE('',*,*,#1173,.T.);
#1963=ORIENTED_EDGE('',*,*,#1170,.T.);
#1964=ORIENTED_EDGE('',*,*,#1167,.T.);
#1965=ORIENTED_EDGE('',*,*,#1164,.T.);
#1966=ORIENTED_EDGE('',*,*,#1161,.T.);
#1967=ORIENTED_EDGE('',*,*,#1158,.T.);
#1968=ORIENTED_EDGE('',*,*,#1155,.T.);
#1969=ORIENTED_EDGE('',*,*,#1152,.T.);
#1970=ORIENTED_EDGE('',*,*,#1387,.F.);
#1971=ORIENTED_EDGE('',*,*,#1395,.T.);
#1972=ORIENTED_EDGE('',*,*,#1399,.T.);
#1973=ORIENTED_EDGE('',*,*,#1370,.T.);
#1974=ORIENTED_EDGE('',*,*,#1399,.F.);
#1975=ORIENTED_EDGE('',*,*,#1394,.T.);
#1976=ORIENTED_EDGE('',*,*,#1396,.F.);
#1977=ORIENTED_EDGE('',*,*,#1367,.T.);
#1978=ORIENTED_EDGE('',*,*,#1398,.F.);
#1979=ORIENTED_EDGE('',*,*,#1400,.T.);
#1980=ORIENTED_EDGE('',*,*,#1401,.F.);
#1981=ORIENTED_EDGE('',*,*,#1371,.T.);
#1982=ORIENTED_EDGE('',*,*,#1297,.T.);
#1983=ORIENTED_EDGE('',*,*,#1275,.F.);
#1984=ORIENTED_EDGE('',*,*,#1269,.F.);
#1985=ORIENTED_EDGE('',*,*,#1278,.F.);
#1986=ORIENTED_EDGE('',*,*,#1284,.T.);
#1987=ORIENTED_EDGE('',*,*,#1317,.T.);
#1988=ORIENTED_EDGE('',*,*,#1310,.T.);
#1989=ORIENTED_EDGE('',*,*,#1316,.T.);
#1990=ORIENTED_EDGE('',*,*,#1322,.T.);
#1991=ORIENTED_EDGE('',*,*,#1331,.F.);
#1992=ORIENTED_EDGE('',*,*,#1326,.F.);
#1993=ORIENTED_EDGE('',*,*,#1333,.F.);
#1994=ORIENTED_EDGE('',*,*,#1334,.T.);
#1995=ORIENTED_EDGE('',*,*,#1295,.T.);
#1996=ORIENTED_EDGE('',*,*,#1287,.T.);
#1997=ORIENTED_EDGE('',*,*,#1294,.T.);
#1998=ORIENTED_EDGE('',*,*,#1255,.T.);
#1999=ORIENTED_EDGE('',*,*,#1251,.T.);
#2000=ORIENTED_EDGE('',*,*,#1247,.T.);
#2001=ORIENTED_EDGE('',*,*,#1243,.T.);
#2002=ORIENTED_EDGE('',*,*,#1383,.F.);
#2003=ORIENTED_EDGE('',*,*,#1372,.T.);
#2004=ORIENTED_EDGE('',*,*,#1401,.T.);
#2005=ORIENTED_EDGE('',*,*,#1402,.T.);
#2006=ORIENTED_EDGE('',*,*,#1380,.F.);
#2007=ORIENTED_EDGE('',*,*,#1402,.F.);
#2008=ORIENTED_EDGE('',*,*,#1400,.F.);
#2009=ORIENTED_EDGE('',*,*,#1397,.F.);
#2010=ORIENTED_EDGE('',*,*,#1354,.F.);
#2011=ORIENTED_EDGE('',*,*,#1403,.F.);
#2012=ORIENTED_EDGE('',*,*,#1304,.F.);
#2013=ORIENTED_EDGE('',*,*,#1404,.T.);
#2014=ORIENTED_EDGE('',*,*,#1351,.F.);
#2015=ORIENTED_EDGE('',*,*,#1361,.F.);
#2016=ORIENTED_EDGE('',*,*,#1305,.F.);
#2017=ORIENTED_EDGE('',*,*,#1403,.T.);
#2018=ORIENTED_EDGE('',*,*,#1357,.F.);
#2019=ORIENTED_EDGE('',*,*,#1404,.F.);
#2020=ORIENTED_EDGE('',*,*,#1303,.F.);
#2021=ORIENTED_EDGE('',*,*,#1405,.T.);
#2022=ORIENTED_EDGE('',*,*,#1359,.F.);
#2023=ORIENTED_EDGE('',*,*,#1405,.F.);
#2024=ORIENTED_EDGE('',*,*,#1302,.F.);
#2025=ORIENTED_EDGE('',*,*,#1364,.T.);
#2026=ORIENTED_EDGE('',*,*,#1335,.T.);
#2027=ORIENTED_EDGE('',*,*,#1318,.T.);
#2028=ORIENTED_EDGE('',*,*,#1280,.T.);
#2029=ORIENTED_EDGE('',*,*,#1299,.T.);
#2030=B_SPLINE_SURFACE_WITH_KNOTS('',3,1,((#2957,#2958),(#2959,#2960),(#2961,
#2962),(#2963,#2964),(#2965,#2966)),.UNSPECIFIED.,.F.,.F.,.F.,(4,1,4),(2,
2),(0.,0.0255599383547311,0.0530790477314276),(0.,0.1),.UNSPECIFIED.);
#2031=B_SPLINE_SURFACE_WITH_KNOTS('',3,1,((#2983,#2984),(#2985,#2986),(#2987,
#2988),(#2989,#2990),(#2991,#2992)),.UNSPECIFIED.,.F.,.F.,.F.,(4,1,4),(2,
2),(0.,0.0315944617224425,0.0585175209443421),(0.,0.1),.UNSPECIFIED.);
#2032=B_SPLINE_SURFACE_WITH_KNOTS('',3,1,((#3006,#3007),(#3008,#3009),(#3010,
#3011),(#3012,#3013),(#3014,#3015)),.UNSPECIFIED.,.F.,.F.,.F.,(4,1,4),(2,
2),(0.,0.0541048239590642,0.0891633199065107),(0.,0.1),.UNSPECIFIED.);
#2033=B_SPLINE_SURFACE_WITH_KNOTS('',3,1,((#3047,#3048),(#3049,#3050),(#3051,
#3052),(#3053,#3054),(#3055,#3056)),.UNSPECIFIED.,.F.,.F.,.F.,(4,1,4),(2,
2),(0.,0.0433597714857591,0.0863396134877422),(0.,0.1),.UNSPECIFIED.);
#2034=B_SPLINE_SURFACE_WITH_KNOTS('',3,1,((#3070,#3071),(#3072,#3073),(#3074,
#3075),(#3076,#3077),(#3078,#3079)),.UNSPECIFIED.,.F.,.F.,.F.,(4,1,4),(2,
2),(0.,0.0432231657407053,0.0879404102216028),(0.,0.1),.UNSPECIFIED.);
#2035=B_SPLINE_SURFACE_WITH_KNOTS('',3,1,((#3111,#3112),(#3113,#3114),(#3115,
#3116),(#3117,#3118),(#3119,#3120)),.UNSPECIFIED.,.F.,.F.,.F.,(4,1,4),(2,
2),(0.,0.00668786168186366,0.0159689585100509),(0.,0.1),.UNSPECIFIED.);
#2036=B_SPLINE_SURFACE_WITH_KNOTS('',3,1,((#3134,#3135),(#3136,#3137),(#3138,
#3139),(#3140,#3141),(#3142,#3143)),.UNSPECIFIED.,.F.,.F.,.F.,(4,1,4),(2,
2),(0.,0.0177355170059879,0.0494408461879228),(0.,0.1),.UNSPECIFIED.);
#2037=B_SPLINE_SURFACE_WITH_KNOTS('',3,1,((#3157,#3158),(#3159,#3160),(#3161,
#3162),(#3163,#3164),(#3165,#3166)),.UNSPECIFIED.,.F.,.F.,.F.,(4,1,4),(2,
2),(0.,0.0138480830923733,0.0279644187781802),(0.,0.1),.UNSPECIFIED.);
#2038=B_SPLINE_SURFACE_WITH_KNOTS('',3,1,((#3180,#3181),(#3182,#3183),(#3184,
#3185),(#3186,#3187),(#3188,#3189)),.UNSPECIFIED.,.F.,.F.,.F.,(4,1,4),(2,
2),(0.,0.0184961429453422,0.0337069526184627),(0.,0.1),.UNSPECIFIED.);
#2039=B_SPLINE_SURFACE_WITH_KNOTS('',3,1,((#3203,#3204),(#3205,#3206),(#3207,
#3208),(#3209,#3210),(#3211,#3212)),.UNSPECIFIED.,.F.,.F.,.F.,(4,1,4),(2,
2),(0.,0.0192831090701476,0.0356260446955534),(0.,0.1),.UNSPECIFIED.);
#2040=B_SPLINE_SURFACE_WITH_KNOTS('',3,1,((#3232,#3233),(#3234,#3235),(#3236,
#3237),(#3238,#3239),(#3240,#3241)),.UNSPECIFIED.,.F.,.F.,.F.,(4,1,4),(2,
2),(0.,0.0188520971178655,0.0404046380096947),(0.,0.1),.UNSPECIFIED.);
#2041=B_SPLINE_SURFACE_WITH_KNOTS('',3,3,((#3363,#3364,#3365,#3366,#3367,
#3368,#3369,#3370,#3371,#3372),(#3373,#3374,#3375,#3376,#3377,#3378,#3379,
#3380,#3381,#3382),(#3383,#3384,#3385,#3386,#3387,#3388,#3389,#3390,#3391,
#3392),(#3393,#3394,#3395,#3396,#3397,#3398,#3399,#3400,#3401,#3402),(#3403,
#3404,#3405,#3406,#3407,#3408,#3409,#3410,#3411,#3412)),.UNSPECIFIED.,.F.,
 .F.,.F.,(4,1,4),(4,1,1,1,1,1,1,4),(0.,0.571428571428571,1.),(8.00696957296079E-16,
0.0830408770805601,0.166081754161119,0.249122631241679,0.332163508322238,
0.415204385402797,0.498245262483357,0.581286139563916),.UNSPECIFIED.);
#2042=B_SPLINE_SURFACE_WITH_KNOTS('',3,3,((#3469,#3470,#3471,#3472),(#3473,
#3474,#3475,#3476),(#3477,#3478,#3479,#3480),(#3481,#3482,#3483,#3484),
(#3485,#3486,#3487,#3488)),.UNSPECIFIED.,.F.,.F.,.F.,(4,1,4),(4,4),(0.,
0.571428571428571,1.),(1.11265315347636E-16,0.189413180685121),
 .UNSPECIFIED.);
#2043=B_SPLINE_SURFACE_WITH_KNOTS('',3,3,((#3500,#3501,#3502,#3503),(#3504,
#3505,#3506,#3507),(#3508,#3509,#3510,#3511),(#3512,#3513,#3514,#3515),
(#3516,#3517,#3518,#3519)),.UNSPECIFIED.,.F.,.F.,.F.,(4,1,4),(4,4),(0.,
0.571428571428571,1.),(0.,0.189413180685121),.UNSPECIFIED.);
#2044=B_SPLINE_SURFACE_WITH_KNOTS('',3,3,((#3537,#3538,#3539,#3540,#3541,
#3542,#3543,#3544,#3545),(#3546,#3547,#3548,#3549,#3550,#3551,#3552,#3553,
#3554),(#3555,#3556,#3557,#3558,#3559,#3560,#3561,#3562,#3563),(#3564,#3565,
#3566,#3567,#3568,#3569,#3570,#3571,#3572),(#3573,#3574,#3575,#3576,#3577,
#3578,#3579,#3580,#3581)),.UNSPECIFIED.,.F.,.F.,.F.,(4,1,4),(4,1,1,1,1,
1,4),(0.,0.571428571428571,1.),(0.,0.164844302875865,0.247266454313798,
0.32968860575173,0.412110757189663,0.494532908627595,0.576955060065528),
 .UNSPECIFIED.);
#2045=ADVANCED_FACE('',(#235),#2030,.F.);
#2046=ADVANCED_FACE('',(#236),#2031,.F.);
#2047=ADVANCED_FACE('',(#237),#2032,.F.);
#2048=ADVANCED_FACE('',(#238),#181,.F.);
#2049=ADVANCED_FACE('',(#239),#182,.F.);
#2050=ADVANCED_FACE('',(#240),#183,.F.);
#2051=ADVANCED_FACE('',(#241),#2033,.F.);
#2052=ADVANCED_FACE('',(#242),#2034,.F.);
#2053=ADVANCED_FACE('',(#243),#184,.F.);
#2054=ADVANCED_FACE('',(#244),#185,.F.);
#2055=ADVANCED_FACE('',(#245),#186,.F.);
#2056=ADVANCED_FACE('',(#246),#2035,.F.);
#2057=ADVANCED_FACE('',(#247),#2036,.F.);
#2058=ADVANCED_FACE('',(#248),#2037,.F.);
#2059=ADVANCED_FACE('',(#249),#2038,.F.);
#2060=ADVANCED_FACE('',(#250),#2039,.F.);
#2061=ADVANCED_FACE('',(#251),#187,.F.);
#2062=ADVANCED_FACE('',(#252),#2040,.F.);
#2063=ADVANCED_FACE('',(#253),#188,.T.);
#2064=ADVANCED_FACE('',(#254),#189,.F.);
#2065=ADVANCED_FACE('',(#255),#190,.F.);
#2066=ADVANCED_FACE('',(#256),#191,.F.);
#2067=ADVANCED_FACE('',(#257),#192,.F.);
#2068=ADVANCED_FACE('',(#258),#193,.F.);
#2069=ADVANCED_FACE('',(#259),#194,.F.);
#2070=ADVANCED_FACE('',(#260),#195,.F.);
#2071=ADVANCED_FACE('',(#261),#196,.F.);
#2072=ADVANCED_FACE('',(#262),#197,.F.);
#2073=ADVANCED_FACE('',(#263),#198,.F.);
#2074=ADVANCED_FACE('',(#264),#199,.F.);
#2075=ADVANCED_FACE('',(#265),#200,.F.);
#2076=ADVANCED_FACE('',(#266),#201,.F.);
#2077=ADVANCED_FACE('',(#267),#169,.F.);
#2078=ADVANCED_FACE('',(#268),#170,.F.);
#2079=ADVANCED_FACE('',(#269),#38,.F.);
#2080=ADVANCED_FACE('',(#270),#2041,.T.);
#2081=ADVANCED_FACE('',(#271),#39,.F.);
#2082=ADVANCED_FACE('',(#272),#171,.F.);
#2083=ADVANCED_FACE('',(#273),#172,.F.);
#2084=ADVANCED_FACE('',(#274),#2042,.T.);
#2085=ADVANCED_FACE('',(#275),#2043,.T.);
#2086=ADVANCED_FACE('',(#276),#40,.F.);
#2087=ADVANCED_FACE('',(#277),#2044,.T.);
#2088=ADVANCED_FACE('',(#278),#41,.F.);
#2089=ADVANCED_FACE('',(#279),#42,.T.);
#2090=ADVANCED_FACE('',(#280),#43,.T.);
#2091=ADVANCED_FACE('',(#281),#173,.T.);
#2092=ADVANCED_FACE('',(#282),#202,.T.);
#2093=ADVANCED_FACE('',(#283),#44,.T.);
#2094=ADVANCED_FACE('',(#284),#174,.T.);
#2095=ADVANCED_FACE('',(#285),#45,.T.);
#2096=ADVANCED_FACE('',(#286),#175,.T.);
#2097=ADVANCED_FACE('',(#287),#46,.T.);
#2098=ADVANCED_FACE('',(#288),#203,.T.);
#2099=ADVANCED_FACE('',(#289),#47,.F.);
#2100=ADVANCED_FACE('',(#290,#19),#204,.T.);
#2101=ADVANCED_FACE('',(#291),#48,.F.);
#2102=ADVANCED_FACE('',(#292,#20),#205,.T.);
#2103=ADVANCED_FACE('',(#293),#49,.F.);
#2104=ADVANCED_FACE('',(#294,#21),#206,.T.);
#2105=ADVANCED_FACE('',(#295),#50,.F.);
#2106=ADVANCED_FACE('',(#296,#22),#207,.T.);
#2107=ADVANCED_FACE('',(#297),#51,.F.);
#2108=ADVANCED_FACE('',(#298),#52,.F.);
#2109=ADVANCED_FACE('',(#299),#53,.F.);
#2110=ADVANCED_FACE('',(#300),#54,.F.);
#2111=ADVANCED_FACE('',(#301),#55,.T.);
#2112=ADVANCED_FACE('',(#302,#23),#208,.T.);
#2113=ADVANCED_FACE('',(#303),#209,.T.);
#2114=ADVANCED_FACE('',(#304),#210,.T.);
#2115=ADVANCED_FACE('',(#305),#211,.T.);
#2116=ADVANCED_FACE('',(#306),#56,.T.);
#2117=ADVANCED_FACE('',(#307,#24),#212,.F.);
#2118=ADVANCED_FACE('',(#308),#213,.F.);
#2119=ADVANCED_FACE('',(#309),#214,.F.);
#2120=ADVANCED_FACE('',(#310,#25),#215,.T.);
#2121=ADVANCED_FACE('',(#311),#57,.T.);
#2122=ADVANCED_FACE('',(#312,#26),#216,.F.);
#2123=ADVANCED_FACE('',(#313),#217,.F.);
#2124=ADVANCED_FACE('',(#314),#218,.F.);
#2125=ADVANCED_FACE('',(#315,#27),#219,.T.);
#2126=ADVANCED_FACE('',(#316),#58,.T.);
#2127=ADVANCED_FACE('',(#317,#28),#220,.T.);
#2128=ADVANCED_FACE('',(#318),#221,.T.);
#2129=ADVANCED_FACE('',(#319),#222,.T.);
#2130=ADVANCED_FACE('',(#320),#223,.T.);
#2131=ADVANCED_FACE('',(#321),#59,.T.);
#2132=ADVANCED_FACE('',(#322),#176,.T.);
#2133=ADVANCED_FACE('',(#323),#60,.T.);
#2134=ADVANCED_FACE('',(#324),#177,.T.);
#2135=ADVANCED_FACE('',(#325),#61,.T.);
#2136=ADVANCED_FACE('',(#326),#178,.T.);
#2137=ADVANCED_FACE('',(#327),#62,.T.);
#2138=ADVANCED_FACE('',(#328),#179,.T.);
#2139=ADVANCED_FACE('',(#329),#63,.F.);
#2140=ADVANCED_FACE('',(#330),#224,.F.);
#2141=ADVANCED_FACE('',(#331),#64,.F.);
#2142=ADVANCED_FACE('',(#332),#225,.F.);
#2143=ADVANCED_FACE('',(#333,#29),#226,.T.);
#2144=ADVANCED_FACE('',(#334,#30),#227,.T.);
#2145=ADVANCED_FACE('',(#335),#180,.T.);
#2146=ADVANCED_FACE('',(#336),#15,.F.);
#2147=ADVANCED_FACE('',(#337),#65,.T.);
#2148=ADVANCED_FACE('',(#338),#16,.F.);
#2149=ADVANCED_FACE('',(#339),#66,.T.);
#2150=ADVANCED_FACE('',(#340),#17,.F.);
#2151=ADVANCED_FACE('',(#341),#18,.F.);
#2152=ADVANCED_FACE('',(#342),#67,.T.);
#2153=ADVANCED_FACE('',(#343),#228,.T.);
#2154=ADVANCED_FACE('',(#344),#68,.T.);
#2155=ADVANCED_FACE('',(#345),#69,.T.);
#2156=ADVANCED_FACE('',(#346,#31,#32),#229,.T.);
#2157=ADVANCED_FACE('',(#347),#70,.T.);
#2158=ADVANCED_FACE('',(#348,#33,#34,#35,#36,#37),#230,.T.);
#2159=ADVANCED_FACE('',(#349),#71,.T.);
#2160=ADVANCED_FACE('',(#350),#231,.T.);
#2161=ADVANCED_FACE('',(#351),#72,.F.);
#2162=ADVANCED_FACE('',(#352),#232,.F.);
#2163=ADVANCED_FACE('',(#353),#233,.F.);
#2164=ADVANCED_FACE('',(#354),#73,.F.);
#2165=ADVANCED_FACE('',(#355),#234,.T.);
#2166=CLOSED_SHELL('',(#2045,#2046,#2047,#2048,#2049,#2050,#2051,#2052,
#2053,#2054,#2055,#2056,#2057,#2058,#2059,#2060,#2061,#2062,#2063,#2064,
#2065,#2066,#2067,#2068,#2069,#2070,#2071,#2072,#2073,#2074,#2075,#2076,
#2077,#2078,#2079,#2080,#2081,#2082,#2083,#2084,#2085,#2086,#2087,#2088,
#2089,#2090,#2091,#2092,#2093,#2094,#2095,#2096,#2097,#2098,#2099,#2100,
#2101,#2102,#2103,#2104,#2105,#2106,#2107,#2108,#2109,#2110,#2111,#2112,
#2113,#2114,#2115,#2116,#2117,#2118,#2119,#2120,#2121,#2122,#2123,#2124,
#2125,#2126,#2127,#2128,#2129,#2130,#2131,#2132,#2133,#2134,#2135,#2136,
#2137,#2138,#2139,#2140,#2141,#2142,#2143,#2144,#2145,#2146,#2147,#2148,
#2149,#2150,#2151,#2152,#2153,#2154,#2155,#2156,#2157,#2158,#2159,#2160,
#2161,#2162,#2163,#2164,#2165));
#2167=DERIVED_UNIT_ELEMENT(#2169,1.);
#2168=DERIVED_UNIT_ELEMENT(#4021,-3.);
#2169=(
MASS_UNIT()
NAMED_UNIT(*)
SI_UNIT(.KILO.,.GRAM.)
);
#2170=DERIVED_UNIT((#2167,#2168));
#2171=MEASURE_REPRESENTATION_ITEM('density measure',
POSITIVE_RATIO_MEASURE(7850.),#2170);
#2172=PROPERTY_DEFINITION_REPRESENTATION(#2177,#2174);
#2173=PROPERTY_DEFINITION_REPRESENTATION(#2178,#2175);
#2174=REPRESENTATION('material name',(#2176),#4018);
#2175=REPRESENTATION('density',(#2171),#4018);
#2176=DESCRIPTIVE_REPRESENTATION_ITEM('Steel','Steel');
#2177=PROPERTY_DEFINITION('material property','material name',#4028);
#2178=PROPERTY_DEFINITION('material property','density of part',#4028);
#2179=AXIS2_PLACEMENT_3D('',#2956,#2377,#2378);
#2180=AXIS2_PLACEMENT_3D('',#3029,#2383,#2384);
#2181=AXIS2_PLACEMENT_3D('',#3035,#2388,#2389);
#2182=AXIS2_PLACEMENT_3D('',#3041,#2393,#2394);
#2183=AXIS2_PLACEMENT_3D('',#3093,#2400,#2401);
#2184=AXIS2_PLACEMENT_3D('',#3099,#2405,#2406);
#2185=AXIS2_PLACEMENT_3D('',#3105,#2410,#2411);
#2186=AXIS2_PLACEMENT_3D('',#3226,#2420,#2421);
#2187=AXIS2_PLACEMENT_3D('',#3252,#2425,#2426);
#2188=AXIS2_PLACEMENT_3D('',#3253,#2427,#2428);
#2189=AXIS2_PLACEMENT_3D('',#3262,#2433,#2434);
#2190=AXIS2_PLACEMENT_3D('',#3268,#2438,#2439);
#2191=AXIS2_PLACEMENT_3D('',#3274,#2443,#2444);
#2192=AXIS2_PLACEMENT_3D('',#3280,#2448,#2449);
#2193=AXIS2_PLACEMENT_3D('',#3286,#2453,#2454);
#2194=AXIS2_PLACEMENT_3D('',#3292,#2458,#2459);
#2195=AXIS2_PLACEMENT_3D('',#3298,#2463,#2464);
#2196=AXIS2_PLACEMENT_3D('',#3304,#2468,#2469);
#2197=AXIS2_PLACEMENT_3D('',#3310,#2473,#2474);
#2198=AXIS2_PLACEMENT_3D('',#3316,#2478,#2479);
#2199=AXIS2_PLACEMENT_3D('',#3322,#2483,#2484);
#2200=AXIS2_PLACEMENT_3D('',#3325,#2487,#2488);
#2201=AXIS2_PLACEMENT_3D('',#3326,#2489,#2490);
#2202=AXIS2_PLACEMENT_3D('',#3329,#2491,#2492);
#2203=AXIS2_PLACEMENT_3D('',#3331,#2493,#2494);
#2204=AXIS2_PLACEMENT_3D('',#3333,#2495,#2496);
#2205=AXIS2_PLACEMENT_3D('',#3348,#2497,#2498);
#2206=AXIS2_PLACEMENT_3D('',#3350,#2499,#2500);
#2207=AXIS2_PLACEMENT_3D('',#3352,#2501,#2502);
#2208=AXIS2_PLACEMENT_3D('',#3353,#2503,#2504);
#2209=AXIS2_PLACEMENT_3D('',#3354,#2505,#2506);
#2210=AXIS2_PLACEMENT_3D('',#3357,#2507,#2508);
#2211=AXIS2_PLACEMENT_3D('',#3361,#2510,#2511);
#2212=AXIS2_PLACEMENT_3D('',#3415,#2513,#2514);
#2213=AXIS2_PLACEMENT_3D('',#3441,#2515,#2516);
#2214=AXIS2_PLACEMENT_3D('',#3444,#2519,#2520);
#2215=AXIS2_PLACEMENT_3D('',#3446,#2521,#2522);
#2216=AXIS2_PLACEMENT_3D('',#3448,#2523,#2524);
#2217=AXIS2_PLACEMENT_3D('',#3463,#2525,#2526);
#2218=AXIS2_PLACEMENT_3D('',#3465,#2527,#2528);
#2219=AXIS2_PLACEMENT_3D('',#3467,#2529,#2530);
#2220=AXIS2_PLACEMENT_3D('',#3468,#2531,#2532);
#2221=AXIS2_PLACEMENT_3D('',#3491,#2533,#2534);
#2222=AXIS2_PLACEMENT_3D('',#3526,#2535,#2536);
#2223=AXIS2_PLACEMENT_3D('',#3531,#2537,#2538);
#2224=AXIS2_PLACEMENT_3D('',#3534,#2539,#2540);
#2225=AXIS2_PLACEMENT_3D('',#3584,#2543,#2544);
#2226=AXIS2_PLACEMENT_3D('',#3608,#2545,#2546);
#2227=AXIS2_PLACEMENT_3D('',#3611,#2549,#2550);
#2228=AXIS2_PLACEMENT_3D('',#3615,#2552,#2553);
#2229=AXIS2_PLACEMENT_3D('',#3617,#2555,#2556);
#2230=AXIS2_PLACEMENT_3D('',#3620,#2558,#2559);
#2231=AXIS2_PLACEMENT_3D('',#3621,#2560,#2561);
#2232=AXIS2_PLACEMENT_3D('',#3622,#2562,#2563);
#2233=AXIS2_PLACEMENT_3D('',#3623,#2564,#2565);
#2234=AXIS2_PLACEMENT_3D('',#3624,#2566,#2567);
#2235=AXIS2_PLACEMENT_3D('',#3625,#2568,#2569);
#2236=AXIS2_PLACEMENT_3D('',#3628,#2571,#2572);
#2237=AXIS2_PLACEMENT_3D('',#3629,#2573,#2574);
#2238=AXIS2_PLACEMENT_3D('',#3633,#2576,#2577);
#2239=AXIS2_PLACEMENT_3D('',#3637,#2579,#2580);
#2240=AXIS2_PLACEMENT_3D('',#3639,#2582,#2583);
#2241=AXIS2_PLACEMENT_3D('',#3642,#2584,#2585);
#2242=AXIS2_PLACEMENT_3D('',#3643,#2586,#2587);
#2243=AXIS2_PLACEMENT_3D('',#3644,#2588,#2589);
#2244=AXIS2_PLACEMENT_3D('',#3645,#2590,#2591);
#2245=AXIS2_PLACEMENT_3D('',#3648,#2594,#2595);
#2246=AXIS2_PLACEMENT_3D('',#3649,#2596,#2597);
#2247=AXIS2_PLACEMENT_3D('',#3650,#2598,#2599);
#2248=AXIS2_PLACEMENT_3D('',#3651,#2600,#2601);
#2249=AXIS2_PLACEMENT_3D('',#3652,#2602,#2603);
#2250=AXIS2_PLACEMENT_3D('',#3654,#2604,#2605);
#2251=AXIS2_PLACEMENT_3D('',#3657,#2607,#2608);
#2252=AXIS2_PLACEMENT_3D('',#3658,#2609,#2610);
#2253=AXIS2_PLACEMENT_3D('',#3660,#2611,#2612);
#2254=AXIS2_PLACEMENT_3D('',#3661,#2613,#2614);
#2255=AXIS2_PLACEMENT_3D('',#3663,#2615,#2616);
#2256=AXIS2_PLACEMENT_3D('',#3666,#2618,#2619);
#2257=AXIS2_PLACEMENT_3D('',#3667,#2620,#2621);
#2258=AXIS2_PLACEMENT_3D('',#3669,#2622,#2623);
#2259=AXIS2_PLACEMENT_3D('',#3670,#2624,#2625);
#2260=AXIS2_PLACEMENT_3D('',#3672,#2626,#2627);
#2261=AXIS2_PLACEMENT_3D('',#3675,#2629,#2630);
#2262=AXIS2_PLACEMENT_3D('',#3676,#2631,#2632);
#2263=AXIS2_PLACEMENT_3D('',#3678,#2633,#2634);
#2264=AXIS2_PLACEMENT_3D('',#3679,#2635,#2636);
#2265=AXIS2_PLACEMENT_3D('',#3681,#2637,#2638);
#2266=AXIS2_PLACEMENT_3D('',#3684,#2640,#2641);
#2267=AXIS2_PLACEMENT_3D('',#3685,#2642,#2643);
#2268=AXIS2_PLACEMENT_3D('',#3687,#2644,#2645);
#2269=AXIS2_PLACEMENT_3D('',#3688,#2646,#2647);
#2270=AXIS2_PLACEMENT_3D('',#3691,#2649,#2650);
#2271=AXIS2_PLACEMENT_3D('',#3692,#2651,#2652);
#2272=AXIS2_PLACEMENT_3D('',#3695,#2654,#2655);
#2273=AXIS2_PLACEMENT_3D('',#3696,#2656,#2657);
#2274=AXIS2_PLACEMENT_3D('',#3699,#2659,#2660);
#2275=AXIS2_PLACEMENT_3D('',#3700,#2661,#2662);
#2276=AXIS2_PLACEMENT_3D('',#3703,#2664,#2665);
#2277=AXIS2_PLACEMENT_3D('',#3704,#2666,#2667);
#2278=AXIS2_PLACEMENT_3D('',#3707,#2668,#2669);
#2279=AXIS2_PLACEMENT_3D('',#3711,#2671,#2672);
#2280=AXIS2_PLACEMENT_3D('',#3713,#2674,#2675);
#2281=AXIS2_PLACEMENT_3D('',#3721,#2680,#2681);
#2282=AXIS2_PLACEMENT_3D('',#3725,#2684,#2685);
#2283=AXIS2_PLACEMENT_3D('',#3729,#2688,#2689);
#2284=AXIS2_PLACEMENT_3D('',#3741,#2696,#2697);
#2285=AXIS2_PLACEMENT_3D('',#3744,#2698,#2699);
#2286=AXIS2_PLACEMENT_3D('',#3748,#2701,#2702);
#2287=AXIS2_PLACEMENT_3D('',#3750,#2704,#2705);
#2288=AXIS2_PLACEMENT_3D('',#3758,#2710,#2711);
#2289=AXIS2_PLACEMENT_3D('',#3762,#2714,#2715);
#2290=AXIS2_PLACEMENT_3D('',#3766,#2718,#2719);
#2291=AXIS2_PLACEMENT_3D('',#3773,#2723,#2724);
#2292=AXIS2_PLACEMENT_3D('',#3777,#2726,#2727);
#2293=AXIS2_PLACEMENT_3D('',#3781,#2729,#2730);
#2294=AXIS2_PLACEMENT_3D('',#3785,#2732,#2733);
#2295=AXIS2_PLACEMENT_3D('',#3787,#2735,#2736);
#2296=AXIS2_PLACEMENT_3D('',#3790,#2737,#2738);
#2297=AXIS2_PLACEMENT_3D('',#3794,#2740,#2741);
#2298=AXIS2_PLACEMENT_3D('',#3796,#2743,#2744);
#2299=AXIS2_PLACEMENT_3D('',#3801,#2748,#2749);
#2300=AXIS2_PLACEMENT_3D('',#3805,#2752,#2753);
#2301=AXIS2_PLACEMENT_3D('',#3807,#2755,#2756);
#2302=AXIS2_PLACEMENT_3D('',#3818,#2762,#2763);
#2303=AXIS2_PLACEMENT_3D('',#3819,#2764,#2765);
#2304=AXIS2_PLACEMENT_3D('',#3822,#2766,#2767);
#2305=AXIS2_PLACEMENT_3D('',#3826,#2769,#2770);
#2306=AXIS2_PLACEMENT_3D('',#3828,#2772,#2773);
#2307=AXIS2_PLACEMENT_3D('',#3833,#2777,#2778);
#2308=AXIS2_PLACEMENT_3D('',#3835,#2780,#2781);
#2309=AXIS2_PLACEMENT_3D('',#3839,#2784,#2785);
#2310=AXIS2_PLACEMENT_3D('',#3842,#2788,#2789);
#2311=AXIS2_PLACEMENT_3D('',#3845,#2790,#2791);
#2312=AXIS2_PLACEMENT_3D('',#3849,#2793,#2794);
#2313=AXIS2_PLACEMENT_3D('',#3851,#2796,#2797);
#2314=AXIS2_PLACEMENT_3D('',#3854,#2798,#2799);
#2315=AXIS2_PLACEMENT_3D('',#3855,#2800,#2801);
#2316=AXIS2_PLACEMENT_3D('',#3856,#2802,#2803);
#2317=AXIS2_PLACEMENT_3D('',#3857,#2804,#2805);
#2318=AXIS2_PLACEMENT_3D('',#3860,#2806,#2807);
#2319=AXIS2_PLACEMENT_3D('',#3863,#2810,#2811);
#2320=AXIS2_PLACEMENT_3D('',#3866,#2812,#2813);
#2321=AXIS2_PLACEMENT_3D('',#3867,#2814,#2815);
#2322=AXIS2_PLACEMENT_3D('',#3868,#2816,#2817);
#2323=AXIS2_PLACEMENT_3D('',#3869,#2818,#2819);
#2324=AXIS2_PLACEMENT_3D('',#3872,#2820,#2821);
#2325=AXIS2_PLACEMENT_3D('',#3875,#2824,#2825);
#2326=AXIS2_PLACEMENT_3D('',#3878,#2826,#2827);
#2327=AXIS2_PLACEMENT_3D('',#3879,#2828,#2829);
#2328=AXIS2_PLACEMENT_3D('',#3880,#2830,#2831);
#2329=AXIS2_PLACEMENT_3D('',#3881,#2832,#2833);
#2330=AXIS2_PLACEMENT_3D('',#3884,#2834,#2835);
#2331=AXIS2_PLACEMENT_3D('',#3887,#2838,#2839);
#2332=AXIS2_PLACEMENT_3D('',#3888,#2840,#2841);
#2333=AXIS2_PLACEMENT_3D('',#3889,#2842,#2843);
#2334=AXIS2_PLACEMENT_3D('',#3890,#2844,#2845);
#2335=AXIS2_PLACEMENT_3D('',#3893,#2848,#2849);
#2336=AXIS2_PLACEMENT_3D('',#3895,#2851,#2852);
#2337=AXIS2_PLACEMENT_3D('',#3897,#2854,#2855);
#2338=AXIS2_PLACEMENT_3D('',#3899,#2857,#2858);
#2339=AXIS2_PLACEMENT_3D('',#3908,#2863,#2864);
#2340=AXIS2_PLACEMENT_3D('',#3918,#2869,#2870);
#2341=AXIS2_PLACEMENT_3D('',#3919,#2871,#2872);
#2342=AXIS2_PLACEMENT_3D('',#3920,#2873,#2874);
#2343=AXIS2_PLACEMENT_3D('',#3931,#2875,#2876);
#2344=AXIS2_PLACEMENT_3D('',#3933,#2877,#2878);
#2345=AXIS2_PLACEMENT_3D('',#3935,#2879,#2880);
#2346=AXIS2_PLACEMENT_3D('',#3936,#2881,#2882);
#2347=AXIS2_PLACEMENT_3D('',#3937,#2883,#2884);
#2348=AXIS2_PLACEMENT_3D('',#3940,#2885,#2886);
#2349=AXIS2_PLACEMENT_3D('',#3953,#2889,#2890);
#2350=AXIS2_PLACEMENT_3D('',#3954,#2891,#2892);
#2351=AXIS2_PLACEMENT_3D('',#3955,#2893,#2894);
#2352=AXIS2_PLACEMENT_3D('',#3956,#2895,#2896);
#2353=AXIS2_PLACEMENT_3D('',#3958,#2897,#2898);
#2354=AXIS2_PLACEMENT_3D('',#3969,#2900,#2901);
#2355=AXIS2_PLACEMENT_3D('',#3970,#2902,#2903);
#2356=AXIS2_PLACEMENT_3D('',#3981,#2904,#2905);
#2357=AXIS2_PLACEMENT_3D('',#3982,#2906,#2907);
#2358=AXIS2_PLACEMENT_3D('',#3983,#2908,#2909);
#2359=AXIS2_PLACEMENT_3D('',#3984,#2910,#2911);
#2360=AXIS2_PLACEMENT_3D('',#3986,#2913,#2914);
#2361=AXIS2_PLACEMENT_3D('',#3992,#2918,#2919);
#2362=AXIS2_PLACEMENT_3D('',#3993,#2920,#2921);
#2363=AXIS2_PLACEMENT_3D('',#3994,#2922,#2923);
#2364=AXIS2_PLACEMENT_3D('',#3997,#2925,#2926);
#2365=AXIS2_PLACEMENT_3D('',#3998,#2927,#2928);
#2366=AXIS2_PLACEMENT_3D('',#3999,#2929,#2930);
#2367=AXIS2_PLACEMENT_3D('',#4000,#2931,#2932);
#2368=AXIS2_PLACEMENT_3D('',#4001,#2933,#2934);
#2369=AXIS2_PLACEMENT_3D('',#4004,#2936,#2937);
#2370=AXIS2_PLACEMENT_3D('',#4005,#2938,#2939);
#2371=AXIS2_PLACEMENT_3D('',#4007,#2941,#2942);
#2372=AXIS2_PLACEMENT_3D('',#4008,#2943,#2944);
#2373=AXIS2_PLACEMENT_3D('',#4011,#2947,#2948);
#2374=AXIS2_PLACEMENT_3D('',#4012,#2949,#2950);
#2375=AXIS2_PLACEMENT_3D('',#4014,#2952,#2953);
#2376=AXIS2_PLACEMENT_3D('',#4015,#2954,#2955);
#2377=DIRECTION('axis',(0.,0.,1.));
#2378=DIRECTION('refdir',(1.,0.,0.));
#2379=DIRECTION('',(0.,1.,0.));
#2380=DIRECTION('',(0.,1.,0.));
#2381=DIRECTION('',(0.,1.,0.));
#2382=DIRECTION('',(0.,1.,0.));
#2383=DIRECTION('center_axis',(-0.936613938473548,0.,0.35036314055144));
#2384=DIRECTION('ref_axis',(0.35036314055144,0.,0.936613938473548));
#2385=DIRECTION('',(0.35036314055144,0.,0.936613938473548));
#2386=DIRECTION('',(0.,1.,0.));
#2387=DIRECTION('',(0.35036314055144,0.,0.936613938473548));
#2388=DIRECTION('center_axis',(0.,0.,-1.));
#2389=DIRECTION('ref_axis',(-1.,0.,0.));
#2390=DIRECTION('',(-1.,0.,0.));
#2391=DIRECTION('',(0.,1.,0.));
#2392=DIRECTION('',(-1.,0.,0.));
#2393=DIRECTION('center_axis',(0.938859991326743,0.,-0.344299167419771));
#2394=DIRECTION('ref_axis',(-0.344299167419771,0.,-0.938859991326743));
#2395=DIRECTION('',(-0.344299167419771,0.,-0.938859991326743));
#2396=DIRECTION('',(0.,1.,0.));
#2397=DIRECTION('',(-0.344299167419771,0.,-0.938859991326743));
#2398=DIRECTION('',(0.,1.,0.));
#2399=DIRECTION('',(0.,1.,0.));
#2400=DIRECTION('center_axis',(-0.941082441313235,0.,-0.338177229647298));
#2401=DIRECTION('ref_axis',(-0.338177229647298,0.,0.941082441313235));
#2402=DIRECTION('',(-0.338177229647298,0.,0.941082441313235));
#2403=DIRECTION('',(0.,1.,0.));
#2404=DIRECTION('',(-0.338177229647297,0.,0.941082441313235));
#2405=DIRECTION('center_axis',(0.,0.,-1.));
#2406=DIRECTION('ref_axis',(-1.,0.,0.));
#2407=DIRECTION('',(-1.,0.,0.));
#2408=DIRECTION('',(0.,1.,0.));
#2409=DIRECTION('',(-1.,0.,0.));
#2410=DIRECTION('center_axis',(0.935168206637614,0.,0.354203931788157));
#2411=DIRECTION('ref_axis',(0.354203931788157,0.,-0.935168206637614));
#2412=DIRECTION('',(0.354203931788157,0.,-0.935168206637614));
#2413=DIRECTION('',(0.,1.,0.));
#2414=DIRECTION('',(0.354203931788157,0.,-0.935168206637614));
#2415=DIRECTION('',(0.,1.,0.));
#2416=DIRECTION('',(0.,1.,0.));
#2417=DIRECTION('',(0.,1.,0.));
#2418=DIRECTION('',(0.,1.,0.));
#2419=DIRECTION('',(0.,1.,0.));
#2420=DIRECTION('center_axis',(0.993070165302488,0.,0.117522962803399));
#2421=DIRECTION('ref_axis',(0.117522962803399,0.,-0.993070165302488));
#2422=DIRECTION('',(0.117522962803399,0.,-0.993070165302488));
#2423=DIRECTION('',(0.,1.,0.));
#2424=DIRECTION('',(0.117522962803399,0.,-0.993070165302488));
#2425=DIRECTION('center_axis',(0.,-1.,0.));
#2426=DIRECTION('ref_axis',(1.,0.,0.));
#2427=DIRECTION('center_axis',(-1.,0.,0.));
#2428=DIRECTION('ref_axis',(0.,0.,1.));
#2429=DIRECTION('',(0.,0.,1.));
#2430=DIRECTION('',(0.,1.,0.));
#2431=DIRECTION('',(0.,0.,1.));
#2432=DIRECTION('',(0.,1.,0.));
#2433=DIRECTION('center_axis',(-0.698100303181736,0.,0.715999976744111));
#2434=DIRECTION('ref_axis',(0.715999976744111,0.,0.698100303181736));
#2435=DIRECTION('',(0.715999976744111,0.,0.698100303181736));
#2436=DIRECTION('',(0.,1.,0.));
#2437=DIRECTION('',(0.715999976744111,0.,0.698100303181736));
#2438=DIRECTION('center_axis',(0.817883319720441,0.,0.575384111114542));
#2439=DIRECTION('ref_axis',(0.575384111114542,0.,-0.817883319720441));
#2440=DIRECTION('',(0.575384111114542,0.,-0.817883319720441));
#2441=DIRECTION('',(0.,1.,0.));
#2442=DIRECTION('',(0.575384111114542,0.,-0.817883319720441));
#2443=DIRECTION('center_axis',(0.,0.,1.));
#2444=DIRECTION('ref_axis',(1.,0.,0.));
#2445=DIRECTION('',(1.,0.,0.));
#2446=DIRECTION('',(0.,1.,0.));
#2447=DIRECTION('',(1.,0.,0.));
#2448=DIRECTION('center_axis',(-0.805287929258819,0.,-0.592883927080203));
#2449=DIRECTION('ref_axis',(-0.592883927080203,0.,0.805287929258819));
#2450=DIRECTION('',(-0.592883927080203,0.,0.805287929258819));
#2451=DIRECTION('',(0.,1.,0.));
#2452=DIRECTION('',(-0.592883927080203,0.,0.805287929258819));
#2453=DIRECTION('center_axis',(-0.694719759471483,0.,0.719280512595666));
#2454=DIRECTION('ref_axis',(0.719280512595666,0.,0.694719759471483));
#2455=DIRECTION('',(0.719280512595666,0.,0.694719759471483));
#2456=DIRECTION('',(0.,1.,0.));
#2457=DIRECTION('',(0.719280512595666,0.,0.694719759471483));
#2458=DIRECTION('center_axis',(0.,0.,-1.));
#2459=DIRECTION('ref_axis',(-1.,0.,0.));
#2460=DIRECTION('',(-1.,0.,0.));
#2461=DIRECTION('',(0.,1.,0.));
#2462=DIRECTION('',(-1.,0.,0.));
#2463=DIRECTION('center_axis',(0.706620681773784,0.,-0.707592546660543));
#2464=DIRECTION('ref_axis',(-0.707592546660543,0.,-0.706620681773784));
#2465=DIRECTION('',(-0.707592546660543,0.,-0.706620681773784));
#2466=DIRECTION('',(0.,1.,0.));
#2467=DIRECTION('',(-0.707592546660543,0.,-0.706620681773784));
#2468=DIRECTION('center_axis',(-1.,0.,0.));
#2469=DIRECTION('ref_axis',(0.,0.,1.));
#2470=DIRECTION('',(0.,0.,1.));
#2471=DIRECTION('',(0.,1.,0.));
#2472=DIRECTION('',(0.,0.,1.));
#2473=DIRECTION('center_axis',(0.,0.,-1.));
#2474=DIRECTION('ref_axis',(-1.,0.,0.));
#2475=DIRECTION('',(-1.,0.,0.));
#2476=DIRECTION('',(0.,1.,0.));
#2477=DIRECTION('',(-1.,0.,0.));
#2478=DIRECTION('center_axis',(1.,0.,4.44089209850063E-16));
#2479=DIRECTION('ref_axis',(4.44089209850063E-16,0.,-1.));
#2480=DIRECTION('',(4.44089209850063E-16,0.,-1.));
#2481=DIRECTION('',(0.,1.,0.));
#2482=DIRECTION('',(4.44089209850063E-16,0.,-1.));
#2483=DIRECTION('center_axis',(0.,0.,1.));
#2484=DIRECTION('ref_axis',(1.,0.,0.));
#2485=DIRECTION('',(1.,0.,0.));
#2486=DIRECTION('',(1.,0.,0.));
#2487=DIRECTION('center_axis',(0.,1.,0.));
#2488=DIRECTION('ref_axis',(0.,0.,1.));
#2489=DIRECTION('center_axis',(5.78241158658936E-17,0.,1.));
#2490=DIRECTION('ref_axis',(1.,0.,0.));
#2491=DIRECTION('center_axis',(5.78241158658936E-17,0.,1.));
#2492=DIRECTION('ref_axis',(-0.408248290463862,-0.912870929175277,0.));
#2493=DIRECTION('center_axis',(0.857142844370435,-0.515078774892307,2.85926157690579E-16));
#2494=DIRECTION('ref_axis',(0.515078774892307,0.857142844370435,0.));
#2495=DIRECTION('center_axis',(-5.78241158658936E-17,0.,-1.));
#2496=DIRECTION('ref_axis',(-0.408248290463862,-0.912870929175277,2.36065964498354E-17));
#2497=DIRECTION('center_axis',(-5.78241158658936E-17,0.,-1.));
#2498=DIRECTION('ref_axis',(-1.,0.,0.));
#2499=DIRECTION('center_axis',(-5.78241158658936E-17,0.,-1.));
#2500=DIRECTION('ref_axis',(-0.707106781186548,0.707106781186547,4.088782444489E-17));
#2501=DIRECTION('center_axis',(1.,0.,0.));
#2502=DIRECTION('ref_axis',(0.,0.,1.));
#2503=DIRECTION('center_axis',(5.78241158658936E-17,0.,1.));
#2504=DIRECTION('ref_axis',(-0.707106781186548,0.707106781186547,0.));
#2505=DIRECTION('center_axis',(-1.,-6.93889390390723E-17,5.78241158658936E-17));
#2506=DIRECTION('ref_axis',(0.,-0.707106781186548,0.707106781186547));
#2507=DIRECTION('center_axis',(-1.,0.,0.));
#2508=DIRECTION('ref_axis',(0.,-1.,0.));
#2509=DIRECTION('',(1.,6.93889390390723E-17,-5.78241158658936E-17));
#2510=DIRECTION('center_axis',(1.,0.,0.));
#2511=DIRECTION('ref_axis',(0.,0.,1.));
#2512=DIRECTION('',(-1.,-6.93889390390723E-17,5.78241158658936E-17));
#2513=DIRECTION('center_axis',(-1.,0.,0.));
#2514=DIRECTION('ref_axis',(0.,-1.,-2.77555756156289E-16));
#2515=DIRECTION('center_axis',(-1.,-6.93889390390723E-17,5.78241158658936E-17));
#2516=DIRECTION('ref_axis',(0.,-0.707106781186548,0.707106781186547));
#2517=DIRECTION('',(-1.,-6.93889390390723E-17,5.78241158658936E-17));
#2518=DIRECTION('',(1.,6.93889390390723E-17,-5.78241158658936E-17));
#2519=DIRECTION('center_axis',(-5.78241158658936E-17,0.,-1.));
#2520=DIRECTION('ref_axis',(0.777742888781887,0.628582531533613,0.));
#2521=DIRECTION('center_axis',(5.78241158658936E-17,0.,1.));
#2522=DIRECTION('ref_axis',(0.707106781186548,0.707106781186547,0.));
#2523=DIRECTION('center_axis',(-5.78241158658936E-17,0.,-1.));
#2524=DIRECTION('ref_axis',(0.707106781186548,0.707106781186547,-4.088782444489E-17));
#2525=DIRECTION('center_axis',(5.78241158658936E-17,0.,1.));
#2526=DIRECTION('ref_axis',(1.,0.,0.));
#2527=DIRECTION('center_axis',(-5.78241158658936E-17,0.,-1.));
#2528=DIRECTION('ref_axis',(0.408248290463862,-0.912870929175277,-2.36065964498354E-17));
#2529=DIRECTION('center_axis',(-0.857142844370436,-0.515078774892306,0.));
#2530=DIRECTION('ref_axis',(0.,0.,1.));
#2531=DIRECTION('center_axis',(5.78241158658936E-17,0.,1.));
#2532=DIRECTION('ref_axis',(0.408248290463862,-0.912870929175277,0.));
#2533=DIRECTION('center_axis',(1.,0.,0.));
#2534=DIRECTION('ref_axis',(0.,1.,2.77555756156289E-16));
#2535=DIRECTION('center_axis',(-1.,0.,0.));
#2536=DIRECTION('ref_axis',(0.,0.125000011175869,0.992156740241194));
#2537=DIRECTION('center_axis',(1.,0.,-5.78241158658936E-17));
#2538=DIRECTION('ref_axis',(0.,0.75000000372529,0.661437823542066));
#2539=DIRECTION('center_axis',(1.,0.,0.));
#2540=DIRECTION('ref_axis',(0.,1.,-2.77555756156289E-16));
#2541=DIRECTION('',(-1.,0.,5.78241158658936E-17));
#2542=DIRECTION('',(1.,0.,-5.78241158658936E-17));
#2543=DIRECTION('center_axis',(1.,0.,0.));
#2544=DIRECTION('ref_axis',(0.,1.,8.32667268468867E-16));
#2545=DIRECTION('center_axis',(1.,0.,-5.78241158658936E-17));
#2546=DIRECTION('ref_axis',(0.,0.75000000372529,0.661437823542066));
#2547=DIRECTION('',(1.,0.,-5.78241158658936E-17));
#2548=DIRECTION('',(-1.,0.,5.78241158658936E-17));
#2549=DIRECTION('center_axis',(0.,0.,1.));
#2550=DIRECTION('ref_axis',(-0.74535599249993,-0.666666666666667,0.));
#2551=DIRECTION('',(0.,0.,1.));
#2552=DIRECTION('center_axis',(0.,0.,-1.));
#2553=DIRECTION('ref_axis',(0.,-1.,0.));
#2554=DIRECTION('',(0.,0.,1.));
#2555=DIRECTION('center_axis',(0.,0.,-1.));
#2556=DIRECTION('ref_axis',(-0.707106781186547,0.707106781186548,0.));
#2557=DIRECTION('',(0.,0.,-1.));
#2558=DIRECTION('center_axis',(0.,0.,1.));
#2559=DIRECTION('ref_axis',(0.,1.,0.));
#2560=DIRECTION('center_axis',(6.93889390390723E-17,-1.,0.));
#2561=DIRECTION('ref_axis',(0.,0.,-1.));
#2562=DIRECTION('center_axis',(-6.93889390390723E-17,1.,0.));
#2563=DIRECTION('ref_axis',(-1.,-6.93889390390723E-17,0.));
#2564=DIRECTION('center_axis',(-1.,-6.93889390390723E-17,0.));
#2565=DIRECTION('ref_axis',(0.,0.,1.));
#2566=DIRECTION('center_axis',(0.,-1.,0.));
#2567=DIRECTION('ref_axis',(-1.,0.,0.));
#2568=DIRECTION('center_axis',(-6.93889390390723E-17,1.,0.));
#2569=DIRECTION('ref_axis',(1.,6.93889390390723E-17,0.));
#2570=DIRECTION('',(0.,0.,1.));
#2571=DIRECTION('center_axis',(6.93889390390723E-17,-1.,0.));
#2572=DIRECTION('ref_axis',(-7.2280144832367E-16,-5.01544256350843E-32,
-1.));
#2573=DIRECTION('center_axis',(1.,0.,-5.78241158658936E-17));
#2574=DIRECTION('ref_axis',(0.,-0.707106781186548,-0.707106781186547));
#2575=DIRECTION('',(1.,0.,-5.78241158658936E-17));
#2576=DIRECTION('center_axis',(1.,0.,0.));
#2577=DIRECTION('ref_axis',(0.,-1.,0.));
#2578=DIRECTION('',(-1.,0.,5.78241158658936E-17));
#2579=DIRECTION('center_axis',(1.,0.,-2.77555756156289E-16));
#2580=DIRECTION('ref_axis',(0.,-1.,0.));
#2581=DIRECTION('',(1.,0.,-5.78241158658936E-17));
#2582=DIRECTION('center_axis',(6.93889390390723E-17,-1.,0.));
#2583=DIRECTION('ref_axis',(0.,0.,-1.));
#2584=DIRECTION('center_axis',(0.,0.,-1.));
#2585=DIRECTION('ref_axis',(0.74535599249993,-0.666666666666667,0.));
#2586=DIRECTION('center_axis',(-6.93889390390723E-17,1.,0.));
#2587=DIRECTION('ref_axis',(-2.13199781233127E-17,0.,1.));
#2588=DIRECTION('center_axis',(-6.93889390390723E-17,1.,0.));
#2589=DIRECTION('ref_axis',(-7.2280144832367E-16,0.,-1.));
#2590=DIRECTION('center_axis',(0.,0.,-1.));
#2591=DIRECTION('ref_axis',(0.74535599249993,-0.666666666666666,0.));
#2592=DIRECTION('',(0.,0.,-1.));
#2593=DIRECTION('',(0.,0.,-1.));
#2594=DIRECTION('center_axis',(6.93889390390723E-17,-1.,0.));
#2595=DIRECTION('ref_axis',(0.,0.,-1.));
#2596=DIRECTION('center_axis',(0.,0.,-1.));
#2597=DIRECTION('ref_axis',(0.,1.,0.));
#2598=DIRECTION('center_axis',(0.,0.,-1.));
#2599=DIRECTION('ref_axis',(0.707106781186549,0.707106781186546,0.));
#2600=DIRECTION('center_axis',(0.,-1.,0.));
#2601=DIRECTION('ref_axis',(-1.,0.,0.));
#2602=DIRECTION('center_axis',(0.,-1.,0.));
#2603=DIRECTION('ref_axis',(-1.,0.,0.));
#2604=DIRECTION('center_axis',(0.,-1.,0.));
#2605=DIRECTION('ref_axis',(-1.,0.,0.));
#2606=DIRECTION('',(0.,-1.,0.));
#2607=DIRECTION('center_axis',(0.,-1.,0.));
#2608=DIRECTION('ref_axis',(-1.,0.,0.));
#2609=DIRECTION('center_axis',(0.,1.,0.));
#2610=DIRECTION('ref_axis',(-1.,0.,0.));
#2611=DIRECTION('center_axis',(0.,1.,0.));
#2612=DIRECTION('ref_axis',(-1.,0.,0.));
#2613=DIRECTION('center_axis',(0.,-1.,0.));
#2614=DIRECTION('ref_axis',(-1.,0.,0.));
#2615=DIRECTION('center_axis',(0.,-1.,0.));
#2616=DIRECTION('ref_axis',(-1.,0.,0.));
#2617=DIRECTION('',(0.,-1.,0.));
#2618=DIRECTION('center_axis',(0.,-1.,0.));
#2619=DIRECTION('ref_axis',(-1.,0.,0.));
#2620=DIRECTION('center_axis',(0.,1.,0.));
#2621=DIRECTION('ref_axis',(-1.,0.,0.));
#2622=DIRECTION('center_axis',(0.,1.,0.));
#2623=DIRECTION('ref_axis',(-1.,0.,0.));
#2624=DIRECTION('center_axis',(0.,-1.,0.));
#2625=DIRECTION('ref_axis',(-1.,0.,0.));
#2626=DIRECTION('center_axis',(0.,-1.,0.));
#2627=DIRECTION('ref_axis',(-1.,0.,0.));
#2628=DIRECTION('',(0.,-1.,0.));
#2629=DIRECTION('center_axis',(0.,-1.,0.));
#2630=DIRECTION('ref_axis',(-1.,0.,0.));
#2631=DIRECTION('center_axis',(0.,1.,0.));
#2632=DIRECTION('ref_axis',(-1.,0.,0.));
#2633=DIRECTION('center_axis',(0.,1.,0.));
#2634=DIRECTION('ref_axis',(-1.,0.,0.));
#2635=DIRECTION('center_axis',(0.,-1.,0.));
#2636=DIRECTION('ref_axis',(-1.,0.,0.));
#2637=DIRECTION('center_axis',(0.,-1.,0.));
#2638=DIRECTION('ref_axis',(-1.,0.,0.));
#2639=DIRECTION('',(0.,-1.,0.));
#2640=DIRECTION('center_axis',(0.,-1.,0.));
#2641=DIRECTION('ref_axis',(-1.,0.,0.));
#2642=DIRECTION('center_axis',(0.,1.,0.));
#2643=DIRECTION('ref_axis',(-1.,0.,0.));
#2644=DIRECTION('center_axis',(0.,1.,0.));
#2645=DIRECTION('ref_axis',(-1.,0.,0.));
#2646=DIRECTION('center_axis',(0.,-1.,0.));
#2647=DIRECTION('ref_axis',(-1.,0.,0.));
#2648=DIRECTION('',(0.,-1.,0.));
#2649=DIRECTION('center_axis',(0.,1.,0.));
#2650=DIRECTION('ref_axis',(-1.,0.,0.));
#2651=DIRECTION('center_axis',(0.,-1.,0.));
#2652=DIRECTION('ref_axis',(-1.,0.,0.));
#2653=DIRECTION('',(0.,-1.,0.));
#2654=DIRECTION('center_axis',(0.,1.,0.));
#2655=DIRECTION('ref_axis',(-1.,0.,0.));
#2656=DIRECTION('center_axis',(0.,-1.,0.));
#2657=DIRECTION('ref_axis',(-1.,0.,0.));
#2658=DIRECTION('',(0.,-1.,0.));
#2659=DIRECTION('center_axis',(0.,1.,0.));
#2660=DIRECTION('ref_axis',(-1.,0.,0.));
#2661=DIRECTION('center_axis',(0.,-1.,0.));
#2662=DIRECTION('ref_axis',(-1.,0.,0.));
#2663=DIRECTION('',(0.,-1.,0.));
#2664=DIRECTION('center_axis',(0.,1.,0.));
#2665=DIRECTION('ref_axis',(-1.,0.,0.));
#2666=DIRECTION('center_axis',(0.,-1.,0.));
#2667=DIRECTION('ref_axis',(0.707106781186547,0.,0.707106781186548));
#2668=DIRECTION('center_axis',(0.,1.,0.));
#2669=DIRECTION('ref_axis',(0.707106781186547,0.,0.707106781186548));
#2670=DIRECTION('',(0.,1.,0.));
#2671=DIRECTION('center_axis',(0.,-1.,0.));
#2672=DIRECTION('ref_axis',(0.707106781186547,0.,0.707106781186548));
#2673=DIRECTION('',(0.,-1.,0.));
#2674=DIRECTION('center_axis',(0.,-1.,0.));
#2675=DIRECTION('ref_axis',(0.,0.,-1.));
#2676=DIRECTION('',(-1.,0.,0.));
#2677=DIRECTION('',(3.36520017164436E-33,0.,1.));
#2678=DIRECTION('',(-1.,0.,0.));
#2679=DIRECTION('',(0.,0.,1.));
#2680=DIRECTION('center_axis',(0.,0.,1.));
#2681=DIRECTION('ref_axis',(-1.,0.,0.));
#2682=DIRECTION('',(-1.,0.,0.));
#2683=DIRECTION('',(0.,1.,0.));
#2684=DIRECTION('center_axis',(1.,0.,0.));
#2685=DIRECTION('ref_axis',(0.,0.,1.));
#2686=DIRECTION('',(0.,-1.,0.));
#2687=DIRECTION('',(0.,0.,1.));
#2688=DIRECTION('center_axis',(0.,0.,1.));
#2689=DIRECTION('ref_axis',(1.,0.,0.));
#2690=DIRECTION('',(0.,1.,0.));
#2691=DIRECTION('',(-1.,0.,0.));
#2692=DIRECTION('',(0.,1.,0.));
#2693=DIRECTION('',(-1.,0.,0.));
#2694=DIRECTION('',(0.,1.,0.));
#2695=DIRECTION('',(1.,0.,0.));
#2696=DIRECTION('center_axis',(0.,1.,0.));
#2697=DIRECTION('ref_axis',(0.707106781186547,0.,-0.707106781186548));
#2698=DIRECTION('center_axis',(0.,-1.,0.));
#2699=DIRECTION('ref_axis',(0.707106781186547,0.,-0.707106781186548));
#2700=DIRECTION('',(0.,-1.,0.));
#2701=DIRECTION('center_axis',(0.,1.,0.));
#2702=DIRECTION('ref_axis',(0.707106781186547,0.,-0.707106781186548));
#2703=DIRECTION('',(0.,1.,0.));
#2704=DIRECTION('center_axis',(0.,1.,0.));
#2705=DIRECTION('ref_axis',(1.85037170770859E-16,0.,1.));
#2706=DIRECTION('',(-1.85037170770859E-16,0.,-1.));
#2707=DIRECTION('',(1.,0.,0.));
#2708=DIRECTION('',(3.36520017164436E-33,0.,1.));
#2709=DIRECTION('',(-1.,0.,1.85037170770859E-16));
#2710=DIRECTION('center_axis',(1.85037170770859E-16,0.,1.));
#2711=DIRECTION('ref_axis',(-1.,0.,1.85037170770859E-16));
#2712=DIRECTION('',(0.,-1.,0.));
#2713=DIRECTION('',(-1.,0.,1.85037170770859E-16));
#2714=DIRECTION('center_axis',(-1.,0.,1.85037170770859E-16));
#2715=DIRECTION('ref_axis',(-1.85037170770859E-16,0.,-1.));
#2716=DIRECTION('',(-1.85037170770859E-16,0.,-1.));
#2717=DIRECTION('',(0.,1.,0.));
#2718=DIRECTION('center_axis',(1.,0.,-3.36520017164436E-33));
#2719=DIRECTION('ref_axis',(-3.36520017164436E-33,0.,-1.));
#2720=DIRECTION('',(-3.36520017164436E-33,0.,-1.));
#2721=DIRECTION('',(0.,1.,0.));
#2722=DIRECTION('',(3.36520017164436E-33,0.,1.));
#2723=DIRECTION('center_axis',(-1.,0.,3.36520017164436E-33));
#2724=DIRECTION('ref_axis',(0.,-1.,0.));
#2725=DIRECTION('',(-1.24537423767737E-47,1.,-3.70074341541719E-15));
#2726=DIRECTION('center_axis',(-1.,0.,3.36520017164436E-33));
#2727=DIRECTION('ref_axis',(0.,-4.37095678986283E-16,1.));
#2728=DIRECTION('',(-3.36520017164436E-33,3.19948998451053E-16,-1.));
#2729=DIRECTION('center_axis',(-1.,0.,3.36520017164436E-33));
#2730=DIRECTION('ref_axis',(0.,1.,0.));
#2731=DIRECTION('',(2.7444582782958E-98,-1.,8.15540870769287E-66));
#2732=DIRECTION('center_axis',(-1.,0.,3.36520017164436E-33));
#2733=DIRECTION('ref_axis',(0.,4.37095678986282E-16,-1.));
#2734=DIRECTION('',(3.36520017164436E-33,-4.39929872870198E-16,1.));
#2735=DIRECTION('center_axis',(0.,1.,0.));
#2736=DIRECTION('ref_axis',(-0.707106781186547,0.,0.707106781186548));
#2737=DIRECTION('center_axis',(0.,-1.,0.));
#2738=DIRECTION('ref_axis',(-0.707106781186547,0.,0.707106781186548));
#2739=DIRECTION('',(0.,-1.,0.));
#2740=DIRECTION('center_axis',(0.,1.,0.));
#2741=DIRECTION('ref_axis',(-0.707106781186547,0.,0.707106781186548));
#2742=DIRECTION('',(0.,1.,0.));
#2743=DIRECTION('center_axis',(0.,1.,0.));
#2744=DIRECTION('ref_axis',(0.,0.,-1.));
#2745=DIRECTION('',(0.,0.,1.));
#2746=DIRECTION('',(0.,0.,-1.));
#2747=DIRECTION('',(1.,0.,0.));
#2748=DIRECTION('center_axis',(0.,0.,-1.));
#2749=DIRECTION('ref_axis',(1.,0.,0.));
#2750=DIRECTION('',(0.,-1.,0.));
#2751=DIRECTION('',(1.,0.,0.));
#2752=DIRECTION('center_axis',(1.,0.,0.));
#2753=DIRECTION('ref_axis',(0.,0.,1.));
#2754=DIRECTION('',(0.,0.,1.));
#2755=DIRECTION('center_axis',(-1.,0.,0.));
#2756=DIRECTION('ref_axis',(0.,0.,1.));
#2757=DIRECTION('',(0.,0.,-1.));
#2758=DIRECTION('',(0.,1.,0.));
#2759=DIRECTION('',(0.,0.,-1.));
#2760=DIRECTION('',(0.,1.,0.));
#2761=DIRECTION('',(0.,0.,1.));
#2762=DIRECTION('center_axis',(-1.,0.,0.));
#2763=DIRECTION('ref_axis',(0.,0.,-1.));
#2764=DIRECTION('center_axis',(0.,-1.,0.));
#2765=DIRECTION('ref_axis',(-0.707106781186547,0.,-0.707106781186548));
#2766=DIRECTION('center_axis',(0.,1.,0.));
#2767=DIRECTION('ref_axis',(-0.707106781186547,0.,-0.707106781186548));
#2768=DIRECTION('',(0.,1.,0.));
#2769=DIRECTION('center_axis',(0.,-1.,0.));
#2770=DIRECTION('ref_axis',(-0.707106781186547,0.,-0.707106781186548));
#2771=DIRECTION('',(0.,-1.,0.));
#2772=DIRECTION('center_axis',(0.,-1.,0.));
#2773=DIRECTION('ref_axis',(1.85037170770859E-16,0.,1.));
#2774=DIRECTION('',(1.,0.,-1.85037170770859E-16));
#2775=DIRECTION('',(1.,0.,0.));
#2776=DIRECTION('',(-1.85037170770859E-16,0.,-1.));
#2777=DIRECTION('center_axis',(-1.85037170770859E-16,0.,-1.));
#2778=DIRECTION('ref_axis',(1.,0.,-1.85037170770859E-16));
#2779=DIRECTION('',(1.,0.,-1.85037170770859E-16));
#2780=DIRECTION('center_axis',(-1.,0.,1.85037170770859E-16));
#2781=DIRECTION('ref_axis',(-1.85037170770859E-16,0.,-1.));
#2782=DIRECTION('',(0.,-1.,0.));
#2783=DIRECTION('',(-1.85037170770859E-16,0.,-1.));
#2784=DIRECTION('center_axis',(0.,0.,-1.));
#2785=DIRECTION('ref_axis',(-1.,0.,0.));
#2786=DIRECTION('',(-1.,0.,0.));
#2787=DIRECTION('',(1.,0.,0.));
#2788=DIRECTION('center_axis',(0.,-1.,3.70074341541719E-15));
#2789=DIRECTION('ref_axis',(-0.707106781186546,-2.7476618026966E-15,-0.707106781186549));
#2790=DIRECTION('center_axis',(0.,-1.,3.88578058618803E-15));
#2791=DIRECTION('ref_axis',(-1.,0.,0.));
#2792=DIRECTION('',(0.,-1.,3.70074341541719E-15));
#2793=DIRECTION('center_axis',(0.,1.,-3.88578058618803E-15));
#2794=DIRECTION('ref_axis',(0.,-3.88578058618803E-15,-1.));
#2795=DIRECTION('',(0.,1.,-3.70074341541719E-15));
#2796=DIRECTION('center_axis',(1.,0.,0.));
#2797=DIRECTION('ref_axis',(0.,0.,-1.));
#2798=DIRECTION('center_axis',(0.,0.,1.));
#2799=DIRECTION('ref_axis',(0.,1.,0.));
#2800=DIRECTION('center_axis',(-1.,0.,0.));
#2801=DIRECTION('ref_axis',(0.,-0.707106781186548,0.707106781186547));
#2802=DIRECTION('center_axis',(1.,0.,0.));
#2803=DIRECTION('ref_axis',(0.,-0.707106781186548,0.707106781186547));
#2804=DIRECTION('center_axis',(0.,4.39929872870198E-16,-1.));
#2805=DIRECTION('ref_axis',(-0.707106781186548,0.707106781186547,0.));
#2806=DIRECTION('center_axis',(0.,0.,1.));
#2807=DIRECTION('ref_axis',(0.,1.,0.));
#2808=DIRECTION('',(0.,-4.39929872870198E-16,1.));
#2809=DIRECTION('',(0.,4.39929872870198E-16,-1.));
#2810=DIRECTION('center_axis',(1.,0.,0.));
#2811=DIRECTION('ref_axis',(0.,0.,-1.));
#2812=DIRECTION('center_axis',(0.,-1.,-5.55111512312579E-16));
#2813=DIRECTION('ref_axis',(0.,-5.55111512312579E-16,1.));
#2814=DIRECTION('center_axis',(-1.,0.,0.));
#2815=DIRECTION('ref_axis',(0.,-0.707106781186548,-0.707106781186547));
#2816=DIRECTION('center_axis',(1.,0.,0.));
#2817=DIRECTION('ref_axis',(0.,-0.707106781186548,-0.707106781186547));
#2818=DIRECTION('center_axis',(0.,1.,-8.15540870769287E-66));
#2819=DIRECTION('ref_axis',(-0.707106781186547,0.,0.707106781186548));
#2820=DIRECTION('center_axis',(0.,-1.,0.));
#2821=DIRECTION('ref_axis',(0.,0.,1.));
#2822=DIRECTION('',(0.,-1.,8.15540870769287E-66));
#2823=DIRECTION('',(0.,1.,-8.15540870769287E-66));
#2824=DIRECTION('center_axis',(1.,0.,0.));
#2825=DIRECTION('ref_axis',(0.,0.,-1.));
#2826=DIRECTION('center_axis',(0.,0.,-1.));
#2827=DIRECTION('ref_axis',(0.,-1.,0.));
#2828=DIRECTION('center_axis',(-1.,0.,0.));
#2829=DIRECTION('ref_axis',(0.,0.707106781186548,-0.707106781186547));
#2830=DIRECTION('center_axis',(1.,0.,0.));
#2831=DIRECTION('ref_axis',(0.,0.707106781186548,-0.707106781186547));
#2832=DIRECTION('center_axis',(0.,-3.19948998451053E-16,1.));
#2833=DIRECTION('ref_axis',(-0.707106781186548,-0.707106781186547,0.));
#2834=DIRECTION('center_axis',(0.,0.,-1.));
#2835=DIRECTION('ref_axis',(0.,-1.,0.));
#2836=DIRECTION('',(0.,3.19948998451053E-16,-1.));
#2837=DIRECTION('',(0.,-3.19948998451053E-16,1.));
#2838=DIRECTION('center_axis',(1.,0.,0.));
#2839=DIRECTION('ref_axis',(0.,0.,-1.));
#2840=DIRECTION('center_axis',(-1.,0.,0.));
#2841=DIRECTION('ref_axis',(0.,0.707106781186547,0.707106781186548));
#2842=DIRECTION('center_axis',(1.,0.,0.));
#2843=DIRECTION('ref_axis',(0.,0.707106781186547,0.707106781186548));
#2844=DIRECTION('center_axis',(-1.,0.,0.));
#2845=DIRECTION('ref_axis',(0.,4.37095678986282E-16,-1.));
#2846=DIRECTION('',(-1.,0.,0.));
#2847=DIRECTION('',(-1.,0.,0.));
#2848=DIRECTION('center_axis',(0.,-1.,-4.39929872870198E-16));
#2849=DIRECTION('ref_axis',(-1.144237745222E-17,-4.39929872870198E-16,1.));
#2850=DIRECTION('',(-1.,0.,0.));
#2851=DIRECTION('center_axis',(-1.,0.,0.));
#2852=DIRECTION('ref_axis',(0.,-1.,0.));
#2853=DIRECTION('',(-1.,0.,0.));
#2854=DIRECTION('center_axis',(0.,3.70074341541719E-15,1.));
#2855=DIRECTION('ref_axis',(4.56799956252967E-32,1.,-3.70074341541719E-15));
#2856=DIRECTION('',(-1.,0.,0.));
#2857=DIRECTION('center_axis',(-1.,0.,0.));
#2858=DIRECTION('ref_axis',(0.,0.,-1.));
#2859=DIRECTION('',(0.,0.,-1.));
#2860=DIRECTION('',(0.,-1.,0.));
#2861=DIRECTION('',(0.,0.,1.));
#2862=DIRECTION('',(0.,1.,0.));
#2863=DIRECTION('center_axis',(1.,0.,0.));
#2864=DIRECTION('ref_axis',(0.,0.,1.));
#2865=DIRECTION('',(0.,0.,1.));
#2866=DIRECTION('',(0.,-1.,0.));
#2867=DIRECTION('',(0.,0.,-1.));
#2868=DIRECTION('',(0.,1.,0.));
#2869=DIRECTION('center_axis',(1.,0.,0.));
#2870=DIRECTION('ref_axis',(0.,0.,-1.));
#2871=DIRECTION('center_axis',(1.,0.,0.));
#2872=DIRECTION('ref_axis',(0.,0.,-1.));
#2873=DIRECTION('center_axis',(0.,-1.,-1.58603289232165E-16));
#2874=DIRECTION('ref_axis',(0.,-1.58603289232165E-16,1.));
#2875=DIRECTION('center_axis',(0.,0.,1.));
#2876=DIRECTION('ref_axis',(-1.,0.,0.));
#2877=DIRECTION('center_axis',(0.,1.,0.));
#2878=DIRECTION('ref_axis',(-0.707106781186548,0.,0.707106781186548));
#2879=DIRECTION('center_axis',(-1.,0.,1.38777878078144E-16));
#2880=DIRECTION('ref_axis',(0.,-1.,0.));
#2881=DIRECTION('center_axis',(0.,-1.,0.));
#2882=DIRECTION('ref_axis',(-0.707106781186548,0.,0.707106781186548));
#2883=DIRECTION('center_axis',(-1.,0.,9.25185853854297E-17));
#2884=DIRECTION('ref_axis',(0.,-0.707106781186547,0.707106781186548));
#2885=DIRECTION('center_axis',(-1.,0.,0.));
#2886=DIRECTION('ref_axis',(0.,-1.,0.));
#2887=DIRECTION('',(-1.,0.,9.25185853854297E-17));
#2888=DIRECTION('',(1.,0.,-9.25185853854297E-17));
#2889=DIRECTION('center_axis',(0.,0.,1.));
#2890=DIRECTION('ref_axis',(0.,-1.,0.));
#2891=DIRECTION('center_axis',(0.,-1.,0.));
#2892=DIRECTION('ref_axis',(0.707106781186548,0.,0.707106781186547));
#2893=DIRECTION('center_axis',(0.,1.,0.));
#2894=DIRECTION('ref_axis',(0.707106781186548,0.,0.707106781186547));
#2895=DIRECTION('center_axis',(0.,0.,1.));
#2896=DIRECTION('ref_axis',(0.707106781186546,-0.707106781186549,0.));
#2897=DIRECTION('center_axis',(1.38777878078144E-16,0.,1.));
#2898=DIRECTION('ref_axis',(0.,-1.,0.));
#2899=DIRECTION('',(0.,0.,-1.));
#2900=DIRECTION('center_axis',(0.,-1.,0.));
#2901=DIRECTION('ref_axis',(0.707106781186548,0.,-0.707106781186547));
#2902=DIRECTION('center_axis',(0.,1.,0.));
#2903=DIRECTION('ref_axis',(0.707106781186548,0.,-0.707106781186547));
#2904=DIRECTION('center_axis',(-6.93889390390723E-17,0.,-1.));
#2905=DIRECTION('ref_axis',(0.,-1.,0.));
#2906=DIRECTION('center_axis',(0.,-1.,0.));
#2907=DIRECTION('ref_axis',(-0.707106781186548,0.,-0.707106781186548));
#2908=DIRECTION('center_axis',(0.,1.,0.));
#2909=DIRECTION('ref_axis',(-0.707106781186548,0.,-0.707106781186548));
#2910=DIRECTION('center_axis',(0.,0.,-1.));
#2911=DIRECTION('ref_axis',(-0.707106781186548,-0.707106781186547,0.));
#2912=DIRECTION('',(0.,0.,1.));
#2913=DIRECTION('center_axis',(-5.78241158658936E-17,0.,-1.));
#2914=DIRECTION('ref_axis',(1.,0.,-5.78241158658936E-17));
#2915=DIRECTION('',(0.,-1.,0.));
#2916=DIRECTION('',(-1.,0.,5.78241158658936E-17));
#2917=DIRECTION('',(0.,1.,0.));
#2918=DIRECTION('center_axis',(0.,1.,0.));
#2919=DIRECTION('ref_axis',(-0.707106781186547,0.,-0.707106781186548));
#2920=DIRECTION('center_axis',(0.,-1.,0.));
#2921=DIRECTION('ref_axis',(-0.707106781186547,0.,-0.707106781186548));
#2922=DIRECTION('center_axis',(0.,1.,0.));
#2923=DIRECTION('ref_axis',(-0.707106781186547,0.,0.707106781186548));
#2924=DIRECTION('',(0.,1.,0.));
#2925=DIRECTION('center_axis',(0.,-1.,0.));
#2926=DIRECTION('ref_axis',(-0.707106781186547,0.,0.707106781186548));
#2927=DIRECTION('center_axis',(0.,-1.,0.));
#2928=DIRECTION('ref_axis',(0.,0.,-1.));
#2929=DIRECTION('center_axis',(0.,1.,0.));
#2930=DIRECTION('ref_axis',(0.707106781186548,0.,-0.707106781186547));
#2931=DIRECTION('center_axis',(0.,-1.,0.));
#2932=DIRECTION('ref_axis',(0.707106781186548,0.,-0.707106781186547));
#2933=DIRECTION('center_axis',(0.,1.,0.));
#2934=DIRECTION('ref_axis',(0.,0.,1.));
#2935=DIRECTION('',(1.,0.,-9.25185853854297E-17));
#2936=DIRECTION('center_axis',(0.,-1.,0.));
#2937=DIRECTION('ref_axis',(0.707106781186548,0.,0.707106781186548));
#2938=DIRECTION('center_axis',(0.,-1.,0.));
#2939=DIRECTION('ref_axis',(0.707106781186548,0.,0.707106781186548));
#2940=DIRECTION('',(0.,-1.,0.));
#2941=DIRECTION('center_axis',(9.25185853854297E-17,0.,1.));
#2942=DIRECTION('ref_axis',(-1.,0.,9.25185853854297E-17));
#2943=DIRECTION('center_axis',(-1.,0.,0.));
#2944=DIRECTION('ref_axis',(0.,1.,0.));
#2945=DIRECTION('',(-1.,0.,0.));
#2946=DIRECTION('',(-1.,0.,0.));
#2947=DIRECTION('center_axis',(0.,-8.15540870769287E-66,-1.));
#2948=DIRECTION('ref_axis',(-3.33469261227542E-33,-1.,8.15540870769287E-66));
#2949=DIRECTION('center_axis',(0.,1.,3.19948998451053E-16));
#2950=DIRECTION('ref_axis',(1.144237745222E-17,3.19948998451053E-16,-1.));
#2951=DIRECTION('',(-1.,0.,0.));
#2952=DIRECTION('center_axis',(-1.,0.,0.));
#2953=DIRECTION('ref_axis',(0.,-4.37095678986283E-16,1.));
#2954=DIRECTION('center_axis',(0.,1.,0.));
#2955=DIRECTION('ref_axis',(1.,0.,0.));
#2956=CARTESIAN_POINT('',(0.,0.,0.));
#2957=CARTESIAN_POINT('Ctrl Pts',(5.86283065882766,-7.5,34.9448381722595));
#2958=CARTESIAN_POINT('Ctrl Pts',(5.86283065882766,-6.5,34.9448381722595));
#2959=CARTESIAN_POINT('Ctrl Pts',(5.93841299611432,-7.5,34.986602761249));
#2960=CARTESIAN_POINT('Ctrl Pts',(5.93841299611432,-6.5,34.986602761249));
#2961=CARTESIAN_POINT('Ctrl Pts',(6.09537106200685,-7.5,35.0733331978289));
#2962=CARTESIAN_POINT('Ctrl Pts',(6.09537106200685,-6.5,35.0733331978289));
#2963=CARTESIAN_POINT('Ctrl Pts',(6.27465500829077,-7.5,35.0830480876266));
#2964=CARTESIAN_POINT('Ctrl Pts',(6.27465500829077,-6.5,35.0830480876266));
#2965=CARTESIAN_POINT('Ctrl Pts',(6.36760570612991,-7.5,35.0880848229553));
#2966=CARTESIAN_POINT('Ctrl Pts',(6.36760570612991,-6.5,35.0880848229553));
#2967=CARTESIAN_POINT('',(5.86283065882766,-7.5,34.9448381722595));
#2968=CARTESIAN_POINT('',(6.36760570612991,-7.5,35.0880848229553));
#2969=CARTESIAN_POINT('Ctrl Pts',(5.86283065882766,-7.5,34.9448381722595));
#2970=CARTESIAN_POINT('Ctrl Pts',(5.93841299611432,-7.5,34.986602761249));
#2971=CARTESIAN_POINT('Ctrl Pts',(6.09537106200685,-7.5,35.0733331978289));
#2972=CARTESIAN_POINT('Ctrl Pts',(6.27465500829077,-7.5,35.0830480876266));
#2973=CARTESIAN_POINT('Ctrl Pts',(6.36760570612991,-7.5,35.0880848229553));
#2974=CARTESIAN_POINT('',(5.86283065882766,-6.5,34.9448381722595));
#2975=CARTESIAN_POINT('',(5.86283065882766,-7.5,34.9448381722595));
#2976=CARTESIAN_POINT('',(6.36760570612991,-6.5,35.0880848229553));
#2977=CARTESIAN_POINT('Ctrl Pts',(5.86283065882766,-6.5,34.9448381722595));
#2978=CARTESIAN_POINT('Ctrl Pts',(5.93841299611432,-6.5,34.986602761249));
#2979=CARTESIAN_POINT('Ctrl Pts',(6.09537106200685,-6.5,35.0733331978289));
#2980=CARTESIAN_POINT('Ctrl Pts',(6.27465500829077,-6.5,35.0830480876266));
#2981=CARTESIAN_POINT('Ctrl Pts',(6.36760570612991,-6.5,35.0880848229553));
#2982=CARTESIAN_POINT('',(6.36760570612991,-7.5,35.0880848229553));
#2983=CARTESIAN_POINT('Ctrl Pts',(5.48765995112503,-7.5,34.501454716983));
#2984=CARTESIAN_POINT('Ctrl Pts',(5.48765995112503,-6.5,34.501454716983));
#2985=CARTESIAN_POINT('Ctrl Pts',(5.54094553886739,-7.5,34.593537920554));
#2986=CARTESIAN_POINT('Ctrl Pts',(5.54094553886739,-6.5,34.593537920554));
#2987=CARTESIAN_POINT('Ctrl Pts',(5.63963816810533,-7.5,34.7640893558316));
#2988=CARTESIAN_POINT('Ctrl Pts',(5.63963816810533,-6.5,34.7640893558316));
#2989=CARTESIAN_POINT('Ctrl Pts',(5.7925007917562,-7.5,34.8878826707928));
#2990=CARTESIAN_POINT('Ctrl Pts',(5.7925007917562,-6.5,34.8878826707928));
#2991=CARTESIAN_POINT('Ctrl Pts',(5.86283065882766,-7.5,34.9448381722595));
#2992=CARTESIAN_POINT('Ctrl Pts',(5.86283065882766,-6.5,34.9448381722595));
#2993=CARTESIAN_POINT('',(5.48765995112503,-7.5,34.501454716983));
#2994=CARTESIAN_POINT('Ctrl Pts',(5.48765995112503,-7.5,34.501454716983));
#2995=CARTESIAN_POINT('Ctrl Pts',(5.54094553886739,-7.5,34.593537920554));
#2996=CARTESIAN_POINT('Ctrl Pts',(5.63963816810533,-7.5,34.7640893558316));
#2997=CARTESIAN_POINT('Ctrl Pts',(5.7925007917562,-7.5,34.8878826707928));
#2998=CARTESIAN_POINT('Ctrl Pts',(5.86283065882766,-7.5,34.9448381722595));
#2999=CARTESIAN_POINT('',(5.48765995112503,-6.5,34.501454716983));
#3000=CARTESIAN_POINT('',(5.48765995112503,-7.5,34.501454716983));
#3001=CARTESIAN_POINT('Ctrl Pts',(5.48765995112503,-6.5,34.501454716983));
#3002=CARTESIAN_POINT('Ctrl Pts',(5.54094553886739,-6.5,34.593537920554));
#3003=CARTESIAN_POINT('Ctrl Pts',(5.63963816810533,-6.5,34.7640893558316));
#3004=CARTESIAN_POINT('Ctrl Pts',(5.7925007917562,-6.5,34.8878826707928));
#3005=CARTESIAN_POINT('Ctrl Pts',(5.86283065882766,-6.5,34.9448381722595));
#3006=CARTESIAN_POINT('Ctrl Pts',(5.14318563548172,-7.5,33.6794899762298));
#3007=CARTESIAN_POINT('Ctrl Pts',(5.14318563548172,-6.5,33.6794899762298));
#3008=CARTESIAN_POINT('Ctrl Pts',(5.20573746763699,-7.5,33.8487887724274));
#3009=CARTESIAN_POINT('Ctrl Pts',(5.20573746763699,-6.5,33.8487887724274));
#3010=CARTESIAN_POINT('Ctrl Pts',(5.30882123379838,-7.5,34.127788714033));
#3011=CARTESIAN_POINT('Ctrl Pts',(5.30882123379838,-6.5,34.127788714033));
#3012=CARTESIAN_POINT('Ctrl Pts',(5.43718720281152,-7.5,34.3959968474448));
#3013=CARTESIAN_POINT('Ctrl Pts',(5.43718720281152,-6.5,34.3959968474448));
#3014=CARTESIAN_POINT('Ctrl Pts',(5.48765995112503,-7.5,34.501454716983));
#3015=CARTESIAN_POINT('Ctrl Pts',(5.48765995112503,-6.5,34.501454716983));
#3016=CARTESIAN_POINT('',(5.14318563548172,-7.5,33.6794899762298));
#3017=CARTESIAN_POINT('Ctrl Pts',(5.14318563548172,-7.5,33.6794899762298));
#3018=CARTESIAN_POINT('Ctrl Pts',(5.20573746763699,-7.5,33.8487887724274));
#3019=CARTESIAN_POINT('Ctrl Pts',(5.30882123379838,-7.5,34.127788714033));
#3020=CARTESIAN_POINT('Ctrl Pts',(5.43718720281152,-7.5,34.3959968474448));
#3021=CARTESIAN_POINT('Ctrl Pts',(5.48765995112503,-7.5,34.501454716983));
#3022=CARTESIAN_POINT('',(5.14318563548172,-6.5,33.6794899762298));
#3023=CARTESIAN_POINT('',(5.14318563548172,-7.5,33.6794899762298));
#3024=CARTESIAN_POINT('Ctrl Pts',(5.14318563548172,-6.5,33.6794899762298));
#3025=CARTESIAN_POINT('Ctrl Pts',(5.20573746763699,-6.5,33.8487887724274));
#3026=CARTESIAN_POINT('Ctrl Pts',(5.30882123379838,-6.5,34.127788714033));
#3027=CARTESIAN_POINT('Ctrl Pts',(5.43718720281152,-6.5,34.3959968474448));
#3028=CARTESIAN_POINT('Ctrl Pts',(5.48765995112503,-6.5,34.501454716983));
#3029=CARTESIAN_POINT('Origin',(3.76528598872268,-7.5,29.9959974349166));
#3030=CARTESIAN_POINT('',(3.76528598872268,-7.5,29.9959974349166));
#3031=CARTESIAN_POINT('',(3.01465426702213,-7.5,27.9893590308351));
#3032=CARTESIAN_POINT('',(3.76528598872268,-6.5,29.9959974349166));
#3033=CARTESIAN_POINT('',(3.76528598872268,-7.5,29.9959974349166));
#3034=CARTESIAN_POINT('',(3.76528598872268,-6.5,29.9959974349166));
#3035=CARTESIAN_POINT('Origin',(4.37920190898025,-7.5,29.9959974349166));
#3036=CARTESIAN_POINT('',(4.37920190898025,-7.5,29.9959974349166));
#3037=CARTESIAN_POINT('',(13.1896009544901,-7.5,29.9959974349166));
#3038=CARTESIAN_POINT('',(4.37920190898025,-6.5,29.9959974349166));
#3039=CARTESIAN_POINT('',(4.37920190898025,-7.5,29.9959974349166));
#3040=CARTESIAN_POINT('',(4.37920190898025,-6.5,29.9959974349166));
#3041=CARTESIAN_POINT('Origin',(5.15341736880386,-7.5,32.1071844161178));
#3042=CARTESIAN_POINT('',(5.15341736880386,-7.5,32.1071844161178));
#3043=CARTESIAN_POINT('',(3.96884047449753,-7.5,28.8769940527518));
#3044=CARTESIAN_POINT('',(5.15341736880386,-6.5,32.1071844161178));
#3045=CARTESIAN_POINT('',(5.15341736880386,-7.5,32.1071844161178));
#3046=CARTESIAN_POINT('',(5.15341736880386,-6.5,32.1071844161178));
#3047=CARTESIAN_POINT('Ctrl Pts',(5.40580489245498,-7.5,32.932559734645));
#3048=CARTESIAN_POINT('Ctrl Pts',(5.40580489245498,-6.5,32.932559734645));
#3049=CARTESIAN_POINT('Ctrl Pts',(5.36896461489008,-7.5,32.7927370522177));
#3050=CARTESIAN_POINT('Ctrl Pts',(5.36896461489008,-6.5,32.7927370522177));
#3051=CARTESIAN_POINT('Ctrl Pts',(5.29560686375942,-7.5,32.5143168497136));
#3052=CARTESIAN_POINT('Ctrl Pts',(5.29560686375942,-6.5,32.5143168497136));
#3053=CARTESIAN_POINT('Ctrl Pts',(5.20067462026992,-7.5,32.242496520577));
#3054=CARTESIAN_POINT('Ctrl Pts',(5.20067462026992,-6.5,32.242496520577));
#3055=CARTESIAN_POINT('Ctrl Pts',(5.15341736880386,-7.5,32.1071844161178));
#3056=CARTESIAN_POINT('Ctrl Pts',(5.15341736880386,-6.5,32.1071844161178));
#3057=CARTESIAN_POINT('',(5.40580489245498,-7.5,32.932559734645));
#3058=CARTESIAN_POINT('Ctrl Pts',(5.40580489245498,-7.5,32.932559734645));
#3059=CARTESIAN_POINT('Ctrl Pts',(5.36896461489008,-7.5,32.7927370522177));
#3060=CARTESIAN_POINT('Ctrl Pts',(5.29560686375942,-7.5,32.5143168497136));
#3061=CARTESIAN_POINT('Ctrl Pts',(5.20067462026992,-7.5,32.242496520577));
#3062=CARTESIAN_POINT('Ctrl Pts',(5.15341736880386,-7.5,32.1071844161178));
#3063=CARTESIAN_POINT('',(5.40580489245498,-6.5,32.932559734645));
#3064=CARTESIAN_POINT('',(5.40580489245498,-7.5,32.932559734645));
#3065=CARTESIAN_POINT('Ctrl Pts',(5.40580489245498,-6.5,32.932559734645));
#3066=CARTESIAN_POINT('Ctrl Pts',(5.36896461489008,-6.5,32.7927370522177));
#3067=CARTESIAN_POINT('Ctrl Pts',(5.29560686375942,-6.5,32.5143168497136));
#3068=CARTESIAN_POINT('Ctrl Pts',(5.20067462026992,-6.5,32.242496520577));
#3069=CARTESIAN_POINT('Ctrl Pts',(5.15341736880386,-6.5,32.1071844161178));
#3070=CARTESIAN_POINT('Ctrl Pts',(5.66842414942825,-7.5,32.0935415089752));
#3071=CARTESIAN_POINT('Ctrl Pts',(5.66842414942825,-6.5,32.0935415089752));
#3072=CARTESIAN_POINT('Ctrl Pts',(5.62050056349877,-7.5,32.2294670402271));
#3073=CARTESIAN_POINT('Ctrl Pts',(5.62050056349877,-6.5,32.2294670402271));
#3074=CARTESIAN_POINT('Ctrl Pts',(5.52299683526168,-7.5,32.5060165889018));
#3075=CARTESIAN_POINT('Ctrl Pts',(5.52299683526168,-6.5,32.5060165889018));
#3076=CARTESIAN_POINT('Ctrl Pts',(5.44530883792599,-7.5,32.7887773485277));
#3077=CARTESIAN_POINT('Ctrl Pts',(5.44530883792599,-6.5,32.7887773485277));
#3078=CARTESIAN_POINT('Ctrl Pts',(5.40580489245498,-7.5,32.932559734645));
#3079=CARTESIAN_POINT('Ctrl Pts',(5.40580489245498,-6.5,32.932559734645));
#3080=CARTESIAN_POINT('',(5.66842414942825,-7.5,32.0935415089752));
#3081=CARTESIAN_POINT('Ctrl Pts',(5.66842414942825,-7.5,32.0935415089752));
#3082=CARTESIAN_POINT('Ctrl Pts',(5.62050056349877,-7.5,32.2294670402271));
#3083=CARTESIAN_POINT('Ctrl Pts',(5.52299683526168,-7.5,32.5060165889018));
#3084=CARTESIAN_POINT('Ctrl Pts',(5.44530883792599,-7.5,32.7887773485277));
#3085=CARTESIAN_POINT('Ctrl Pts',(5.40580489245498,-7.5,32.932559734645));
#3086=CARTESIAN_POINT('',(5.66842414942825,-6.5,32.0935415089752));
#3087=CARTESIAN_POINT('',(5.66842414942825,-7.5,32.0935415089752));
#3088=CARTESIAN_POINT('Ctrl Pts',(5.66842414942825,-6.5,32.0935415089752));
#3089=CARTESIAN_POINT('Ctrl Pts',(5.62050056349877,-6.5,32.2294670402271));
#3090=CARTESIAN_POINT('Ctrl Pts',(5.52299683526168,-6.5,32.5060165889018));
#3091=CARTESIAN_POINT('Ctrl Pts',(5.44530883792599,-6.5,32.7887773485277));
#3092=CARTESIAN_POINT('Ctrl Pts',(5.40580489245498,-6.5,32.932559734645));
#3093=CARTESIAN_POINT('Origin',(6.42217495051468,-7.5,29.9959974349166));
#3094=CARTESIAN_POINT('',(6.42217495051468,-7.5,29.9959974349166));
#3095=CARTESIAN_POINT('',(9.12634809366648,-7.5,22.4708016494253));
#3096=CARTESIAN_POINT('',(6.42217495051468,-6.5,29.9959974349166));
#3097=CARTESIAN_POINT('',(6.42217495051468,-7.5,29.9959974349166));
#3098=CARTESIAN_POINT('',(6.42217495051468,-6.5,29.9959974349166));
#3099=CARTESIAN_POINT('Origin',(7.08384015170181,-7.5,29.9959974349166));
#3100=CARTESIAN_POINT('',(7.08384015170181,-7.5,29.9959974349166));
#3101=CARTESIAN_POINT('',(14.5419200758509,-7.5,29.9959974349166));
#3102=CARTESIAN_POINT('',(7.08384015170181,-6.5,29.9959974349166));
#3103=CARTESIAN_POINT('',(7.08384015170181,-7.5,29.9959974349166));
#3104=CARTESIAN_POINT('',(7.08384015170181,-6.5,29.9959974349166));
#3105=CARTESIAN_POINT('Origin',(5.70935108271682,-7.5,33.6249195397521));
#3106=CARTESIAN_POINT('',(5.70935108271682,-7.5,33.6249195397521));
#3107=CARTESIAN_POINT('',(9.21969604837397,-7.5,24.3569168113795));
#3108=CARTESIAN_POINT('',(5.70935108271682,-6.5,33.6249195397521));
#3109=CARTESIAN_POINT('',(5.70935108271682,-7.5,33.6249195397521));
#3110=CARTESIAN_POINT('',(5.70935108271682,-6.5,33.6249195397521));
#3111=CARTESIAN_POINT('Ctrl Pts',(5.76392271128738,-7.5,33.7749879420425));
#3112=CARTESIAN_POINT('Ctrl Pts',(5.76392271128738,-6.5,33.7749879420425));
#3113=CARTESIAN_POINT('Ctrl Pts',(5.75661470919407,-7.5,33.7539259057428));
#3114=CARTESIAN_POINT('Ctrl Pts',(5.75661470919407,-6.5,33.7539259057428));
#3115=CARTESIAN_POINT('Ctrl Pts',(5.73916500886072,-7.5,33.7036349757255));
#3116=CARTESIAN_POINT('Ctrl Pts',(5.73916500886072,-6.5,33.7036349757255));
#3117=CARTESIAN_POINT('Ctrl Pts',(5.72030970960549,-7.5,33.6538527667632));
#3118=CARTESIAN_POINT('Ctrl Pts',(5.72030970960549,-6.5,33.6538527667632));
#3119=CARTESIAN_POINT('Ctrl Pts',(5.70935108271682,-7.5,33.6249195397521));
#3120=CARTESIAN_POINT('Ctrl Pts',(5.70935108271682,-6.5,33.6249195397521));
#3121=CARTESIAN_POINT('',(5.76392271128738,-7.5,33.7749879420425));
#3122=CARTESIAN_POINT('Ctrl Pts',(5.76392271128738,-7.5,33.7749879420425));
#3123=CARTESIAN_POINT('Ctrl Pts',(5.75661470919407,-7.5,33.7539259057428));
#3124=CARTESIAN_POINT('Ctrl Pts',(5.73916500886072,-7.5,33.7036349757255));
#3125=CARTESIAN_POINT('Ctrl Pts',(5.72030970960549,-7.5,33.6538527667632));
#3126=CARTESIAN_POINT('Ctrl Pts',(5.70935108271682,-7.5,33.6249195397521));
#3127=CARTESIAN_POINT('',(5.76392271128738,-6.5,33.7749879420425));
#3128=CARTESIAN_POINT('',(5.76392271128738,-7.5,33.7749879420425));
#3129=CARTESIAN_POINT('Ctrl Pts',(5.76392271128738,-6.5,33.7749879420425));
#3130=CARTESIAN_POINT('Ctrl Pts',(5.75661470919407,-6.5,33.7539259057428));
#3131=CARTESIAN_POINT('Ctrl Pts',(5.73916500886072,-6.5,33.7036349757255));
#3132=CARTESIAN_POINT('Ctrl Pts',(5.72030970960549,-6.5,33.6538527667632));
#3133=CARTESIAN_POINT('Ctrl Pts',(5.70935108271682,-6.5,33.6249195397521));
#3134=CARTESIAN_POINT('Ctrl Pts',(5.9515080651387,-7.5,34.2320137084152));
#3135=CARTESIAN_POINT('Ctrl Pts',(5.9515080651387,-6.5,34.2320137084152));
#3136=CARTESIAN_POINT('Ctrl Pts',(5.92541130351685,-7.5,34.1789201606741));
#3137=CARTESIAN_POINT('Ctrl Pts',(5.92541130351685,-6.5,34.1789201606741));
#3138=CARTESIAN_POINT('Ctrl Pts',(5.85266203001592,-7.5,34.0309126384491));
#3139=CARTESIAN_POINT('Ctrl Pts',(5.85266203001592,-6.5,34.0309126384491));
#3140=CARTESIAN_POINT('Ctrl Pts',(5.79859482366785,-7.5,33.8749825099734));
#3141=CARTESIAN_POINT('Ctrl Pts',(5.79859482366785,-6.5,33.8749825099734));
#3142=CARTESIAN_POINT('Ctrl Pts',(5.76392271128738,-7.5,33.7749879420425));
#3143=CARTESIAN_POINT('Ctrl Pts',(5.76392271128738,-6.5,33.7749879420425));
#3144=CARTESIAN_POINT('',(5.9515080651387,-7.5,34.2320137084152));
#3145=CARTESIAN_POINT('Ctrl Pts',(5.9515080651387,-7.5,34.2320137084152));
#3146=CARTESIAN_POINT('Ctrl Pts',(5.92541130351685,-7.5,34.1789201606741));
#3147=CARTESIAN_POINT('Ctrl Pts',(5.85266203001592,-7.5,34.0309126384491));
#3148=CARTESIAN_POINT('Ctrl Pts',(5.79859482366785,-7.5,33.8749825099734));
#3149=CARTESIAN_POINT('Ctrl Pts',(5.76392271128738,-7.5,33.7749879420425));
#3150=CARTESIAN_POINT('',(5.9515080651387,-6.5,34.2320137084152));
#3151=CARTESIAN_POINT('',(5.9515080651387,-7.5,34.2320137084152));
#3152=CARTESIAN_POINT('Ctrl Pts',(5.9515080651387,-6.5,34.2320137084152));
#3153=CARTESIAN_POINT('Ctrl Pts',(5.92541130351685,-6.5,34.1789201606741));
#3154=CARTESIAN_POINT('Ctrl Pts',(5.85266203001592,-6.5,34.0309126384491));
#3155=CARTESIAN_POINT('Ctrl Pts',(5.79859482366785,-6.5,33.8749825099734));
#3156=CARTESIAN_POINT('Ctrl Pts',(5.76392271128738,-6.5,33.7749879420425));
#3157=CARTESIAN_POINT('Ctrl Pts',(6.15273573008621,-7.5,34.4230096400405));
#3158=CARTESIAN_POINT('Ctrl Pts',(6.15273573008621,-6.5,34.4230096400405));
#3159=CARTESIAN_POINT('Ctrl Pts',(6.11353245698598,-7.5,34.3978054507745));
#3160=CARTESIAN_POINT('Ctrl Pts',(6.11353245698598,-6.5,34.3978054507745));
#3161=CARTESIAN_POINT('Ctrl Pts',(6.03436650028732,-7.5,34.346908839388));
#3162=CARTESIAN_POINT('Ctrl Pts',(6.03436650028732,-6.5,34.346908839388));
#3163=CARTESIAN_POINT('Ctrl Pts',(5.97930360967818,-7.5,34.2705562264412));
#3164=CARTESIAN_POINT('Ctrl Pts',(5.97930360967818,-6.5,34.2705562264412));
#3165=CARTESIAN_POINT('Ctrl Pts',(5.9515080651387,-7.5,34.2320137084152));
#3166=CARTESIAN_POINT('Ctrl Pts',(5.9515080651387,-6.5,34.2320137084152));
#3167=CARTESIAN_POINT('',(6.15273573008621,-7.5,34.4230096400405));
#3168=CARTESIAN_POINT('Ctrl Pts',(6.15273573008621,-7.5,34.4230096400405));
#3169=CARTESIAN_POINT('Ctrl Pts',(6.11353245698598,-7.5,34.3978054507745));
#3170=CARTESIAN_POINT('Ctrl Pts',(6.03436650028732,-7.5,34.346908839388));
#3171=CARTESIAN_POINT('Ctrl Pts',(5.97930360967818,-7.5,34.2705562264412));
#3172=CARTESIAN_POINT('Ctrl Pts',(5.9515080651387,-7.5,34.2320137084152));
#3173=CARTESIAN_POINT('',(6.15273573008621,-6.5,34.4230096400405));
#3174=CARTESIAN_POINT('',(6.15273573008621,-7.5,34.4230096400405));
#3175=CARTESIAN_POINT('Ctrl Pts',(6.15273573008621,-6.5,34.4230096400405));
#3176=CARTESIAN_POINT('Ctrl Pts',(6.11353245698598,-6.5,34.3978054507745));
#3177=CARTESIAN_POINT('Ctrl Pts',(6.03436650028732,-6.5,34.346908839388));
#3178=CARTESIAN_POINT('Ctrl Pts',(5.97930360967818,-6.5,34.2705562264412));
#3179=CARTESIAN_POINT('Ctrl Pts',(5.9515080651387,-6.5,34.2320137084152));
#3180=CARTESIAN_POINT('Ctrl Pts',(6.48015596476638,-7.5,34.4912223876144));
#3181=CARTESIAN_POINT('Ctrl Pts',(6.48015596476638,-6.5,34.4912223876144));
#3182=CARTESIAN_POINT('Ctrl Pts',(6.41785135195734,-7.5,34.4896676172472));
#3183=CARTESIAN_POINT('Ctrl Pts',(6.41785135195734,-6.5,34.4896676172472));
#3184=CARTESIAN_POINT('Ctrl Pts',(6.30430883457563,-7.5,34.4868342388906));
#3185=CARTESIAN_POINT('Ctrl Pts',(6.30430883457563,-6.5,34.4868342388906));
#3186=CARTESIAN_POINT('Ctrl Pts',(6.19986686478959,-7.5,34.4428556791906));
#3187=CARTESIAN_POINT('Ctrl Pts',(6.19986686478959,-6.5,34.4428556791906));
#3188=CARTESIAN_POINT('Ctrl Pts',(6.15273573008621,-7.5,34.4230096400405));
#3189=CARTESIAN_POINT('Ctrl Pts',(6.15273573008621,-6.5,34.4230096400405));
#3190=CARTESIAN_POINT('',(6.48015596476638,-7.5,34.4912223876144));
#3191=CARTESIAN_POINT('Ctrl Pts',(6.48015596476638,-7.5,34.4912223876144));
#3192=CARTESIAN_POINT('Ctrl Pts',(6.41785135195734,-7.5,34.4896676172472));
#3193=CARTESIAN_POINT('Ctrl Pts',(6.30430883457563,-7.5,34.4868342388906));
#3194=CARTESIAN_POINT('Ctrl Pts',(6.19986686478959,-7.5,34.4428556791906));
#3195=CARTESIAN_POINT('Ctrl Pts',(6.15273573008621,-7.5,34.4230096400405));
#3196=CARTESIAN_POINT('',(6.48015596476638,-6.5,34.4912223876144));
#3197=CARTESIAN_POINT('',(6.48015596476638,-7.5,34.4912223876144));
#3198=CARTESIAN_POINT('Ctrl Pts',(6.48015596476638,-6.5,34.4912223876144));
#3199=CARTESIAN_POINT('Ctrl Pts',(6.41785135195734,-6.5,34.4896676172472));
#3200=CARTESIAN_POINT('Ctrl Pts',(6.30430883457563,-6.5,34.4868342388906));
#3201=CARTESIAN_POINT('Ctrl Pts',(6.19986686478959,-6.5,34.4428556791906));
#3202=CARTESIAN_POINT('Ctrl Pts',(6.15273573008621,-6.5,34.4230096400405));
#3203=CARTESIAN_POINT('Ctrl Pts',(6.83145262805068,-7.5,34.4366525471832));
#3204=CARTESIAN_POINT('Ctrl Pts',(6.83145262805068,-6.5,34.4366525471832));
#3205=CARTESIAN_POINT('Ctrl Pts',(6.76897567955145,-7.5,34.452535070609));
#3206=CARTESIAN_POINT('Ctrl Pts',(6.76897567955145,-6.5,34.452535070609));
#3207=CARTESIAN_POINT('Ctrl Pts',(6.65354789497695,-7.5,34.4818784450299));
#3208=CARTESIAN_POINT('Ctrl Pts',(6.65354789497695,-6.5,34.4818784450299));
#3209=CARTESIAN_POINT('Ctrl Pts',(6.5346833604531,-7.5,34.4882839529712));
#3210=CARTESIAN_POINT('Ctrl Pts',(6.5346833604531,-6.5,34.4882839529712));
#3211=CARTESIAN_POINT('Ctrl Pts',(6.48015596476638,-7.5,34.4912223876144));
#3212=CARTESIAN_POINT('Ctrl Pts',(6.48015596476638,-6.5,34.4912223876144));
#3213=CARTESIAN_POINT('',(6.83145262805068,-7.5,34.4366525471832));
#3214=CARTESIAN_POINT('Ctrl Pts',(6.83145262805068,-7.5,34.4366525471832));
#3215=CARTESIAN_POINT('Ctrl Pts',(6.76897567955145,-7.5,34.452535070609));
#3216=CARTESIAN_POINT('Ctrl Pts',(6.65354789497695,-7.5,34.4818784450299));
#3217=CARTESIAN_POINT('Ctrl Pts',(6.5346833604531,-7.5,34.4882839529712));
#3218=CARTESIAN_POINT('Ctrl Pts',(6.48015596476638,-7.5,34.4912223876144));
#3219=CARTESIAN_POINT('',(6.83145262805068,-6.5,34.4366525471832));
#3220=CARTESIAN_POINT('',(6.83145262805068,-7.5,34.4366525471832));
#3221=CARTESIAN_POINT('Ctrl Pts',(6.83145262805068,-6.5,34.4366525471832));
#3222=CARTESIAN_POINT('Ctrl Pts',(6.76897567955145,-6.5,34.452535070609));
#3223=CARTESIAN_POINT('Ctrl Pts',(6.65354789497695,-6.5,34.4818784450299));
#3224=CARTESIAN_POINT('Ctrl Pts',(6.5346833604531,-6.5,34.4882839529712));
#3225=CARTESIAN_POINT('Ctrl Pts',(6.48015596476638,-6.5,34.4912223876144));
#3226=CARTESIAN_POINT('Origin',(6.76323988047683,-7.5,35.0130509198333));
#3227=CARTESIAN_POINT('',(6.76323988047683,-7.5,35.0130509198333));
#3228=CARTESIAN_POINT('',(7.82623392630066,-7.5,26.0307410152765));
#3229=CARTESIAN_POINT('',(6.76323988047683,-6.5,35.0130509198333));
#3230=CARTESIAN_POINT('',(6.76323988047683,-7.5,35.0130509198333));
#3231=CARTESIAN_POINT('',(6.76323988047683,-6.5,35.0130509198333));
#3232=CARTESIAN_POINT('Ctrl Pts',(6.36760570612991,-7.5,35.0880848229553));
#3233=CARTESIAN_POINT('Ctrl Pts',(6.36760570612991,-6.5,35.0880848229553));
#3234=CARTESIAN_POINT('Ctrl Pts',(6.43056995990778,-7.5,35.0842009955657));
#3235=CARTESIAN_POINT('Ctrl Pts',(6.43056995990778,-6.5,35.0842009955657));
#3236=CARTESIAN_POINT('Ctrl Pts',(6.56551769890677,-7.5,35.0758770070572));
#3237=CARTESIAN_POINT('Ctrl Pts',(6.56551769890677,-6.5,35.0758770070572));
#3238=CARTESIAN_POINT('Ctrl Pts',(6.69445987016869,-7.5,35.03490572081));
#3239=CARTESIAN_POINT('Ctrl Pts',(6.69445987016869,-6.5,35.03490572081));
#3240=CARTESIAN_POINT('Ctrl Pts',(6.76323988047683,-7.5,35.0130509198333));
#3241=CARTESIAN_POINT('Ctrl Pts',(6.76323988047683,-6.5,35.0130509198333));
#3242=CARTESIAN_POINT('Ctrl Pts',(6.36760570612991,-7.5,35.0880848229553));
#3243=CARTESIAN_POINT('Ctrl Pts',(6.43056995990778,-7.5,35.0842009955657));
#3244=CARTESIAN_POINT('Ctrl Pts',(6.56551769890677,-7.5,35.0758770070572));
#3245=CARTESIAN_POINT('Ctrl Pts',(6.69445987016869,-7.5,35.03490572081));
#3246=CARTESIAN_POINT('Ctrl Pts',(6.76323988047683,-7.5,35.0130509198333));
#3247=CARTESIAN_POINT('Ctrl Pts',(6.36760570612991,-6.5,35.0880848229553));
#3248=CARTESIAN_POINT('Ctrl Pts',(6.43056995990778,-6.5,35.0842009955657));
#3249=CARTESIAN_POINT('Ctrl Pts',(6.56551769890677,-6.5,35.0758770070572));
#3250=CARTESIAN_POINT('Ctrl Pts',(6.69445987016869,-6.5,35.03490572081));
#3251=CARTESIAN_POINT('Ctrl Pts',(6.76323988047683,-6.5,35.0130509198333));
#3252=CARTESIAN_POINT('Origin',(7.55450852719391,-6.5,31.8530916035797));
#3253=CARTESIAN_POINT('Origin',(10.6820664605244,-7.5,31.8854926884796));
#3254=CARTESIAN_POINT('',(10.6820664605244,-7.5,31.8854926884796));
#3255=CARTESIAN_POINT('',(10.6820664605244,-7.5,33.6180983842041));
#3256=CARTESIAN_POINT('',(10.6820664605244,-7.5,25.2427463442398));
#3257=CARTESIAN_POINT('',(10.6820664605244,-6.5,31.8854926884796));
#3258=CARTESIAN_POINT('',(10.6820664605244,-7.5,31.8854926884796));
#3259=CARTESIAN_POINT('',(10.6820664605244,-6.5,33.6180983842041));
#3260=CARTESIAN_POINT('',(10.6820664605244,-6.5,31.8854926884796));
#3261=CARTESIAN_POINT('',(10.6820664605244,-7.5,33.6180983842041));
#3262=CARTESIAN_POINT('Origin',(9.86351289359176,-7.5,31.0874025881912));
#3263=CARTESIAN_POINT('',(9.86351289359176,-7.5,31.0874025881912));
#3264=CARTESIAN_POINT('',(9.85358374715086,-7.5,31.0777216658925));
#3265=CARTESIAN_POINT('',(9.86351289359176,-6.5,31.0874025881912));
#3266=CARTESIAN_POINT('',(9.86351289359176,-7.5,31.0874025881912));
#3267=CARTESIAN_POINT('',(9.86351289359176,-6.5,31.0874025881912));
#3268=CARTESIAN_POINT('Origin',(8.08315851298416,-7.5,33.6180983842041));
#3269=CARTESIAN_POINT('',(8.08315851298416,-7.5,33.6180983842041));
#3270=CARTESIAN_POINT('',(13.9205976508274,-7.5,25.3204342525388));
#3271=CARTESIAN_POINT('',(8.08315851298416,-6.5,33.6180983842041));
#3272=CARTESIAN_POINT('',(8.08315851298416,-7.5,33.6180983842041));
#3273=CARTESIAN_POINT('',(8.08315851298416,-6.5,33.6180983842041));
#3274=CARTESIAN_POINT('Origin',(7.21003391352737,-7.5,33.6180983842041));
#3275=CARTESIAN_POINT('',(7.21003391352737,-7.5,33.6180983842041));
#3276=CARTESIAN_POINT('',(14.6050169567637,-7.5,33.6180983842041));
#3277=CARTESIAN_POINT('',(7.21003391352737,-6.5,33.6180983842041));
#3278=CARTESIAN_POINT('',(7.21003391352737,-7.5,33.6180983842041));
#3279=CARTESIAN_POINT('',(7.21003391352737,-6.5,33.6180983842041));
#3280=CARTESIAN_POINT('Origin',(9.39966537562454,-7.5,30.6440191329147));
#3281=CARTESIAN_POINT('',(9.39966537562454,-7.5,30.6440191329147));
#3282=CARTESIAN_POINT('',(14.48940761594,-7.5,23.7308481023727));
#3283=CARTESIAN_POINT('',(9.39966537562454,-6.5,30.6440191329147));
#3284=CARTESIAN_POINT('',(9.39966537562454,-7.5,30.6440191329147));
#3285=CARTESIAN_POINT('',(9.39966537562454,-6.5,30.6440191329147));
#3286=CARTESIAN_POINT('Origin',(7.30212130156601,-7.5,28.6180983842041));
#3287=CARTESIAN_POINT('',(7.30212130156601,-7.5,28.6180983842041));
#3288=CARTESIAN_POINT('',(8.60118751848883,-7.5,29.8728063235327));
#3289=CARTESIAN_POINT('',(7.30212130156601,-6.5,28.6180983842041));
#3290=CARTESIAN_POINT('',(7.30212130156601,-7.5,28.6180983842041));
#3291=CARTESIAN_POINT('',(7.30212130156601,-6.5,28.6180983842041));
#3292=CARTESIAN_POINT('Origin',(8.19911994544113,-7.5,28.6180983842041));
#3293=CARTESIAN_POINT('',(8.19911994544113,-7.5,28.6180983842041));
#3294=CARTESIAN_POINT('',(15.0995599727206,-7.5,28.6180983842041));
#3295=CARTESIAN_POINT('',(8.19911994544113,-6.5,28.6180983842041));
#3296=CARTESIAN_POINT('',(8.19911994544113,-7.5,28.6180983842041));
#3297=CARTESIAN_POINT('',(8.19911994544113,-6.5,28.6180983842041));
#3298=CARTESIAN_POINT('Origin',(10.6820664605244,-7.5,31.0976346195365));
#3299=CARTESIAN_POINT('',(10.6820664605244,-7.5,31.0976346195365));
#3300=CARTESIAN_POINT('',(10.3910330519584,-7.5,30.8070009398145));
#3301=CARTESIAN_POINT('',(10.6820664605244,-6.5,31.0976346195365));
#3302=CARTESIAN_POINT('',(10.6820664605244,-7.5,31.0976346195365));
#3303=CARTESIAN_POINT('',(10.6820664605244,-6.5,31.0976346195365));
#3304=CARTESIAN_POINT('Origin',(10.6820664605244,-7.5,28.6180983842041));
#3305=CARTESIAN_POINT('',(10.6820664605244,-7.5,28.6180983842041));
#3306=CARTESIAN_POINT('',(10.6820664605244,-7.5,23.609049192102));
#3307=CARTESIAN_POINT('',(10.6820664605244,-6.5,28.6180983842041));
#3308=CARTESIAN_POINT('',(10.6820664605244,-7.5,28.6180983842041));
#3309=CARTESIAN_POINT('',(10.6820664605244,-6.5,28.6180983842041));
#3310=CARTESIAN_POINT('Origin',(11.3437310656651,-7.5,28.6180983842041));
#3311=CARTESIAN_POINT('',(11.3437310656651,-7.5,28.6180983842041));
#3312=CARTESIAN_POINT('',(16.6718655328326,-7.5,28.6180983842041));
#3313=CARTESIAN_POINT('',(11.3437310656651,-6.5,28.6180983842041));
#3314=CARTESIAN_POINT('',(11.3437310656651,-7.5,28.6180983842041));
#3315=CARTESIAN_POINT('',(11.3437310656651,-6.5,28.6180983842041));
#3316=CARTESIAN_POINT('Origin',(11.3437310656651,-7.5,33.6180983842041));
#3317=CARTESIAN_POINT('',(11.3437310656651,-7.5,33.6180983842041));
#3318=CARTESIAN_POINT('',(11.3437310656651,-7.5,26.109049192102));
#3319=CARTESIAN_POINT('',(11.3437310656651,-6.5,33.6180983842041));
#3320=CARTESIAN_POINT('',(11.3437310656651,-7.5,33.6180983842041));
#3321=CARTESIAN_POINT('',(11.3437310656651,-6.5,33.6180983842041));
#3322=CARTESIAN_POINT('Origin',(10.6820664605244,-7.5,33.6180983842041));
#3323=CARTESIAN_POINT('',(16.3410332302622,-7.5,33.6180983842041));
#3324=CARTESIAN_POINT('',(10.6820664605244,-6.5,33.6180983842041));
#3325=CARTESIAN_POINT('Origin',(7.55450852719391,-6.5,31.8530916035797));
#3326=CARTESIAN_POINT('Origin',(17.1180343091249,-2.50000004470348,-4.));
#3327=CARTESIAN_POINT('',(16.000000320375,-3.50000004470348,-4.));
#3328=CARTESIAN_POINT('',(16.3454161467864,-3.78571431125913,-4.));
#3329=CARTESIAN_POINT('Origin',(17.1180343091249,-2.50000004470348,-4.));
#3330=CARTESIAN_POINT('',(15.3152585970018,-5.5,-2.));
#3331=CARTESIAN_POINT('Origin',(15.3152585970018,-5.5,-4.));
#3332=CARTESIAN_POINT('',(14.0778711629855,-4.23418805205906,-2.));
#3333=CARTESIAN_POINT('Origin',(17.1180343091249,-2.50000004470348,-2.));
#3334=CARTESIAN_POINT('Ctrl Pts',(14.0778711629855,-4.23418805205906,-2.));
#3335=CARTESIAN_POINT('Ctrl Pts',(14.0808535256813,-4.23304889087604,-2.));
#3336=CARTESIAN_POINT('Ctrl Pts',(14.0838358842027,-4.23190973128753,-2.00000746536841));
#3337=CARTESIAN_POINT('Ctrl Pts',(14.2213353555997,-4.17938960664838,-2.00069577294561));
#3338=CARTESIAN_POINT('Ctrl Pts',(14.3554052031968,-4.12817948173342,-2.01655116115589));
#3339=CARTESIAN_POINT('Ctrl Pts',(14.6182279225761,-4.02779013594621,-2.07782356719549));
#3340=CARTESIAN_POINT('Ctrl Pts',(14.7462754401522,-3.97888033640719,-2.1230613442682));
#3341=CARTESIAN_POINT('Ctrl Pts',(15.1006114267861,-3.84353603295026,-2.29346526050104));
#3342=CARTESIAN_POINT('Ctrl Pts',(15.3101243033846,-3.76350923517039,-2.45253212227517));
#3343=CARTESIAN_POINT('Ctrl Pts',(15.6495711834002,-3.63385206437953,-2.8353760884552));
#3344=CARTESIAN_POINT('Ctrl Pts',(15.781464251427,-3.58347339527379,-3.05283208234329));
#3345=CARTESIAN_POINT('Ctrl Pts',(15.9554070473167,-3.51703315934212,-3.51625478768914));
#3346=CARTESIAN_POINT('Ctrl Pts',(16.000000320375,-3.50000004470348,-3.75631158153854));
#3347=CARTESIAN_POINT('Ctrl Pts',(16.000000320375,-3.50000004470348,-4.));
#3348=CARTESIAN_POINT('Origin',(17.500000320375,-3.50000004470348,-4.));
#3349=CARTESIAN_POINT('',(17.500000320375,-4.47034786965617E-8,-2.));
#3350=CARTESIAN_POINT('Origin',(17.500000320375,-3.50000004470348,-2.));
#3351=CARTESIAN_POINT('',(17.500000320375,-2.00000004470348,-4.));
#3352=CARTESIAN_POINT('Origin',(17.500000320375,-4.47034786965617E-8,-4.));
#3353=CARTESIAN_POINT('Origin',(17.500000320375,-3.50000004470348,-4.));
#3354=CARTESIAN_POINT('Origin',(7.00000016018748,-4.47034792516732E-8,-4.));
#3355=CARTESIAN_POINT('',(24.872281643644,-2.00000004470348,-4.));
#3356=CARTESIAN_POINT('',(24.872281643644,-4.47034780115345E-8,-2.));
#3357=CARTESIAN_POINT('Origin',(24.872281643644,-4.47034780115345E-8,-4.));
#3358=CARTESIAN_POINT('',(26.500000320375,-4.47034778985889E-8,-2.));
#3359=CARTESIAN_POINT('',(7.00000016018748,-4.47034792516732E-8,-2.));
#3360=CARTESIAN_POINT('',(26.500000320375,-2.00000004470348,-4.));
#3361=CARTESIAN_POINT('Origin',(26.500000320375,-4.47034778985889E-8,-4.));
#3362=CARTESIAN_POINT('',(7.00000016018748,-2.00000004470348,-4.));
#3363=CARTESIAN_POINT('Ctrl Pts',(24.872281643644,-4.4703478371301E-8,-2.));
#3364=CARTESIAN_POINT('Ctrl Pts',(24.5954787200421,-4.47034785172747E-8,
-2.));
#3365=CARTESIAN_POINT('Ctrl Pts',(24.0423827865244,-0.0531548332534757,
-2.));
#3366=CARTESIAN_POINT('Ctrl Pts',(23.2314104258618,-0.229288049774699,-2.));
#3367=CARTESIAN_POINT('Ctrl Pts',(22.4186340103484,-0.408283616482279,-2.));
#3368=CARTESIAN_POINT('Ctrl Pts',(21.5815827578921,-0.407695236424536,-2.));
#3369=CARTESIAN_POINT('Ctrl Pts',(20.7686071879824,-0.228651818957823,-2.));
#3370=CARTESIAN_POINT('Ctrl Pts',(19.9576701939869,-0.0529861395988785,
-2.));
#3371=CARTESIAN_POINT('Ctrl Pts',(19.4045219207078,-4.47034786634451E-8,
-2.));
#3372=CARTESIAN_POINT('Ctrl Pts',(19.1277189971059,-4.47034786965617E-8,
-2.));
#3373=CARTESIAN_POINT('Ctrl Pts',(24.872281643644,-0.598398645387248,-2.));
#3374=CARTESIAN_POINT('Ctrl Pts',(24.6328288479124,-0.581548200301313,-2.00068968853943));
#3375=CARTESIAN_POINT('Ctrl Pts',(24.1371720031166,-0.589367556568573,-2.00100493756533));
#3376=CARTESIAN_POINT('Ctrl Pts',(23.3450112557881,-0.685779812860751,-2.00254999185729));
#3377=CARTESIAN_POINT('Ctrl Pts',(22.4729066998985,-0.803487903066732,-2.00321481486507));
#3378=CARTESIAN_POINT('Ctrl Pts',(21.5275254592232,-0.803085283649354,-2.00310206974439));
#3379=CARTESIAN_POINT('Ctrl Pts',(20.6548210005374,-0.685297919747086,-2.00245914813987));
#3380=CARTESIAN_POINT('Ctrl Pts',(19.8629101022202,-0.589096431209652,-2.00132597730623));
#3381=CARTESIAN_POINT('Ctrl Pts',(19.3671717928374,-0.581548200301313,-2.00068968853943));
#3382=CARTESIAN_POINT('Ctrl Pts',(19.1277189971059,-0.598398645387249,-2.));
#3383=CARTESIAN_POINT('Ctrl Pts',(24.872281643644,-1.63485349079823,-2.50157351593787));
#3384=CARTESIAN_POINT('Ctrl Pts',(24.6969797882935,-1.59118844042463,-2.47207856088737));
#3385=CARTESIAN_POINT('Ctrl Pts',(24.3009527596237,-1.52340148527794,-2.40714581543089));
#3386=CARTESIAN_POINT('Ctrl Pts',(23.5426238451382,-1.48583818863439,-2.30074303746519));
#3387=CARTESIAN_POINT('Ctrl Pts',(22.5677104061916,-1.4983646402598,-2.21100823886164));
#3388=CARTESIAN_POINT('Ctrl Pts',(21.4331193010574,-1.49812863525038,-2.21129007558743));
#3389=CARTESIAN_POINT('Ctrl Pts',(20.4569151756898,-1.48550464533271,-2.30109795997224));
#3390=CARTESIAN_POINT('Ctrl Pts',(19.6992018739955,-1.52343950514107,-2.40708114862252));
#3391=CARTESIAN_POINT('Ctrl Pts',(19.3030208524561,-1.59118844042463,-2.47207856088737));
#3392=CARTESIAN_POINT('Ctrl Pts',(19.1277189971059,-1.63485349079824,-2.50157351593787));
#3393=CARTESIAN_POINT('Ctrl Pts',(24.872281643644,-2.00000004470348,-3.55120104948717));
#3394=CARTESIAN_POINT('Ctrl Pts',(24.7198530397037,-1.98041035300299,-3.47682808805786));
#3395=CARTESIAN_POINT('Ctrl Pts',(24.3722449321798,-1.9565646687646,-3.30707829535062));
#3396=CARTESIAN_POINT('Ctrl Pts',(23.6611106522823,-1.95930659750676,-3.00797648594678));
#3397=CARTESIAN_POINT('Ctrl Pts',(22.6386229714163,-1.9843126096604,-2.73066641559048));
#3398=CARTESIAN_POINT('Ctrl Pts',(21.3628943103103,-1.98418423013922,-2.73155870565345));
#3399=CARTESIAN_POINT('Ctrl Pts',(20.3380551458008,-1.95912315872567,-3.00928798895836));
#3400=CARTESIAN_POINT('Ctrl Pts',(19.6279899555325,-1.9564460090709,-3.30716448583973));
#3401=CARTESIAN_POINT('Ctrl Pts',(19.2801476010459,-1.98041035300299,-3.47682808805787));
#3402=CARTESIAN_POINT('Ctrl Pts',(19.1277189971059,-2.00000004470348,-3.55120104948717));
#3403=CARTESIAN_POINT('Ctrl Pts',(24.872281643644,-2.00000004470348,-4.));
#3404=CARTESIAN_POINT('Ctrl Pts',(24.7197575836998,-2.00000004470348,-3.91346330691832));
#3405=CARTESIAN_POINT('Ctrl Pts',(24.3795272549497,-2.01771830755348,-3.71231591388196));
#3406=CARTESIAN_POINT('Ctrl Pts',(23.6902529218483,-2.07642937972722,-3.34462843756685));
#3407=CARTESIAN_POINT('Ctrl Pts',(22.6620358335989,-2.13609456862975,-2.98788198695245));
#3408=CARTESIAN_POINT('Ctrl Pts',(21.3398478411804,-2.13589844194383,-2.98907181787611));
#3409=CARTESIAN_POINT('Ctrl Pts',(20.3087647222326,-2.07621730278826,-3.3464777378411));
#3410=CARTESIAN_POINT('Ctrl Pts',(19.6207355671975,-2.01766207633528,-3.71253723509731));
#3411=CARTESIAN_POINT('Ctrl Pts',(19.2802430570498,-2.00000004470348,-3.91346330691832));
#3412=CARTESIAN_POINT('Ctrl Pts',(19.1277189971059,-2.00000004470348,-4.));
#3413=CARTESIAN_POINT('',(19.1277189971059,-2.00000004470348,-4.));
#3414=CARTESIAN_POINT('',(19.1277189971059,-4.47034786965617E-8,-2.));
#3415=CARTESIAN_POINT('Origin',(19.1277189971059,-4.47034784190059E-8,-4.));
#3416=CARTESIAN_POINT('Ctrl Pts',(19.1277189971059,-4.47034786965617E-8,
-2.));
#3417=CARTESIAN_POINT('Ctrl Pts',(19.4045219207078,-4.47034786634451E-8,
-2.));
#3418=CARTESIAN_POINT('Ctrl Pts',(19.9576701939869,-0.0529861395988785,
-2.));
#3419=CARTESIAN_POINT('Ctrl Pts',(20.7686071879824,-0.228651818957823,-2.));
#3420=CARTESIAN_POINT('Ctrl Pts',(21.5815827578921,-0.407695236424536,-2.));
#3421=CARTESIAN_POINT('Ctrl Pts',(22.4186340103484,-0.408283616482279,-2.));
#3422=CARTESIAN_POINT('Ctrl Pts',(23.2314104258618,-0.229288049774699,-2.));
#3423=CARTESIAN_POINT('Ctrl Pts',(24.0423827865244,-0.0531548332534757,
-2.));
#3424=CARTESIAN_POINT('Ctrl Pts',(24.5954787200421,-4.47034785172747E-8,
-2.));
#3425=CARTESIAN_POINT('Ctrl Pts',(24.872281643644,-4.4703478371301E-8,-2.));
#3426=CARTESIAN_POINT('',(22.000000320375,-2.13397464091904,-3.));
#3427=CARTESIAN_POINT('Ctrl Pts',(24.872281643644,-2.00000004470348,-4.));
#3428=CARTESIAN_POINT('Ctrl Pts',(24.7197575836998,-2.00000004470348,-3.91346330691832));
#3429=CARTESIAN_POINT('Ctrl Pts',(24.3795272549497,-2.01771830755348,-3.71231591388196));
#3430=CARTESIAN_POINT('Ctrl Pts',(23.6902529218483,-2.07642937972722,-3.34462843756685));
#3431=CARTESIAN_POINT('Ctrl Pts',(22.8334341132097,-2.12614870131495,-3.04734970888718));
#3432=CARTESIAN_POINT('Ctrl Pts',(22.2091275805601,-2.13353414516258,-3.00319754956492));
#3433=CARTESIAN_POINT('Ctrl Pts',(22.0009869571579,-2.1335101357546,-3.00335499624674));
#3434=CARTESIAN_POINT('Ctrl Pts',(22.0000016155965,-2.13217360988445,-3.00104163125023));
#3435=CARTESIAN_POINT('Ctrl Pts',(21.7921727331276,-2.13214190941029,-3.00124524544902));
#3436=CARTESIAN_POINT('Ctrl Pts',(21.1679729113857,-2.12463988903123,-3.04631912585091));
#3437=CARTESIAN_POINT('Ctrl Pts',(20.309025423292,-2.0751751171543,-3.34348399858716));
#3438=CARTESIAN_POINT('Ctrl Pts',(19.6208006058684,-2.01711513979183,-3.70893758497764));
#3439=CARTESIAN_POINT('Ctrl Pts',(19.2802424694731,-1.99982219635307,-3.90958565387787));
#3440=CARTESIAN_POINT('Ctrl Pts',(19.1277189971059,-1.99999593117347,-3.99601413366419));
#3441=CARTESIAN_POINT('Origin',(7.00000016018748,-4.47034792516732E-8,-4.));
#3442=CARTESIAN_POINT('',(7.00000016018748,-2.00000004470348,-4.));
#3443=CARTESIAN_POINT('',(7.00000016018748,-4.47034792516732E-8,-2.));
#3444=CARTESIAN_POINT('Origin',(26.500000320375,-3.50000004470348,-4.));
#3445=CARTESIAN_POINT('',(28.000000320375,-3.50000004470348,-4.));
#3446=CARTESIAN_POINT('Origin',(26.500000320375,-3.50000004470348,-4.));
#3447=CARTESIAN_POINT('',(29.9221294777645,-4.23418805205905,-2.));
#3448=CARTESIAN_POINT('Origin',(26.500000320375,-3.50000004470348,-2.));
#3449=CARTESIAN_POINT('Ctrl Pts',(29.9221294777645,-4.23418805205904,-2.));
#3450=CARTESIAN_POINT('Ctrl Pts',(29.9191471150686,-4.23304889087602,-2.));
#3451=CARTESIAN_POINT('Ctrl Pts',(29.9161647565472,-4.23190973128746,-2.00000746536841));
#3452=CARTESIAN_POINT('Ctrl Pts',(29.77866528515,-4.17938960664926,-2.00069577294561));
#3453=CARTESIAN_POINT('Ctrl Pts',(29.6445954375531,-4.12817948173341,-2.01655116115588));
#3454=CARTESIAN_POINT('Ctrl Pts',(29.3817727181739,-4.02779013594621,-2.07782356719549));
#3455=CARTESIAN_POINT('Ctrl Pts',(29.2537252005978,-3.9788803364072,-2.1230613442682));
#3456=CARTESIAN_POINT('Ctrl Pts',(28.8993892139638,-3.84353603295026,-2.29346526050103));
#3457=CARTESIAN_POINT('Ctrl Pts',(28.6898763373653,-3.76350923517039,-2.45253212227516));
#3458=CARTESIAN_POINT('Ctrl Pts',(28.3504294573497,-3.63385206437953,-2.83537608845519));
#3459=CARTESIAN_POINT('Ctrl Pts',(28.2185363893229,-3.58347339527379,-3.05283208234328));
#3460=CARTESIAN_POINT('Ctrl Pts',(28.0445935934332,-3.51703315934212,-3.51625478768915));
#3461=CARTESIAN_POINT('Ctrl Pts',(28.000000320375,-3.50000004470348,-3.75631158153855));
#3462=CARTESIAN_POINT('Ctrl Pts',(28.000000320375,-3.50000004470348,-4.));
#3463=CARTESIAN_POINT('Origin',(26.8819663316251,-2.50000004470348,-4.));
#3464=CARTESIAN_POINT('',(28.6847420437481,-5.5,-2.));
#3465=CARTESIAN_POINT('Origin',(26.8819663316251,-2.50000004470348,-2.));
#3466=CARTESIAN_POINT('',(27.6545844939635,-3.78571431125913,-4.));
#3467=CARTESIAN_POINT('Origin',(28.6847420437481,-5.5,-4.));
#3468=CARTESIAN_POINT('Origin',(26.8819663316251,-2.50000004470348,-4.));
#3469=CARTESIAN_POINT('Ctrl Pts',(15.3152585970018,-5.5,-2.));
#3470=CARTESIAN_POINT('Ctrl Pts',(15.8564391051808,-5.66260451509291,-2.));
#3471=CARTESIAN_POINT('Ctrl Pts',(16.4866570401745,-5.75000002235174,-1.98431348048239));
#3472=CARTESIAN_POINT('Ctrl Pts',(17.1180343091249,-5.75000002235174,-1.98431348048239));
#3473=CARTESIAN_POINT('Ctrl Pts',(15.6234810151392,-4.98708692134263,-2.));
#3474=CARTESIAN_POINT('Ctrl Pts',(16.0577435052229,-5.11657531141238,-2.04299793862879));
#3475=CARTESIAN_POINT('Ctrl Pts',(16.5870974702878,-5.20366428918352,-2.05314531922513));
#3476=CARTESIAN_POINT('Ctrl Pts',(17.1180343091249,-5.20366428918352,-2.05314531922513));
#3477=CARTESIAN_POINT('Ctrl Pts',(16.1573869301447,-4.09861382378651,-2.50145692858709));
#3478=CARTESIAN_POINT('Ctrl Pts',(16.4097762282346,-4.21068619582007,-2.56778322417435));
#3479=CARTESIAN_POINT('Ctrl Pts',(16.7605246743249,-4.30713640307034,-2.59015748847658));
#3480=CARTESIAN_POINT('Ctrl Pts',(17.1180343091249,-4.30713640307034,-2.59015748847658));
#3481=CARTESIAN_POINT('Ctrl Pts',(16.3454161467864,-3.78571431125913,-3.55120104948717));
#3482=CARTESIAN_POINT('Ctrl Pts',(16.5608618751285,-3.91559300157541,-3.5708989083695));
#3483=CARTESIAN_POINT('Ctrl Pts',(16.8382558753818,-4.00000004470348,-3.5556359654326));
#3484=CARTESIAN_POINT('Ctrl Pts',(17.1180343091249,-4.00000004470348,-3.5556359654326));
#3485=CARTESIAN_POINT('Ctrl Pts',(16.3454161467864,-3.78571431125913,-4.));
#3486=CARTESIAN_POINT('Ctrl Pts',(16.5773506502917,-3.9250896099102,-4.));
#3487=CARTESIAN_POINT('Ctrl Pts',(16.8474440510041,-4.00000004470348,-3.96862696096478));
#3488=CARTESIAN_POINT('Ctrl Pts',(17.1180343091249,-4.00000004470348,-3.96862696096478));
#3489=CARTESIAN_POINT('',(17.1180343091249,-4.00000004470348,-3.96862696096478));
#3490=CARTESIAN_POINT('',(17.1180343091249,-5.75000002235174,-1.98431348048239));
#3491=CARTESIAN_POINT('Origin',(17.1180343091249,-6.00000004470348,-3.96862696096478));
#3492=CARTESIAN_POINT('Ctrl Pts',(17.1180343091249,-5.75000002235174,-1.98431348048239));
#3493=CARTESIAN_POINT('Ctrl Pts',(16.4866570401745,-5.75000002235174,-1.98431348048239));
#3494=CARTESIAN_POINT('Ctrl Pts',(15.8564391051808,-5.66260451509291,-2.));
#3495=CARTESIAN_POINT('Ctrl Pts',(15.3152585970018,-5.5,-2.));
#3496=CARTESIAN_POINT('Ctrl Pts',(16.3454161467864,-3.78571431125913,-4.));
#3497=CARTESIAN_POINT('Ctrl Pts',(16.5773506502917,-3.9250896099102,-4.));
#3498=CARTESIAN_POINT('Ctrl Pts',(16.8474440510041,-4.00000004470348,-3.96862696096478));
#3499=CARTESIAN_POINT('Ctrl Pts',(17.1180343091249,-4.00000004470348,-3.96862696096478));
#3500=CARTESIAN_POINT('Ctrl Pts',(26.8819663316251,-5.75000002235174,-1.98431348048239));
#3501=CARTESIAN_POINT('Ctrl Pts',(27.5133436005755,-5.75000002235174,-1.98431348048239));
#3502=CARTESIAN_POINT('Ctrl Pts',(28.1435615355692,-5.66260451509291,-2.));
#3503=CARTESIAN_POINT('Ctrl Pts',(28.6847420437481,-5.5,-2.));
#3504=CARTESIAN_POINT('Ctrl Pts',(26.8819663316251,-5.20366428918352,-2.05314531922513));
#3505=CARTESIAN_POINT('Ctrl Pts',(27.4129031704627,-5.20366428918352,-2.05314531922513));
#3506=CARTESIAN_POINT('Ctrl Pts',(27.9422571355271,-5.11657531141232,-2.04299793862879));
#3507=CARTESIAN_POINT('Ctrl Pts',(28.3765196256107,-4.98708692134263,-2.));
#3508=CARTESIAN_POINT('Ctrl Pts',(26.8819663316251,-4.30726687808607,-2.59029332666909));
#3509=CARTESIAN_POINT('Ctrl Pts',(27.2394759664265,-4.30726687808607,-2.59029332666909));
#3510=CARTESIAN_POINT('Ctrl Pts',(27.5903096655929,-4.21082806550828,-2.56798192138262));
#3511=CARTESIAN_POINT('Ctrl Pts',(27.8426989636826,-4.09875569347487,-2.50165562579536));
#3512=CARTESIAN_POINT('Ctrl Pts',(26.8819663316251,-4.00000004470348,-3.5556359654326));
#3513=CARTESIAN_POINT('Ctrl Pts',(27.16174476537,-4.00000004470348,-3.5556359654326));
#3514=CARTESIAN_POINT('Ctrl Pts',(27.4391387656217,-3.91559300157523,-3.5708989083695));
#3515=CARTESIAN_POINT('Ctrl Pts',(27.6545844939635,-3.78571431125913,-3.55120104948717));
#3516=CARTESIAN_POINT('Ctrl Pts',(26.8819663316251,-4.00000004470348,-3.96862696096478));
#3517=CARTESIAN_POINT('Ctrl Pts',(27.1525565897477,-4.00000004470348,-3.96862696096478));
#3518=CARTESIAN_POINT('Ctrl Pts',(27.4226499904585,-3.92508960991002,-4.));
#3519=CARTESIAN_POINT('Ctrl Pts',(27.6545844939635,-3.78571431125913,-4.));
#3520=CARTESIAN_POINT('',(26.8819663316251,-5.75000002235174,-1.98431348048239));
#3521=CARTESIAN_POINT('Ctrl Pts',(28.6847420437481,-5.5,-2.));
#3522=CARTESIAN_POINT('Ctrl Pts',(28.1435615355692,-5.66260451509291,-2.));
#3523=CARTESIAN_POINT('Ctrl Pts',(27.5133436005755,-5.75000002235174,-1.98431348048239));
#3524=CARTESIAN_POINT('Ctrl Pts',(26.8819663316251,-5.75000002235174,-1.98431348048239));
#3525=CARTESIAN_POINT('',(26.8819663316251,-4.00000004470348,-3.96862696096478));
#3526=CARTESIAN_POINT('Origin',(26.8819663316251,-6.00000004470348,-3.96862696096478));
#3527=CARTESIAN_POINT('Ctrl Pts',(26.8819663316251,-4.00000004470348,-3.96862696096478));
#3528=CARTESIAN_POINT('Ctrl Pts',(27.1525565897477,-4.00000004470348,-3.96862696096478));
#3529=CARTESIAN_POINT('Ctrl Pts',(27.4226499904585,-3.92508960991002,-4.));
#3530=CARTESIAN_POINT('Ctrl Pts',(27.6545844939635,-3.78571431125913,-4.));
#3531=CARTESIAN_POINT('Origin',(10.,-6.00000004470348,-3.96862696096478));
#3532=CARTESIAN_POINT('',(19.1498207512459,-4.00000004470348,-3.96862696096478));
#3533=CARTESIAN_POINT('',(19.1498207512459,-5.75000002235174,-1.98431348048239));
#3534=CARTESIAN_POINT('Origin',(19.1498207512459,-6.00000004470348,-3.96862696096478));
#3535=CARTESIAN_POINT('',(10.,-5.75000002235174,-1.98431348048239));
#3536=CARTESIAN_POINT('',(10.,-4.00000004470348,-3.96862696096478));
#3537=CARTESIAN_POINT('Ctrl Pts',(19.1498207512459,-5.75000002235174,-1.98431348048239));
#3538=CARTESIAN_POINT('Ctrl Pts',(19.6993017608321,-5.75000002235174,-1.98431348048239));
#3539=CARTESIAN_POINT('Ctrl Pts',(20.5101175765077,-5.66609081855278,-1.99511961087417));
#3540=CARTESIAN_POINT('Ctrl Pts',(21.5828470844655,-5.54524139677467,-1.99967474767953));
#3541=CARTESIAN_POINT('Ctrl Pts',(22.4148772098226,-5.54636399056456,-1.99964279668907));
#3542=CARTESIAN_POINT('Ctrl Pts',(23.2212182980764,-5.63608692722366,-1.99639668113894));
#3543=CARTESIAN_POINT('Ctrl Pts',(24.0259240744103,-5.72438601716624,-1.9877282734814));
#3544=CARTESIAN_POINT('Ctrl Pts',(24.5754393847109,-5.75000002235174,-1.98431348048239));
#3545=CARTESIAN_POINT('Ctrl Pts',(24.850179889504,-5.75000002235174,-1.98431348048239));
#3546=CARTESIAN_POINT('Ctrl Pts',(19.1498207512459,-5.20366428918352,-2.05314531922513));
#3547=CARTESIAN_POINT('Ctrl Pts',(19.6316801244811,-5.23702709750183,-2.05002782838391));
#3548=CARTESIAN_POINT('Ctrl Pts',(20.3822516793449,-5.22022203290426,-2.03132291221236));
#3549=CARTESIAN_POINT('Ctrl Pts',(21.5286232896955,-5.15921505527528,-2.01094153251349));
#3550=CARTESIAN_POINT('Ctrl Pts',(22.4682661630003,-5.15984335558868,-2.01083251137756));
#3551=CARTESIAN_POINT('Ctrl Pts',(23.3307312915436,-5.20542919664634,-2.0266369158946));
#3552=CARTESIAN_POINT('Ctrl Pts',(24.1130438943737,-5.23271779906888,-2.04345284024562));
#3553=CARTESIAN_POINT('Ctrl Pts',(24.6092502028864,-5.22034569334267,-2.05158657380452));
#3554=CARTESIAN_POINT('Ctrl Pts',(24.850179889504,-5.20366428918352,-2.05314531922513));
#3555=CARTESIAN_POINT('Ctrl Pts',(19.1498207512459,-4.30755061279989,-2.5906825562915));
#3556=CARTESIAN_POINT('Ctrl Pts',(19.514912131932,-4.38845038180986,-2.52664109472423));
#3557=CARTESIAN_POINT('Ctrl Pts',(20.1597279032142,-4.46102068529222,-2.38295684750143));
#3558=CARTESIAN_POINT('Ctrl Pts',(21.4339411082257,-4.48470704118033,-2.22536128907832));
#3559=CARTESIAN_POINT('Ctrl Pts',(22.5614843966775,-4.48486215821519,-2.22648066908871));
#3560=CARTESIAN_POINT('Ctrl Pts',(23.5213832112561,-4.46718193278779,-2.34397920045658));
#3561=CARTESIAN_POINT('Ctrl Pts',(24.2640669495869,-4.41265325841731,-2.48073522737249));
#3562=CARTESIAN_POINT('Ctrl Pts',(24.667634199161,-4.34800049730487,-2.55866182550787));
#3563=CARTESIAN_POINT('Ctrl Pts',(24.850179889504,-4.30755061279989,-2.5906825562915));
#3564=CARTESIAN_POINT('Ctrl Pts',(19.1498207512459,-4.00000004470348,-3.5556359654326));
#3565=CARTESIAN_POINT('Ctrl Pts',(19.4625574957869,-4.03601443401112,-3.40697239756392));
#3566=CARTESIAN_POINT('Ctrl Pts',(20.0223173904242,-4.03949165237076,-3.1113172141286));
#3567=CARTESIAN_POINT('Ctrl Pts',(21.3621845099983,-4.01197182285001,-2.73402883293676));
#3568=CARTESIAN_POINT('Ctrl Pts',(22.6307657313938,-4.01232413079133,-2.73708155005183));
#3569=CARTESIAN_POINT('Ctrl Pts',(23.6422749188803,-4.03284285603763,-3.01869524333262));
#3570=CARTESIAN_POINT('Ctrl Pts',(24.3419055185411,-4.03784638579126,-3.31416369974208));
#3571=CARTESIAN_POINT('Ctrl Pts',(24.6938115172335,-4.0180072393573,-3.48130418149826));
#3572=CARTESIAN_POINT('Ctrl Pts',(24.850179889504,-4.00000004470348,-3.5556359654326));
#3573=CARTESIAN_POINT('Ctrl Pts',(19.1498207512459,-4.00000004470348,-3.96862696096478));
#3574=CARTESIAN_POINT('Ctrl Pts',(19.4563781180516,-4.00000004470348,-3.79549101408148));
#3575=CARTESIAN_POINT('Ctrl Pts',(19.9869261563389,-3.94406057550416,-3.45198613839045));
#3576=CARTESIAN_POINT('Ctrl Pts',(21.3381509273696,-3.86349429431875,-2.98509033311561));
#3577=CARTESIAN_POINT('Ctrl Pts',(22.6534848581883,-3.86424269017868,-2.98891774038672));
#3578=CARTESIAN_POINT('Ctrl Pts',(23.6747138704165,-3.92405798128474,-3.33782101119457));
#3579=CARTESIAN_POINT('Ctrl Pts',(24.3560753705095,-3.98292404124647,-3.68799058527404));
#3580=CARTESIAN_POINT('Ctrl Pts',(24.6969012061012,-4.00000004470348,-3.88205898752313));
#3581=CARTESIAN_POINT('Ctrl Pts',(24.850179889504,-4.00000004470348,-3.96862696096478));
#3582=CARTESIAN_POINT('',(24.850179889504,-4.00000004470348,-3.96862696096477));
#3583=CARTESIAN_POINT('',(24.850179889504,-5.75000002235174,-1.98431348048239));
#3584=CARTESIAN_POINT('Origin',(24.850179889504,-6.00000004470348,-3.96862696096478));
#3585=CARTESIAN_POINT('Ctrl Pts',(24.850179889504,-5.75000002235174,-1.98431348048239));
#3586=CARTESIAN_POINT('Ctrl Pts',(24.5754393847109,-5.75000002235174,-1.98431348048239));
#3587=CARTESIAN_POINT('Ctrl Pts',(24.0259240744103,-5.72438601716624,-1.9877282734814));
#3588=CARTESIAN_POINT('Ctrl Pts',(23.2212182980764,-5.63608692722366,-1.99639668113894));
#3589=CARTESIAN_POINT('Ctrl Pts',(22.4148772098226,-5.54636399056456,-1.99964279668907));
#3590=CARTESIAN_POINT('Ctrl Pts',(21.5828470844655,-5.54524139677467,-1.99967474767953));
#3591=CARTESIAN_POINT('Ctrl Pts',(20.5101175765077,-5.66609081855278,-1.99511961087417));
#3592=CARTESIAN_POINT('Ctrl Pts',(19.6993017608321,-5.75000002235174,-1.98431348048239));
#3593=CARTESIAN_POINT('Ctrl Pts',(19.1498207512459,-5.75000002235174,-1.98431348048239));
#3594=CARTESIAN_POINT('',(22.000000320375,-3.8662600865371,-2.99959337457818));
#3595=CARTESIAN_POINT('Ctrl Pts',(19.1498207512459,-4.00000004470348,-3.96862696096478));
#3596=CARTESIAN_POINT('Ctrl Pts',(19.4563781180516,-4.00000004470348,-3.79549101408148));
#3597=CARTESIAN_POINT('Ctrl Pts',(19.9869261563389,-3.94406057550416,-3.45198613839045));
#3598=CARTESIAN_POINT('Ctrl Pts',(21.1703407710773,-3.87349991331529,-3.04307465943583));
#3599=CARTESIAN_POINT('Ctrl Pts',(21.7918501935675,-3.86626137338472,-3.0009340892971));
#3600=CARTESIAN_POINT('Ctrl Pts',(21.9999952202208,-3.86637537650012,-3.00157870561733));
#3601=CARTESIAN_POINT('Ctrl Pts',(21.9999952202208,-3.86637537650012,-3.00157870561733));
#3602=CARTESIAN_POINT('Ctrl Pts',(22.2054638310217,-3.86648791371576,-3.00221503319117));
#3603=CARTESIAN_POINT('Ctrl Pts',(22.8247910569537,-3.87427641427458,-3.04744456673344));
#3604=CARTESIAN_POINT('Ctrl Pts',(23.6747138704165,-3.92405798128474,-3.33782101119457));
#3605=CARTESIAN_POINT('Ctrl Pts',(24.3560753705095,-3.98292404124647,-3.68799058527404));
#3606=CARTESIAN_POINT('Ctrl Pts',(24.6969012061012,-4.00000004470348,-3.88205898752313));
#3607=CARTESIAN_POINT('Ctrl Pts',(24.850179889504,-4.00000004470348,-3.96862696096478));
#3608=CARTESIAN_POINT('Origin',(10.,-6.00000004470348,-3.96862696096478));
#3609=CARTESIAN_POINT('',(10.,-4.00000004470348,-3.96862696096478));
#3610=CARTESIAN_POINT('',(10.,-5.75000002235174,-1.98431348048239));
#3611=CARTESIAN_POINT('Origin',(17.1180343091249,-2.50000004470348,-2.));
#3612=CARTESIAN_POINT('',(16.000000320375,-3.50000004470348,-6.));
#3613=CARTESIAN_POINT('',(16.000000320375,-3.50000004470348,-2.));
#3614=CARTESIAN_POINT('',(17.1180343091249,-4.00000004470348,-6.));
#3615=CARTESIAN_POINT('Origin',(17.1180343091249,-2.50000004470348,-6.));
#3616=CARTESIAN_POINT('',(17.1180343091249,-4.00000004470348,-2.));
#3617=CARTESIAN_POINT('Origin',(17.500000320375,-3.50000004470348,-2.));
#3618=CARTESIAN_POINT('',(17.500000320375,-2.00000004470348,-6.));
#3619=CARTESIAN_POINT('',(17.500000320375,-2.00000004470348,-2.));
#3620=CARTESIAN_POINT('Origin',(17.500000320375,-3.50000004470348,-6.));
#3621=CARTESIAN_POINT('Origin',(22.000000320375,-3.00000004470348,-6.));
#3622=CARTESIAN_POINT('Origin',(22.000000320375,-2.00000004470348,-6.));
#3623=CARTESIAN_POINT('Origin',(22.000000320375,-3.00000004470348,-2.5));
#3624=CARTESIAN_POINT('Origin',(22.000000320375,-4.00000004470348,-6.));
#3625=CARTESIAN_POINT('Origin',(16.000000320375,-2.00000004470348,-2.));
#3626=CARTESIAN_POINT('',(26.500000320375,-2.00000004470348,-6.));
#3627=CARTESIAN_POINT('',(26.500000320375,-2.00000004470348,-2.));
#3628=CARTESIAN_POINT('Origin',(22.000000320375,-2.00000004470348,-6.));
#3629=CARTESIAN_POINT('Origin',(10.,-5.5,1.11022302462516E-15));
#3630=CARTESIAN_POINT('',(43.,-5.5,-2.));
#3631=CARTESIAN_POINT('',(10.,-5.5,-2.));
#3632=CARTESIAN_POINT('',(43.,-7.5,2.77555756156289E-16));
#3633=CARTESIAN_POINT('Origin',(43.,-5.5,2.77555756156289E-16));
#3634=CARTESIAN_POINT('',(1.,-7.5,1.6306400674182E-15));
#3635=CARTESIAN_POINT('',(10.,-7.5,1.11022302462516E-15));
#3636=CARTESIAN_POINT('',(1.,-5.5,-2.));
#3637=CARTESIAN_POINT('Origin',(1.,-5.5,1.6306400674182E-15));
#3638=CARTESIAN_POINT('',(10.,-5.5,-2.));
#3639=CARTESIAN_POINT('Origin',(22.000000320375,-2.50000004470348,-6.));
#3640=CARTESIAN_POINT('',(28.000000320375,-3.50000004470348,-6.));
#3641=CARTESIAN_POINT('',(26.8819663316251,-4.00000004470348,-6.));
#3642=CARTESIAN_POINT('Origin',(26.8819663316251,-2.50000004470348,-6.));
#3643=CARTESIAN_POINT('Origin',(22.000000320375,-4.00000004470348,-6.));
#3644=CARTESIAN_POINT('Origin',(22.000000320375,-3.50000004470348,-6.));
#3645=CARTESIAN_POINT('Origin',(26.8819663316251,-2.50000004470348,-2.));
#3646=CARTESIAN_POINT('',(26.8819663316251,-4.00000004470348,-2.));
#3647=CARTESIAN_POINT('',(28.000000320375,-3.50000004470348,-2.));
#3648=CARTESIAN_POINT('Origin',(22.000000320375,-3.50000004470348,-6.));
#3649=CARTESIAN_POINT('Origin',(26.500000320375,-3.50000004470348,-6.));
#3650=CARTESIAN_POINT('Origin',(26.500000320375,-3.50000004470348,-2.));
#3651=CARTESIAN_POINT('Origin',(28.000000320375,-4.00000004470348,-2.));
#3652=CARTESIAN_POINT('Origin',(3.,10.5,34.2));
#3653=CARTESIAN_POINT('',(4.9,8.5,34.2));
#3654=CARTESIAN_POINT('Origin',(3.,8.5,34.2));
#3655=CARTESIAN_POINT('',(4.9,7.,34.2));
#3656=CARTESIAN_POINT('',(4.9,10.5,34.2));
#3657=CARTESIAN_POINT('Origin',(3.,7.,34.2));
#3658=CARTESIAN_POINT('Origin',(3.,7.,34.2));
#3659=CARTESIAN_POINT('',(4.6,7.,34.2));
#3660=CARTESIAN_POINT('Origin',(3.,7.,34.2));
#3661=CARTESIAN_POINT('Origin',(41.,10.5,34.2));
#3662=CARTESIAN_POINT('',(42.9,8.5,34.2));
#3663=CARTESIAN_POINT('Origin',(41.,8.5,34.2));
#3664=CARTESIAN_POINT('',(42.9,7.,34.2));
#3665=CARTESIAN_POINT('',(42.9,10.5,34.2));
#3666=CARTESIAN_POINT('Origin',(41.,7.,34.2));
#3667=CARTESIAN_POINT('Origin',(41.,7.,34.2));
#3668=CARTESIAN_POINT('',(42.6,7.,34.2));
#3669=CARTESIAN_POINT('Origin',(41.,7.,34.2));
#3670=CARTESIAN_POINT('Origin',(3.,10.5,3.));
#3671=CARTESIAN_POINT('',(4.9,8.5,3.));
#3672=CARTESIAN_POINT('Origin',(3.,8.5,3.));
#3673=CARTESIAN_POINT('',(4.9,7.,3.));
#3674=CARTESIAN_POINT('',(4.9,10.5,3.));
#3675=CARTESIAN_POINT('Origin',(3.,7.,3.));
#3676=CARTESIAN_POINT('Origin',(3.,7.,3.));
#3677=CARTESIAN_POINT('',(4.6,7.,3.));
#3678=CARTESIAN_POINT('Origin',(3.,7.,3.));
#3679=CARTESIAN_POINT('Origin',(41.,10.5,3.));
#3680=CARTESIAN_POINT('',(42.9,8.5,3.));
#3681=CARTESIAN_POINT('Origin',(41.,8.5,3.));
#3682=CARTESIAN_POINT('',(42.9,7.,3.));
#3683=CARTESIAN_POINT('',(42.9,10.5,3.));
#3684=CARTESIAN_POINT('Origin',(41.,7.,3.));
#3685=CARTESIAN_POINT('Origin',(41.,7.,3.));
#3686=CARTESIAN_POINT('',(42.6,7.,3.));
#3687=CARTESIAN_POINT('Origin',(41.,7.,3.));
#3688=CARTESIAN_POINT('Origin',(3.,10.5,34.2));
#3689=CARTESIAN_POINT('',(4.6,2.5,34.2));
#3690=CARTESIAN_POINT('',(4.6,10.5,34.2));
#3691=CARTESIAN_POINT('Origin',(3.,2.5,34.2));
#3692=CARTESIAN_POINT('Origin',(41.,10.5,34.2));
#3693=CARTESIAN_POINT('',(42.6,2.5,34.2));
#3694=CARTESIAN_POINT('',(42.6,10.5,34.2));
#3695=CARTESIAN_POINT('Origin',(41.,2.5,34.2));
#3696=CARTESIAN_POINT('Origin',(3.,10.5,3.));
#3697=CARTESIAN_POINT('',(4.6,2.5,3.));
#3698=CARTESIAN_POINT('',(4.6,10.5,3.));
#3699=CARTESIAN_POINT('Origin',(3.,2.5,3.));
#3700=CARTESIAN_POINT('Origin',(41.,10.5,3.));
#3701=CARTESIAN_POINT('',(42.6,2.5,3.));
#3702=CARTESIAN_POINT('',(42.6,10.5,3.));
#3703=CARTESIAN_POINT('Origin',(41.,2.5,3.));
#3704=CARTESIAN_POINT('Origin',(4.,8.5,4.));
#3705=CARTESIAN_POINT('',(4.,2.5,6.));
#3706=CARTESIAN_POINT('',(6.,2.5,4.));
#3707=CARTESIAN_POINT('Origin',(4.,2.5,4.));
#3708=CARTESIAN_POINT('',(6.,8.5,4.));
#3709=CARTESIAN_POINT('',(6.,8.5,4.));
#3710=CARTESIAN_POINT('',(4.,8.5,6.));
#3711=CARTESIAN_POINT('Origin',(4.,8.5,4.));
#3712=CARTESIAN_POINT('',(4.,8.5,6.));
#3713=CARTESIAN_POINT('Origin',(3.,2.5,3.));
#3714=CARTESIAN_POINT('',(0.,2.5,6.));
#3715=CARTESIAN_POINT('',(6.,2.5,6.));
#3716=CARTESIAN_POINT('',(0.,2.5,0.));
#3717=CARTESIAN_POINT('',(0.,2.5,20.1));
#3718=CARTESIAN_POINT('',(6.,2.5,0.));
#3719=CARTESIAN_POINT('',(1.5,2.5,0.));
#3720=CARTESIAN_POINT('',(6.,2.5,-3.85185988877447E-33));
#3721=CARTESIAN_POINT('Origin',(6.,8.5,6.));
#3722=CARTESIAN_POINT('',(0.,8.5,6.));
#3723=CARTESIAN_POINT('',(6.,8.5,6.));
#3724=CARTESIAN_POINT('',(0.,1.5,6.));
#3725=CARTESIAN_POINT('Origin',(6.,8.5,-3.85185988877447E-33));
#3726=CARTESIAN_POINT('',(6.,8.5,-3.85185988877447E-33));
#3727=CARTESIAN_POINT('',(6.,1.5,0.));
#3728=CARTESIAN_POINT('',(6.,8.5,-3.85185988877447E-33));
#3729=CARTESIAN_POINT('Origin',(0.,-5.5,0.));
#3730=CARTESIAN_POINT('',(0.,-5.5,0.));
#3731=CARTESIAN_POINT('',(0.,-5.5,0.));
#3732=CARTESIAN_POINT('',(44.,-5.5,0.));
#3733=CARTESIAN_POINT('',(11.,-5.5,0.));
#3734=CARTESIAN_POINT('',(44.,2.5,0.));
#3735=CARTESIAN_POINT('',(44.,-5.5,0.));
#3736=CARTESIAN_POINT('',(38.,2.5,0.));
#3737=CARTESIAN_POINT('',(20.5,2.5,0.));
#3738=CARTESIAN_POINT('',(38.,8.5,-3.85185988877447E-33));
#3739=CARTESIAN_POINT('',(38.,1.5,0.));
#3740=CARTESIAN_POINT('',(33.,8.5,0.));
#3741=CARTESIAN_POINT('Origin',(4.00000000000001,8.5,33.2));
#3742=CARTESIAN_POINT('',(4.,2.5,31.2));
#3743=CARTESIAN_POINT('',(6.,2.5,33.2));
#3744=CARTESIAN_POINT('Origin',(4.00000000000001,2.5,33.2));
#3745=CARTESIAN_POINT('',(4.,8.5,31.2));
#3746=CARTESIAN_POINT('',(4.,8.5,31.2));
#3747=CARTESIAN_POINT('',(6.,8.5,33.2));
#3748=CARTESIAN_POINT('Origin',(4.00000000000001,8.5,33.2));
#3749=CARTESIAN_POINT('',(6.,8.5,33.2));
#3750=CARTESIAN_POINT('Origin',(3.,2.5,34.2));
#3751=CARTESIAN_POINT('',(6.00000000000001,2.5,37.2));
#3752=CARTESIAN_POINT('',(6.00000000000001,2.5,37.2));
#3753=CARTESIAN_POINT('',(4.44089209850063E-15,2.5,37.2));
#3754=CARTESIAN_POINT('',(23.5,2.5,37.2));
#3755=CARTESIAN_POINT('',(3.33066907387547E-15,2.5,31.2));
#3756=CARTESIAN_POINT('',(0.,2.5,35.7));
#3757=CARTESIAN_POINT('',(6.,2.5,31.2));
#3758=CARTESIAN_POINT('Origin',(6.,8.5,31.2));
#3759=CARTESIAN_POINT('',(3.33066907387547E-15,8.5,31.2));
#3760=CARTESIAN_POINT('',(0.,1.5,31.2));
#3761=CARTESIAN_POINT('',(6.,8.5,31.2));
#3762=CARTESIAN_POINT('Origin',(6.00000000000001,8.5,37.2));
#3763=CARTESIAN_POINT('',(6.00000000000001,8.5,37.2));
#3764=CARTESIAN_POINT('',(6.00000000000001,8.5,37.2));
#3765=CARTESIAN_POINT('',(6.00000000000001,1.5,37.2));
#3766=CARTESIAN_POINT('Origin',(9.38890847888777E-32,-5.5,37.2));
#3767=CARTESIAN_POINT('',(0.,8.5,9.3));
#3768=CARTESIAN_POINT('',(1.2518544638517E-31,-5.5,37.2));
#3769=CARTESIAN_POINT('',(1.2518544638517E-31,-5.5,37.2));
#3770=CARTESIAN_POINT('',(0.,-5.5,27.9));
#3771=CARTESIAN_POINT('',(0.,1.34499999999999,25.6700000000001));
#3772=CARTESIAN_POINT('',(0.,2.61499999999999,26.9400000000001));
#3773=CARTESIAN_POINT('Origin',(0.,2.61499999999999,25.6700000000001));
#3774=CARTESIAN_POINT('',(0.,3.81499999999999,26.9400000000001));
#3775=CARTESIAN_POINT('',(0.,-1.44250000000002,26.9400000000001));
#3776=CARTESIAN_POINT('',(0.,5.08499999999999,25.6700000000001));
#3777=CARTESIAN_POINT('Origin',(0.,3.81499999999999,25.6700000000001));
#3778=CARTESIAN_POINT('',(0.,5.085,18.73));
#3779=CARTESIAN_POINT('',(0.,5.08499999999999,31.435));
#3780=CARTESIAN_POINT('',(0.,3.815,17.46));
#3781=CARTESIAN_POINT('Origin',(0.,3.815,18.73));
#3782=CARTESIAN_POINT('',(0.,2.61499999999999,17.46));
#3783=CARTESIAN_POINT('',(0.,-0.842500000000003,17.4600000000001));
#3784=CARTESIAN_POINT('',(0.,1.34499999999999,18.73));
#3785=CARTESIAN_POINT('Origin',(0.,2.61499999999999,18.73));
#3786=CARTESIAN_POINT('',(0.,1.34499999999999,27.965));
#3787=CARTESIAN_POINT('Origin',(40.,8.5,4.));
#3788=CARTESIAN_POINT('',(40.,2.5,6.));
#3789=CARTESIAN_POINT('',(38.,2.5,4.));
#3790=CARTESIAN_POINT('Origin',(40.,2.5,4.));
#3791=CARTESIAN_POINT('',(40.,8.5,6.));
#3792=CARTESIAN_POINT('',(40.,8.5,6.));
#3793=CARTESIAN_POINT('',(38.,8.5,4.));
#3794=CARTESIAN_POINT('Origin',(40.,8.5,4.));
#3795=CARTESIAN_POINT('',(38.,8.5,4.));
#3796=CARTESIAN_POINT('Origin',(41.,2.5,3.));
#3797=CARTESIAN_POINT('',(38.,2.5,-3.85185988877447E-33));
#3798=CARTESIAN_POINT('',(44.,2.5,6.));
#3799=CARTESIAN_POINT('',(44.,2.5,1.5));
#3800=CARTESIAN_POINT('',(38.,2.5,6.));
#3801=CARTESIAN_POINT('Origin',(38.,8.5,6.));
#3802=CARTESIAN_POINT('',(44.,8.5,6.));
#3803=CARTESIAN_POINT('',(44.,1.5,6.));
#3804=CARTESIAN_POINT('',(38.,8.5,6.));
#3805=CARTESIAN_POINT('Origin',(38.,8.5,-3.85185988877447E-33));
#3806=CARTESIAN_POINT('',(38.,8.5,-3.85185988877447E-33));
#3807=CARTESIAN_POINT('Origin',(44.,-5.5,0.));
#3808=CARTESIAN_POINT('',(44.,-5.5,37.2));
#3809=CARTESIAN_POINT('',(44.,-5.5,9.3));
#3810=CARTESIAN_POINT('',(44.,2.5,37.2));
#3811=CARTESIAN_POINT('',(44.,-5.5,37.2));
#3812=CARTESIAN_POINT('',(44.,2.5,31.2));
#3813=CARTESIAN_POINT('',(44.,2.5,17.1));
#3814=CARTESIAN_POINT('',(44.,8.5,31.2));
#3815=CARTESIAN_POINT('',(44.,1.5,31.2));
#3816=CARTESIAN_POINT('',(44.,8.5,27.9));
#3817=CARTESIAN_POINT('',(44.,2.29692957858347,11.5));
#3818=CARTESIAN_POINT('Origin',(44.,2.29692957858347,9.));
#3819=CARTESIAN_POINT('Origin',(40.,8.5,33.2));
#3820=CARTESIAN_POINT('',(40.,2.5,31.2));
#3821=CARTESIAN_POINT('',(38.,2.5,33.2));
#3822=CARTESIAN_POINT('Origin',(40.,2.5,33.2));
#3823=CARTESIAN_POINT('',(38.,8.5,33.2));
#3824=CARTESIAN_POINT('',(38.,8.5,33.2));
#3825=CARTESIAN_POINT('',(40.,8.5,31.2));
#3826=CARTESIAN_POINT('Origin',(40.,8.5,33.2));
#3827=CARTESIAN_POINT('',(40.,8.5,31.2));
#3828=CARTESIAN_POINT('Origin',(41.,2.5,34.2));
#3829=CARTESIAN_POINT('',(38.,2.5,31.2));
#3830=CARTESIAN_POINT('',(38.,2.5,37.2));
#3831=CARTESIAN_POINT('',(42.5,2.5,37.2));
#3832=CARTESIAN_POINT('',(38.,2.5,37.2));
#3833=CARTESIAN_POINT('Origin',(38.,8.5,31.2));
#3834=CARTESIAN_POINT('',(38.,8.5,31.2));
#3835=CARTESIAN_POINT('Origin',(38.,8.5,37.2));
#3836=CARTESIAN_POINT('',(38.,8.5,37.2));
#3837=CARTESIAN_POINT('',(38.,1.5,37.2));
#3838=CARTESIAN_POINT('',(38.,8.5,37.2));
#3839=CARTESIAN_POINT('Origin',(44.,-5.5,37.2));
#3840=CARTESIAN_POINT('',(11.,8.5,37.2));
#3841=CARTESIAN_POINT('',(33.,-5.5,37.2));
#3842=CARTESIAN_POINT('Origin',(-1.,-1.44250000000002,27.9400000000001));
#3843=CARTESIAN_POINT('',(-2.,3.815,27.9400000000001));
#3844=CARTESIAN_POINT('',(-1.,3.81499999999999,26.9400000000001));
#3845=CARTESIAN_POINT('Origin',(-1.,3.815,27.9400000000001));
#3846=CARTESIAN_POINT('',(-1.,2.61499999999999,26.9400000000001));
#3847=CARTESIAN_POINT('',(-1.,-1.44250000000003,26.9400000000001));
#3848=CARTESIAN_POINT('',(-2.,2.61499999999999,27.9400000000001));
#3849=CARTESIAN_POINT('Origin',(-1.,2.61499999999999,27.9400000000001));
#3850=CARTESIAN_POINT('',(-2.,-1.44250000000002,27.9400000000001));
#3851=CARTESIAN_POINT('Origin',(-1.,2.61499999999999,25.6700000000001));
#3852=CARTESIAN_POINT('',(-1.,1.34499999999999,25.6700000000001));
#3853=CARTESIAN_POINT('',(-2.,0.344999999999991,25.6700000000001));
#3854=CARTESIAN_POINT('Origin',(-1.,0.344999999999991,25.6700000000001));
#3855=CARTESIAN_POINT('Origin',(-2.,2.61499999999999,25.6700000000001));
#3856=CARTESIAN_POINT('Origin',(-1.,2.61499999999999,25.6700000000001));
#3857=CARTESIAN_POINT('Origin',(-1.,0.344999999999989,28.965));
#3858=CARTESIAN_POINT('',(-1.,1.34499999999999,18.73));
#3859=CARTESIAN_POINT('',(-2.,0.344999999999994,18.73));
#3860=CARTESIAN_POINT('Origin',(-1.,0.344999999999994,18.73));
#3861=CARTESIAN_POINT('',(-2.,0.344999999999989,28.965));
#3862=CARTESIAN_POINT('',(-1.,1.34499999999999,28.965));
#3863=CARTESIAN_POINT('Origin',(-1.,2.61499999999999,18.73));
#3864=CARTESIAN_POINT('',(-1.,2.61499999999999,17.46));
#3865=CARTESIAN_POINT('',(-2.,2.61499999999999,16.46));
#3866=CARTESIAN_POINT('Origin',(-1.,2.61499999999999,16.46));
#3867=CARTESIAN_POINT('Origin',(-2.,2.61499999999999,18.73));
#3868=CARTESIAN_POINT('Origin',(-1.,2.61499999999999,18.73));
#3869=CARTESIAN_POINT('Origin',(-1.,-0.842500000000003,16.46));
#3870=CARTESIAN_POINT('',(-1.,3.815,17.46));
#3871=CARTESIAN_POINT('',(-2.,3.815,16.46));
#3872=CARTESIAN_POINT('Origin',(-1.,3.815,16.46));
#3873=CARTESIAN_POINT('',(-2.,-0.842500000000003,16.46));
#3874=CARTESIAN_POINT('',(-1.,-0.842500000000003,17.46));
#3875=CARTESIAN_POINT('Origin',(-1.,3.815,18.73));
#3876=CARTESIAN_POINT('',(-1.,5.085,18.73));
#3877=CARTESIAN_POINT('',(-2.,6.08499999999999,18.73));
#3878=CARTESIAN_POINT('Origin',(-1.,6.08499999999999,18.73));
#3879=CARTESIAN_POINT('Origin',(-2.,3.815,18.73));
#3880=CARTESIAN_POINT('Origin',(-1.,3.815,18.73));
#3881=CARTESIAN_POINT('Origin',(-1.,6.08499999999999,32.435));
#3882=CARTESIAN_POINT('',(-1.,5.08499999999999,25.6700000000001));
#3883=CARTESIAN_POINT('',(-2.,6.08499999999999,25.6700000000001));
#3884=CARTESIAN_POINT('Origin',(-1.,6.08499999999999,25.6700000000001));
#3885=CARTESIAN_POINT('',(-2.,6.08499999999999,32.435));
#3886=CARTESIAN_POINT('',(-1.,5.08499999999999,32.435));
#3887=CARTESIAN_POINT('Origin',(-1.,3.81499999999999,25.6700000000001));
#3888=CARTESIAN_POINT('Origin',(-2.,3.81499999999999,25.6700000000001));
#3889=CARTESIAN_POINT('Origin',(-1.,3.81499999999999,25.6700000000001));
#3890=CARTESIAN_POINT('Origin',(1.66500000000001,2.61499999999999,18.73));
#3891=CARTESIAN_POINT('',(1.66500000000001,1.34499999999999,18.73));
#3892=CARTESIAN_POINT('',(1.66500000000001,2.61499999999999,17.46));
#3893=CARTESIAN_POINT('Origin',(1.66500000000001,1.34499999999999,18.73));
#3894=CARTESIAN_POINT('',(1.66500000000001,1.34499999999999,25.6700000000001));
#3895=CARTESIAN_POINT('Origin',(1.66500000000001,2.61499999999999,25.6700000000001));
#3896=CARTESIAN_POINT('',(1.66500000000001,2.61499999999999,26.9400000000001));
#3897=CARTESIAN_POINT('Origin',(1.66500000000001,2.61499999999999,26.9400000000001));
#3898=CARTESIAN_POINT('',(1.66500000000001,3.81499999999999,26.9400000000001));
#3899=CARTESIAN_POINT('Origin',(-2.,-5.5,39.2));
#3900=CARTESIAN_POINT('',(-2.,-5.5,36.2));
#3901=CARTESIAN_POINT('',(-2.,-5.5,1.00000000000001));
#3902=CARTESIAN_POINT('',(-2.,-5.5,28.9));
#3903=CARTESIAN_POINT('',(-2.,8.5,36.2));
#3904=CARTESIAN_POINT('',(-2.,-5.5,36.2));
#3905=CARTESIAN_POINT('',(-2.,8.5,1.00000000000001));
#3906=CARTESIAN_POINT('',(-2.,8.5,28.9));
#3907=CARTESIAN_POINT('',(-2.,-5.5,1.00000000000001));
#3908=CARTESIAN_POINT('Origin',(46.,-5.5,-2.));
#3909=CARTESIAN_POINT('',(46.,-5.5,1.));
#3910=CARTESIAN_POINT('',(46.,-5.5,36.2));
#3911=CARTESIAN_POINT('',(46.,-5.5,8.3));
#3912=CARTESIAN_POINT('',(46.,8.5,1.));
#3913=CARTESIAN_POINT('',(46.,-5.5,1.));
#3914=CARTESIAN_POINT('',(46.,8.5,36.2));
#3915=CARTESIAN_POINT('',(46.,8.5,8.3));
#3916=CARTESIAN_POINT('',(46.,-5.5,36.2));
#3917=CARTESIAN_POINT('',(46.,2.29692957858347,11.5));
#3918=CARTESIAN_POINT('Origin',(46.,2.29692957858347,9.));
#3919=CARTESIAN_POINT('Origin',(45.,2.29692957858347,9.));
#3920=CARTESIAN_POINT('Origin',(45.,2.29692957858347,11.5));
#3921=CARTESIAN_POINT('Ctrl Pts',(0.,-7.5,36.2));
#3922=CARTESIAN_POINT('Ctrl Pts',(2.77555756156289E-16,-7.5,37.2));
#3923=CARTESIAN_POINT('Ctrl Pts',(0.999999999999996,-7.5,37.2));
#3924=CARTESIAN_POINT('Ctrl Pts',(-2.00000000000001,-7.5,36.2));
#3925=CARTESIAN_POINT('Ctrl Pts',(-2.00000000000001,-7.5,39.2));
#3926=CARTESIAN_POINT('Ctrl Pts',(0.999999999999996,-7.5,39.2));
#3927=CARTESIAN_POINT('Ctrl Pts',(-2.00000000000001,-5.5,36.2));
#3928=CARTESIAN_POINT('Ctrl Pts',(-2.00000000000001,-5.5,39.2));
#3929=CARTESIAN_POINT('Ctrl Pts',(0.999999999999996,-5.5,39.2));
#3930=CARTESIAN_POINT('',(-3.95516952522712E-15,-7.5,36.2));
#3931=CARTESIAN_POINT('Origin',(-3.95516952522712E-15,-5.5,36.2));
#3932=CARTESIAN_POINT('',(0.999999999999996,-7.5,37.2));
#3933=CARTESIAN_POINT('Origin',(0.999999999999996,-7.5,36.2));
#3934=CARTESIAN_POINT('',(0.999999999999997,-5.5,39.2));
#3935=CARTESIAN_POINT('Origin',(0.999999999999996,-5.5,37.2));
#3936=CARTESIAN_POINT('Origin',(0.999999999999996,-5.5,36.2));
#3937=CARTESIAN_POINT('Origin',(34.,-5.5,37.2));
#3938=CARTESIAN_POINT('',(43.,-7.5,37.2));
#3939=CARTESIAN_POINT('',(43.,-5.5,39.2));
#3940=CARTESIAN_POINT('Origin',(43.,-5.5,37.2));
#3941=CARTESIAN_POINT('',(34.,-5.5,39.2));
#3942=CARTESIAN_POINT('',(34.,-7.5,37.2));
#3943=CARTESIAN_POINT('Ctrl Pts',(43.,-7.5,37.2));
#3944=CARTESIAN_POINT('Ctrl Pts',(44.,-7.5,37.2));
#3945=CARTESIAN_POINT('Ctrl Pts',(44.,-7.5,36.2));
#3946=CARTESIAN_POINT('Ctrl Pts',(43.,-7.5,39.2));
#3947=CARTESIAN_POINT('Ctrl Pts',(46.,-7.5,39.2));
#3948=CARTESIAN_POINT('Ctrl Pts',(46.,-7.5,36.2));
#3949=CARTESIAN_POINT('Ctrl Pts',(43.,-5.5,39.2));
#3950=CARTESIAN_POINT('Ctrl Pts',(46.,-5.5,39.2));
#3951=CARTESIAN_POINT('Ctrl Pts',(46.,-5.5,36.2));
#3952=CARTESIAN_POINT('',(44.,-7.5,36.2));
#3953=CARTESIAN_POINT('Origin',(44.,-5.5,36.2));
#3954=CARTESIAN_POINT('Origin',(43.,-5.5,36.2));
#3955=CARTESIAN_POINT('Origin',(43.,-7.5,36.2));
#3956=CARTESIAN_POINT('Origin',(44.,-5.5,8.3));
#3957=CARTESIAN_POINT('',(44.,-7.5,1.));
#3958=CARTESIAN_POINT('Origin',(44.,-5.5,1.));
#3959=CARTESIAN_POINT('',(44.,-7.5,8.3));
#3960=CARTESIAN_POINT('Ctrl Pts',(44.,-7.5,1.));
#3961=CARTESIAN_POINT('Ctrl Pts',(44.,-7.5,4.16333634234434E-15));
#3962=CARTESIAN_POINT('Ctrl Pts',(43.,-7.5,4.16333634234434E-15));
#3963=CARTESIAN_POINT('Ctrl Pts',(46.,-7.5,1.));
#3964=CARTESIAN_POINT('Ctrl Pts',(46.,-7.5,-2.));
#3965=CARTESIAN_POINT('Ctrl Pts',(43.,-7.5,-2.));
#3966=CARTESIAN_POINT('Ctrl Pts',(46.,-5.5,1.));
#3967=CARTESIAN_POINT('Ctrl Pts',(46.,-5.5,-2.));
#3968=CARTESIAN_POINT('Ctrl Pts',(43.,-5.5,-2.));
#3969=CARTESIAN_POINT('Origin',(43.,-5.5,1.));
#3970=CARTESIAN_POINT('Origin',(43.,-7.5,1.));
#3971=CARTESIAN_POINT('Ctrl Pts',(1.,-7.5,4.71844785465692E-15));
#3972=CARTESIAN_POINT('Ctrl Pts',(2.77555756156289E-16,-7.5,4.9960036108132E-15));
#3973=CARTESIAN_POINT('Ctrl Pts',(0.,-7.5,1.00000000000001));
#3974=CARTESIAN_POINT('Ctrl Pts',(1.,-7.5,-2.));
#3975=CARTESIAN_POINT('Ctrl Pts',(-2.,-7.5,-1.99999999999999));
#3976=CARTESIAN_POINT('Ctrl Pts',(-2.,-7.5,1.00000000000001));
#3977=CARTESIAN_POINT('Ctrl Pts',(1.,-5.5,-2.));
#3978=CARTESIAN_POINT('Ctrl Pts',(-2.,-5.5,-1.99999999999999));
#3979=CARTESIAN_POINT('Ctrl Pts',(-2.,-5.5,1.00000000000001));
#3980=CARTESIAN_POINT('',(6.93889390390723E-17,-7.5,1.00000000000001));
#3981=CARTESIAN_POINT('Origin',(6.93889390390723E-17,-5.5,1.00000000000001));
#3982=CARTESIAN_POINT('Origin',(1.,-5.5,1.00000000000001));
#3983=CARTESIAN_POINT('Origin',(1.,-7.5,1.00000000000001));
#3984=CARTESIAN_POINT('Origin',(0.,-5.5,28.9));
#3985=CARTESIAN_POINT('',(0.,-7.5,28.9));
#3986=CARTESIAN_POINT('Origin',(-2.,-5.5,-2.));
#3987=CARTESIAN_POINT('',(1.,8.5,-2.));
#3988=CARTESIAN_POINT('',(1.,-5.5,-2.));
#3989=CARTESIAN_POINT('',(43.,8.5,-2.));
#3990=CARTESIAN_POINT('',(10.,8.5,-2.));
#3991=CARTESIAN_POINT('',(43.,-5.5,-2.));
#3992=CARTESIAN_POINT('Origin',(1.,-5.5,1.00000000000001));
#3993=CARTESIAN_POINT('Origin',(1.,8.5,1.00000000000001));
#3994=CARTESIAN_POINT('Origin',(0.999999999999996,-5.5,36.2));
#3995=CARTESIAN_POINT('',(0.999999999999996,8.5,39.2));
#3996=CARTESIAN_POINT('',(0.999999999999997,-5.5,39.2));
#3997=CARTESIAN_POINT('Origin',(0.999999999999996,8.5,36.2));
#3998=CARTESIAN_POINT('Origin',(22.,-7.5,18.6));
#3999=CARTESIAN_POINT('Origin',(43.,-5.5,1.));
#4000=CARTESIAN_POINT('Origin',(43.,8.5,1.));
#4001=CARTESIAN_POINT('Origin',(22.,8.5,18.6));
#4002=CARTESIAN_POINT('',(43.,8.5,39.2));
#4003=CARTESIAN_POINT('',(34.,8.5,39.2));
#4004=CARTESIAN_POINT('Origin',(43.,8.5,36.2));
#4005=CARTESIAN_POINT('Origin',(43.,-5.5,36.2));
#4006=CARTESIAN_POINT('',(43.,-5.5,39.2));
#4007=CARTESIAN_POINT('Origin',(46.,-5.5,39.2));
#4008=CARTESIAN_POINT('Origin',(1.66500000000001,3.815,18.73));
#4009=CARTESIAN_POINT('',(1.66500000000001,3.815,17.46));
#4010=CARTESIAN_POINT('',(1.66500000000001,5.085,18.73));
#4011=CARTESIAN_POINT('Origin',(1.66500000000001,3.815,17.46));
#4012=CARTESIAN_POINT('Origin',(1.66500000000001,5.08499999999999,25.6700000000001));
#4013=CARTESIAN_POINT('',(1.66500000000001,5.08499999999999,25.6700000000001));
#4014=CARTESIAN_POINT('Origin',(1.66500000000001,3.81499999999999,25.6700000000001));
#4015=CARTESIAN_POINT('Origin',(22.,-5.5,18.6));
#4016=UNCERTAINTY_MEASURE_WITH_UNIT(LENGTH_MEASURE(0.01),#4020,
'DISTANCE_ACCURACY_VALUE',
'Maximum model space distance between geometric entities at asserted c
onnectivities');
#4017=UNCERTAINTY_MEASURE_WITH_UNIT(LENGTH_MEASURE(0.01),#4020,
'DISTANCE_ACCURACY_VALUE',
'Maximum model space distance between geometric entities at asserted c
onnectivities');
#4018=(
GEOMETRIC_REPRESENTATION_CONTEXT(3)
GLOBAL_UNCERTAINTY_ASSIGNED_CONTEXT((#4016))
GLOBAL_UNIT_ASSIGNED_CONTEXT((#4020,#4022,#4023))
REPRESENTATION_CONTEXT('','3D')
);
#4019=(
GEOMETRIC_REPRESENTATION_CONTEXT(3)
GLOBAL_UNCERTAINTY_ASSIGNED_CONTEXT((#4017))
GLOBAL_UNIT_ASSIGNED_CONTEXT((#4020,#4022,#4023))
REPRESENTATION_CONTEXT('','3D')
);
#4020=(
LENGTH_UNIT()
NAMED_UNIT(*)
SI_UNIT(.MILLI.,.METRE.)
);
#4021=(
LENGTH_UNIT()
NAMED_UNIT(*)
SI_UNIT($,.METRE.)
);
#4022=(
NAMED_UNIT(*)
PLANE_ANGLE_UNIT()
SI_UNIT($,.RADIAN.)
);
#4023=(
NAMED_UNIT(*)
SI_UNIT($,.STERADIAN.)
SOLID_ANGLE_UNIT()
);
#4024=SHAPE_DEFINITION_REPRESENTATION(#4025,#4026);
#4025=PRODUCT_DEFINITION_SHAPE('',$,#4028);
#4026=SHAPE_REPRESENTATION('',(#2179),#4018);
#4027=PRODUCT_DEFINITION_CONTEXT('part definition',#4032,'design');
#4028=PRODUCT_DEFINITION('2026-08-31-22-59-10-072','Base',#4029,#4027);
#4029=PRODUCT_DEFINITION_FORMATION('',$,#4034);
#4030=PRODUCT_RELATED_PRODUCT_CATEGORY('Base','Base',(#4034));
#4031=APPLICATION_PROTOCOL_DEFINITION('international standard',
'automotive_design',2009,#4032);
#4032=APPLICATION_CONTEXT(
'Core Data for Automotive Mechanical Design Process');
#4033=PRODUCT_CONTEXT('part definition',#4032,'mechanical');
#4034=PRODUCT('2026-08-31-22-59-10-072','Base',$,(#4033));
#4035=PRESENTATION_STYLE_ASSIGNMENT((#4036));
#4036=SURFACE_STYLE_USAGE(.BOTH.,#4037);
#4037=SURFACE_SIDE_STYLE('',(#4038));
#4038=SURFACE_STYLE_FILL_AREA(#4039);
#4039=FILL_AREA_STYLE('Steel - Satin',(#4040));
#4040=FILL_AREA_STYLE_COLOUR('Steel - Satin',#4041);
#4041=COLOUR_RGB('Steel - Satin',0.627450980392157,0.627450980392157,0.627450980392157);
ENDSEC;
END-ISO-10303-21;
