ISO-10303-21;
HEADER;
/* Generated by software containing ST-Developer
 * from STEP Tools, Inc. (www.steptools.com) 
 */

FILE_DESCRIPTION(
/* description */ (''),
/* implementation_level */ '2;1');

FILE_NAME(
/* name */ 'Buttons.step',
/* time_stamp */ '2026-08-31T23:00:04+08:00',
/* author */ (''),
/* organization */ (''),
/* preprocessor_version */ 'ST-DEVELOPER v20.1',
/* originating_system */ 'Autodesk Translation Framework v15.8.0.0',
/* authorisation */ '');

FILE_SCHEMA (('AUTOMOTIVE_DESIGN { 1 0 10303 214 3 1 1 }'));
ENDSEC;

DATA;
#10=MECHANICAL_DESIGN_GEOMETRIC_PRESENTATION_REPRESENTATION('',(#13,#14),
#3492);
#11=SHAPE_REPRESENTATION_RELATIONSHIP('SRR','None',#3499,#12);
#12=ADVANCED_BREP_SHAPE_REPRESENTATION('',(#15,#16),#3491);
#13=STYLED_ITEM('',(#3508),#15);
#14=STYLED_ITEM('',(#3508),#16);
#15=MANIFOLD_SOLID_BREP('RSTButton',#1779);
#16=MANIFOLD_SOLID_BREP('BootButton',#1780);
#17=(
BOUNDED_SURFACE()
B_SPLINE_SURFACE(2,2,((#2674,#2675,#2676),(#2677,#2678,#2679),(#2680,#2681,
#2682)),.UNSPECIFIED.,.F.,.F.,.F.)
B_SPLINE_SURFACE_WITH_KNOTS((3,3),(3,3),(0.,1.5707963267949),(1.5707963267949,
3.14159265358979),.UNSPECIFIED.)
GEOMETRIC_REPRESENTATION_ITEM()
RATIONAL_B_SPLINE_SURFACE(((1.,0.707106781186547,1.),(0.707106781186536,
0.499999999999992,0.707106781186536),(1.,0.707106781186547,1.)))
REPRESENTATION_ITEM('')
SURFACE()
);
#18=(
BOUNDED_SURFACE()
B_SPLINE_SURFACE(2,2,((#2690,#2691,#2692),(#2693,#2694,#2695),(#2696,#2697,
#2698)),.UNSPECIFIED.,.F.,.F.,.F.)
B_SPLINE_SURFACE_WITH_KNOTS((3,3),(3,3),(0.,1.5707963267949),(-3.14159265358979,
-1.5707963267949),.UNSPECIFIED.)
GEOMETRIC_REPRESENTATION_ITEM()
RATIONAL_B_SPLINE_SURFACE(((1.,0.707106781186548,1.),(0.707106781186547,
0.5,0.707106781186547),(1.,0.707106781186548,1.)))
REPRESENTATION_ITEM('')
SURFACE()
);
#19=(
BOUNDED_SURFACE()
B_SPLINE_SURFACE(2,2,((#2706,#2707,#2708),(#2709,#2710,#2711),(#2712,#2713,
#2714)),.UNSPECIFIED.,.F.,.F.,.F.)
B_SPLINE_SURFACE_WITH_KNOTS((3,3),(3,3),(0.,1.5707963267949),(-1.5707963267949,
1.23958670953717E-15),.UNSPECIFIED.)
GEOMETRIC_REPRESENTATION_ITEM()
RATIONAL_B_SPLINE_SURFACE(((1.,0.707106781186547,1.),(0.707106781186547,
0.499999999999999,0.707106781186547),(1.,0.707106781186547,1.)))
REPRESENTATION_ITEM('')
SURFACE()
);
#20=(
BOUNDED_SURFACE()
B_SPLINE_SURFACE(2,2,((#2722,#2723,#2724),(#2725,#2726,#2727),(#2728,#2729,
#2730)),.UNSPECIFIED.,.F.,.F.,.F.)
B_SPLINE_SURFACE_WITH_KNOTS((3,3),(3,3),(0.,1.5707963267949),(0.,1.5707963267949),
 .UNSPECIFIED.)
GEOMETRIC_REPRESENTATION_ITEM()
RATIONAL_B_SPLINE_SURFACE(((1.,0.707106781186548,1.),(0.707106781186536,
0.499999999999992,0.707106781186536),(1.,0.707106781186548,1.)))
REPRESENTATION_ITEM('')
SURFACE()
);
#21=(
BOUNDED_SURFACE()
B_SPLINE_SURFACE(2,2,((#3397,#3398,#3399),(#3400,#3401,#3402),(#3403,#3404,
#3405)),.UNSPECIFIED.,.F.,.F.,.F.)
B_SPLINE_SURFACE_WITH_KNOTS((3,3),(3,3),(0.,1.5707963267949),(1.57079632679489,
3.14159265358979),.UNSPECIFIED.)
GEOMETRIC_REPRESENTATION_ITEM()
RATIONAL_B_SPLINE_SURFACE(((1.,0.707106781186544,1.),(0.707106781186536,
0.499999999999989,0.707106781186536),(1.,0.707106781186544,1.)))
REPRESENTATION_ITEM('')
SURFACE()
);
#22=(
BOUNDED_SURFACE()
B_SPLINE_SURFACE(2,2,((#3413,#3414,#3415),(#3416,#3417,#3418),(#3419,#3420,
#3421)),.UNSPECIFIED.,.F.,.F.,.F.)
B_SPLINE_SURFACE_WITH_KNOTS((3,3),(3,3),(0.,1.5707963267949),(-3.14159265358979,
-1.5707963267949),.UNSPECIFIED.)
GEOMETRIC_REPRESENTATION_ITEM()
RATIONAL_B_SPLINE_SURFACE(((1.,0.707106781186548,1.),(0.707106781186542,
0.499999999999996,0.707106781186542),(1.,0.707106781186548,1.)))
REPRESENTATION_ITEM('')
SURFACE()
);
#23=(
BOUNDED_SURFACE()
B_SPLINE_SURFACE(2,2,((#3429,#3430,#3431),(#3432,#3433,#3434),(#3435,#3436,
#3437)),.UNSPECIFIED.,.F.,.F.,.F.)
B_SPLINE_SURFACE_WITH_KNOTS((3,3),(3,3),(0.,1.5707963267949),(-1.5707963267949,
1.23958670953717E-15),.UNSPECIFIED.)
GEOMETRIC_REPRESENTATION_ITEM()
RATIONAL_B_SPLINE_SURFACE(((1.,0.707106781186547,1.),(0.707106781186547,
0.499999999999999,0.707106781186547),(1.,0.707106781186547,1.)))
REPRESENTATION_ITEM('')
SURFACE()
);
#24=(
BOUNDED_SURFACE()
B_SPLINE_SURFACE(2,2,((#3445,#3446,#3447),(#3448,#3449,#3450),(#3451,#3452,
#3453)),.UNSPECIFIED.,.F.,.F.,.F.)
B_SPLINE_SURFACE_WITH_KNOTS((3,3),(3,3),(0.,1.5707963267949),(0.,1.5707963267949),
 .UNSPECIFIED.)
GEOMETRIC_REPRESENTATION_ITEM()
RATIONAL_B_SPLINE_SURFACE(((1.,0.707106781186548,1.),(0.707106781186536,
0.499999999999992,0.707106781186536),(1.,0.707106781186548,1.)))
REPRESENTATION_ITEM('')
SURFACE()
);
#25=CYLINDRICAL_SURFACE('',#1811,0.5);
#26=CYLINDRICAL_SURFACE('',#1816,0.5);
#27=CYLINDRICAL_SURFACE('',#1820,0.5);
#28=CYLINDRICAL_SURFACE('',#1824,0.5);
#29=CYLINDRICAL_SURFACE('',#1827,0.599999999999999);
#30=CYLINDRICAL_SURFACE('',#1830,0.599999999999999);
#31=CYLINDRICAL_SURFACE('',#1837,0.600000000000001);
#32=CYLINDRICAL_SURFACE('',#1839,0.6);
#33=CYLINDRICAL_SURFACE('',#1857,0.5);
#34=CYLINDRICAL_SURFACE('',#1862,0.5);
#35=CYLINDRICAL_SURFACE('',#1866,0.5);
#36=CYLINDRICAL_SURFACE('',#1870,0.5);
#37=CYLINDRICAL_SURFACE('',#1873,0.599999999999999);
#38=CYLINDRICAL_SURFACE('',#1876,0.599999999999999);
#39=CYLINDRICAL_SURFACE('',#1883,0.600000000000001);
#40=CYLINDRICAL_SURFACE('',#1885,0.6);
#41=CIRCLE('',#1807,0.0999999999999994);
#42=CIRCLE('',#1808,0.0999999999999994);
#43=CIRCLE('',#1809,0.1);
#44=CIRCLE('',#1810,0.100000000000001);
#45=CIRCLE('',#1812,0.5);
#46=CIRCLE('',#1813,0.5);
#47=CIRCLE('',#1814,0.499999999999999);
#48=CIRCLE('',#1815,0.599999999999999);
#49=CIRCLE('',#1817,0.5);
#50=CIRCLE('',#1818,0.5);
#51=CIRCLE('',#1819,0.599999999999999);
#52=CIRCLE('',#1821,0.5);
#53=CIRCLE('',#1822,0.500000000000003);
#54=CIRCLE('',#1823,0.6);
#55=CIRCLE('',#1825,0.5);
#56=CIRCLE('',#1826,0.600000000000001);
#57=CIRCLE('',#1828,0.599999999999999);
#58=CIRCLE('',#1831,0.599999999999999);
#59=CIRCLE('',#1835,0.600000000000001);
#60=CIRCLE('',#1836,0.6);
#61=CIRCLE('',#1852,0.0999999999999994);
#62=CIRCLE('',#1853,0.0999999999999994);
#63=CIRCLE('',#1854,0.1);
#64=CIRCLE('',#1855,0.100000000000001);
#65=CIRCLE('',#1858,0.5);
#66=CIRCLE('',#1859,0.5);
#67=CIRCLE('',#1860,0.499999999999999);
#68=CIRCLE('',#1861,0.599999999999999);
#69=CIRCLE('',#1863,0.5);
#70=CIRCLE('',#1864,0.5);
#71=CIRCLE('',#1865,0.599999999999999);
#72=CIRCLE('',#1867,0.5);
#73=CIRCLE('',#1868,0.500000000000003);
#74=CIRCLE('',#1869,0.6);
#75=CIRCLE('',#1871,0.5);
#76=CIRCLE('',#1872,0.600000000000001);
#77=CIRCLE('',#1874,0.599999999999999);
#78=CIRCLE('',#1877,0.599999999999999);
#79=CIRCLE('',#1881,0.600000000000001);
#80=CIRCLE('',#1882,0.6);
#81=FACE_BOUND('',#335,.T.);
#82=FACE_BOUND('',#337,.T.);
#83=FACE_BOUND('',#390,.T.);
#84=FACE_BOUND('',#391,.T.);
#85=FACE_BOUND('',#393,.T.);
#86=B_SPLINE_CURVE_WITH_KNOTS('',3,(#2236,#2237,#2238,#2239,#2240),
 .UNSPECIFIED.,.F.,.F.,(4,1,4),(0.,0.0111776715125276,0.0257061182330385),
 .UNSPECIFIED.);
#87=B_SPLINE_CURVE_WITH_KNOTS('',3,(#2243,#2244,#2245,#2246,#2247),
 .UNSPECIFIED.,.F.,.F.,(4,1,4),(0.,0.0111776715125276,0.0257061182330385),
 .UNSPECIFIED.);
#88=B_SPLINE_CURVE_WITH_KNOTS('',3,(#2259,#2260,#2261,#2262,#2263),
 .UNSPECIFIED.,.F.,.F.,(4,1,4),(0.,0.00988774598362394,0.019628551785082),
 .UNSPECIFIED.);
#89=B_SPLINE_CURVE_WITH_KNOTS('',3,(#2266,#2267,#2268,#2269,#2270),
 .UNSPECIFIED.,.F.,.F.,(4,1,4),(0.,0.00988774598362394,0.019628551785082),
 .UNSPECIFIED.);
#90=B_SPLINE_CURVE_WITH_KNOTS('',3,(#2282,#2283,#2284,#2285,#2286),
 .UNSPECIFIED.,.F.,.F.,(4,1,4),(0.,0.00715343400921788,0.0142329401276511),
 .UNSPECIFIED.);
#91=B_SPLINE_CURVE_WITH_KNOTS('',3,(#2289,#2290,#2291,#2292,#2293),
 .UNSPECIFIED.,.F.,.F.,(4,1,4),(0.,0.00715343400921788,0.0142329401276511),
 .UNSPECIFIED.);
#92=B_SPLINE_CURVE_WITH_KNOTS('',3,(#2305,#2306,#2307,#2308,#2309),
 .UNSPECIFIED.,.F.,.F.,(4,1,4),(0.,0.00769234038931479,0.014933186016461),
 .UNSPECIFIED.);
#93=B_SPLINE_CURVE_WITH_KNOTS('',3,(#2312,#2313,#2314,#2315,#2316),
 .UNSPECIFIED.,.F.,.F.,(4,1,4),(0.,0.00769234038931479,0.014933186016461),
 .UNSPECIFIED.);
#94=B_SPLINE_CURVE_WITH_KNOTS('',3,(#2328,#2329,#2330,#2331,#2332),
 .UNSPECIFIED.,.F.,.F.,(4,1,4),(0.,0.0121444910001172,0.0215335298379912),
 .UNSPECIFIED.);
#95=B_SPLINE_CURVE_WITH_KNOTS('',3,(#2335,#2336,#2337,#2338,#2339),
 .UNSPECIFIED.,.F.,.F.,(4,1,4),(0.,0.0121444910001172,0.0215335298379912),
 .UNSPECIFIED.);
#96=B_SPLINE_CURVE_WITH_KNOTS('',3,(#2375,#2376,#2377,#2378,#2379),
 .UNSPECIFIED.,.F.,.F.,(4,1,4),(0.,0.00448318555634088,0.0110852042112259),
 .UNSPECIFIED.);
#97=B_SPLINE_CURVE_WITH_KNOTS('',3,(#2382,#2383,#2384,#2385,#2386),
 .UNSPECIFIED.,.F.,.F.,(4,1,4),(0.,0.00448318555634088,0.0110852042112259),
 .UNSPECIFIED.);
#98=B_SPLINE_CURVE_WITH_KNOTS('',3,(#2398,#2399,#2400,#2401,#2402),
 .UNSPECIFIED.,.F.,.F.,(4,1,4),(0.,0.00507106443172835,0.00988421203788467),
 .UNSPECIFIED.);
#99=B_SPLINE_CURVE_WITH_KNOTS('',3,(#2405,#2406,#2407,#2408,#2409),
 .UNSPECIFIED.,.F.,.F.,(4,1,4),(0.,0.00507106443172835,0.00988421203788467),
 .UNSPECIFIED.);
#100=B_SPLINE_CURVE_WITH_KNOTS('',3,(#2421,#2422,#2423,#2424,#2425),
 .UNSPECIFIED.,.F.,.F.,(4,1,4),(0.,0.0081021859275126,0.0142988864112082),
 .UNSPECIFIED.);
#101=B_SPLINE_CURVE_WITH_KNOTS('',3,(#2428,#2429,#2430,#2431,#2432),
 .UNSPECIFIED.,.F.,.F.,(4,1,4),(0.,0.0081021859275126,0.0142988864112082),
 .UNSPECIFIED.);
#102=B_SPLINE_CURVE_WITH_KNOTS('',3,(#2444,#2445,#2446,#2447,#2448),
 .UNSPECIFIED.,.F.,.F.,(4,1,4),(0.,0.0143168291761277,0.0251532514177673),
 .UNSPECIFIED.);
#103=B_SPLINE_CURVE_WITH_KNOTS('',3,(#2451,#2452,#2453,#2454,#2455),
 .UNSPECIFIED.,.F.,.F.,(4,1,4),(0.,0.0143168291761277,0.0251532514177673),
 .UNSPECIFIED.);
#104=B_SPLINE_CURVE_WITH_KNOTS('',3,(#2485,#2486,#2487,#2488,#2489),
 .UNSPECIFIED.,.F.,.F.,(4,1,4),(0.,0.0123410852362348,0.0259251326441617),
 .UNSPECIFIED.);
#105=B_SPLINE_CURVE_WITH_KNOTS('',3,(#2492,#2493,#2494,#2495,#2496),
 .UNSPECIFIED.,.F.,.F.,(4,1,4),(0.,0.0123410852362348,0.0259251326441617),
 .UNSPECIFIED.);
#106=B_SPLINE_CURVE_WITH_KNOTS('',3,(#2508,#2509,#2510,#2511,#2512),
 .UNSPECIFIED.,.F.,.F.,(4,1,4),(0.,0.00788629863479192,0.0141433824019524),
 .UNSPECIFIED.);
#107=B_SPLINE_CURVE_WITH_KNOTS('',3,(#2515,#2516,#2517,#2518,#2519),
 .UNSPECIFIED.,.F.,.F.,(4,1,4),(0.,0.00788629863479192,0.0141433824019524),
 .UNSPECIFIED.);
#108=B_SPLINE_CURVE_WITH_KNOTS('',3,(#2531,#2532,#2533,#2534,#2535),
 .UNSPECIFIED.,.F.,.F.,(4,1,4),(0.,0.0159067635577717,0.0353270825143675),
 .UNSPECIFIED.);
#109=B_SPLINE_CURVE_WITH_KNOTS('',3,(#2538,#2539,#2540,#2541,#2542),
 .UNSPECIFIED.,.F.,.F.,(4,1,4),(0.,0.0159067635577717,0.0353270825143675),
 .UNSPECIFIED.);
#110=B_SPLINE_CURVE_WITH_KNOTS('',3,(#2554,#2555,#2556,#2557,#2558),
 .UNSPECIFIED.,.F.,.F.,(4,1,4),(0.,0.0149335730543106,0.0293887217301805),
 .UNSPECIFIED.);
#111=B_SPLINE_CURVE_WITH_KNOTS('',3,(#2561,#2562,#2563,#2564,#2565),
 .UNSPECIFIED.,.F.,.F.,(4,1,4),(0.,0.0149335730543106,0.0293887217301805),
 .UNSPECIFIED.);
#112=B_SPLINE_CURVE_WITH_KNOTS('',3,(#2577,#2578,#2579,#2580,#2581),
 .UNSPECIFIED.,.F.,.F.,(4,1,4),(0.,0.011742499206681,0.0236882951424467),
 .UNSPECIFIED.);
#113=B_SPLINE_CURVE_WITH_KNOTS('',3,(#2584,#2585,#2586,#2587,#2588),
 .UNSPECIFIED.,.F.,.F.,(4,1,4),(0.,0.011742499206681,0.0236882951424467),
 .UNSPECIFIED.);
#114=B_SPLINE_CURVE_WITH_KNOTS('',3,(#2600,#2601,#2602,#2603,#2604),
 .UNSPECIFIED.,.F.,.F.,(4,1,4),(0.,0.0109060657918411,0.0222349492931876),
 .UNSPECIFIED.);
#115=B_SPLINE_CURVE_WITH_KNOTS('',3,(#2607,#2608,#2609,#2610,#2611),
 .UNSPECIFIED.,.F.,.F.,(4,1,4),(0.,0.0109060657918411,0.0222349492931876),
 .UNSPECIFIED.);
#116=B_SPLINE_CURVE_WITH_KNOTS('',3,(#2623,#2624,#2625,#2626,#2627),
 .UNSPECIFIED.,.F.,.F.,(4,1,4),(0.,0.0176797006577964,0.0308825609590147),
 .UNSPECIFIED.);
#117=B_SPLINE_CURVE_WITH_KNOTS('',3,(#2630,#2631,#2632,#2633,#2634),
 .UNSPECIFIED.,.F.,.F.,(4,1,4),(0.,0.0176797006577964,0.0308825609590147),
 .UNSPECIFIED.);
#118=B_SPLINE_CURVE_WITH_KNOTS('',3,(#2786,#2787,#2788,#2789,#2790),
 .UNSPECIFIED.,.F.,.F.,(4,1,4),(0.,0.00945654629818194,0.0221091407764018),
 .UNSPECIFIED.);
#119=B_SPLINE_CURVE_WITH_KNOTS('',3,(#2793,#2794,#2795,#2796,#2797),
 .UNSPECIFIED.,.F.,.F.,(4,1,4),(0.,0.00945654629818194,0.0221091407764018),
 .UNSPECIFIED.);
#120=B_SPLINE_CURVE_WITH_KNOTS('',3,(#2809,#2810,#2811,#2812,#2813),
 .UNSPECIFIED.,.F.,.F.,(4,1,4),(0.,0.00738056363408857,0.0150108143756333),
 .UNSPECIFIED.);
#121=B_SPLINE_CURVE_WITH_KNOTS('',3,(#2816,#2817,#2818,#2819,#2820),
 .UNSPECIFIED.,.F.,.F.,(4,1,4),(0.,0.00738056363408857,0.0150108143756333),
 .UNSPECIFIED.);
#122=B_SPLINE_CURVE_WITH_KNOTS('',3,(#2832,#2833,#2834,#2835,#2836),
 .UNSPECIFIED.,.F.,.F.,(4,1,4),(0.,0.00790081580259439,0.0153374555197985),
 .UNSPECIFIED.);
#123=B_SPLINE_CURVE_WITH_KNOTS('',3,(#2839,#2840,#2841,#2842,#2843),
 .UNSPECIFIED.,.F.,.F.,(4,1,4),(0.,0.00790081580259439,0.0153374555197985),
 .UNSPECIFIED.);
#124=B_SPLINE_CURVE_WITH_KNOTS('',3,(#2855,#2856,#2857,#2858,#2859),
 .UNSPECIFIED.,.F.,.F.,(4,1,4),(0.,0.00633807637817565,0.0131317545865202),
 .UNSPECIFIED.);
#125=B_SPLINE_CURVE_WITH_KNOTS('',3,(#2862,#2863,#2864,#2865,#2866),
 .UNSPECIFIED.,.F.,.F.,(4,1,4),(0.,0.00633807637817565,0.0131317545865202),
 .UNSPECIFIED.);
#126=B_SPLINE_CURVE_WITH_KNOTS('',3,(#2878,#2879,#2880,#2881,#2882),
 .UNSPECIFIED.,.F.,.F.,(4,1,4),(0.,0.00546625242867396,0.0113213330073694),
 .UNSPECIFIED.);
#127=B_SPLINE_CURVE_WITH_KNOTS('',3,(#2885,#2886,#2887,#2888,#2889),
 .UNSPECIFIED.,.F.,.F.,(4,1,4),(0.,0.00546625242867396,0.0113213330073694),
 .UNSPECIFIED.);
#128=B_SPLINE_CURVE_WITH_KNOTS('',3,(#2901,#2902,#2903,#2904,#2905),
 .UNSPECIFIED.,.F.,.F.,(4,1,4),(0.,0.00650211364452088,0.0122230771509313),
 .UNSPECIFIED.);
#129=B_SPLINE_CURVE_WITH_KNOTS('',3,(#2908,#2909,#2910,#2911,#2912),
 .UNSPECIFIED.,.F.,.F.,(4,1,4),(0.,0.00650211364452088,0.0122230771509313),
 .UNSPECIFIED.);
#130=B_SPLINE_CURVE_WITH_KNOTS('',3,(#2924,#2925,#2926,#2927,#2928),
 .UNSPECIFIED.,.F.,.F.,(4,1,4),(0.,0.00818749375199163,0.0135351517222622),
 .UNSPECIFIED.);
#131=B_SPLINE_CURVE_WITH_KNOTS('',3,(#2931,#2932,#2933,#2934,#2935),
 .UNSPECIFIED.,.F.,.F.,(4,1,4),(0.,0.00818749375199163,0.0135351517222622),
 .UNSPECIFIED.);
#132=B_SPLINE_CURVE_WITH_KNOTS('',3,(#2965,#2966,#2967,#2968,#2969),
 .UNSPECIFIED.,.F.,.F.,(4,1,4),(0.,0.00917233376170265,0.0229703321915138),
 .UNSPECIFIED.);
#133=B_SPLINE_CURVE_WITH_KNOTS('',3,(#2972,#2973,#2974,#2975,#2976),
 .UNSPECIFIED.,.F.,.F.,(4,1,4),(0.,0.00917233376170265,0.0229703321915138),
 .UNSPECIFIED.);
#134=B_SPLINE_CURVE_WITH_KNOTS('',3,(#2988,#2989,#2990,#2991,#2992),
 .UNSPECIFIED.,.F.,.F.,(4,1,4),(0.,0.00648355314339236,0.0130728312725537),
 .UNSPECIFIED.);
#135=B_SPLINE_CURVE_WITH_KNOTS('',3,(#2995,#2996,#2997,#2998,#2999),
 .UNSPECIFIED.,.F.,.F.,(4,1,4),(0.,0.00648355314339236,0.0130728312725537),
 .UNSPECIFIED.);
#136=B_SPLINE_CURVE_WITH_KNOTS('',3,(#3011,#3012,#3013,#3014,#3015),
 .UNSPECIFIED.,.F.,.F.,(4,1,4),(0.,0.00706582243520054,0.0137199714452185),
 .UNSPECIFIED.);
#137=B_SPLINE_CURVE_WITH_KNOTS('',3,(#3018,#3019,#3020,#3021,#3022),
 .UNSPECIFIED.,.F.,.F.,(4,1,4),(0.,0.00706582243520054,0.0137199714452185),
 .UNSPECIFIED.);
#138=B_SPLINE_CURVE_WITH_KNOTS('',3,(#3034,#3035,#3036,#3037,#3038),
 .UNSPECIFIED.,.F.,.F.,(4,1,4),(0.,0.00656639411987464,0.013845094180207),
 .UNSPECIFIED.);
#139=B_SPLINE_CURVE_WITH_KNOTS('',3,(#3041,#3042,#3043,#3044,#3045),
 .UNSPECIFIED.,.F.,.F.,(4,1,4),(0.,0.00656639411987464,0.013845094180207),
 .UNSPECIFIED.);
#140=B_SPLINE_CURVE_WITH_KNOTS('',3,(#3057,#3058,#3059,#3060,#3061),
 .UNSPECIFIED.,.F.,.F.,(4,1,4),(0.,0.00726980282407711,0.0137838658330176),
 .UNSPECIFIED.);
#141=B_SPLINE_CURVE_WITH_KNOTS('',3,(#3064,#3065,#3066,#3067,#3068),
 .UNSPECIFIED.,.F.,.F.,(4,1,4),(0.,0.00726980282407711,0.0137838658330176),
 .UNSPECIFIED.);
#142=B_SPLINE_CURVE_WITH_KNOTS('',3,(#3080,#3081,#3082,#3083,#3084),
 .UNSPECIFIED.,.F.,.F.,(4,1,4),(0.,0.011340197080218,0.0190485871134008),
 .UNSPECIFIED.);
#143=B_SPLINE_CURVE_WITH_KNOTS('',3,(#3087,#3088,#3089,#3090,#3091),
 .UNSPECIFIED.,.F.,.F.,(4,1,4),(0.,0.011340197080218,0.0190485871134008),
 .UNSPECIFIED.);
#144=B_SPLINE_CURVE_WITH_KNOTS('',3,(#3113,#3114,#3115,#3116,#3117),
 .UNSPECIFIED.,.F.,.F.,(4,1,4),(0.,0.0111019973943839,0.0243154626120363),
 .UNSPECIFIED.);
#145=B_SPLINE_CURVE_WITH_KNOTS('',3,(#3121,#3122,#3123,#3124,#3125),
 .UNSPECIFIED.,.F.,.F.,(4,1,4),(0.,0.0111019973943839,0.0243154626120363),
 .UNSPECIFIED.);
#146=B_SPLINE_CURVE_WITH_KNOTS('',3,(#3138,#3139,#3140,#3141,#3142),
 .UNSPECIFIED.,.F.,.F.,(4,1,4),(0.,0.00856376067280934,0.0181742110521847),
 .UNSPECIFIED.);
#147=B_SPLINE_CURVE_WITH_KNOTS('',3,(#3145,#3146,#3147,#3148,#3149),
 .UNSPECIFIED.,.F.,.F.,(4,1,4),(0.,0.00856376067280934,0.0181742110521847),
 .UNSPECIFIED.);
#148=B_SPLINE_CURVE_WITH_KNOTS('',3,(#3161,#3162,#3163,#3164,#3165),
 .UNSPECIFIED.,.F.,.F.,(4,1,4),(0.,0.00938444199409139,0.0178315612293546),
 .UNSPECIFIED.);
#149=B_SPLINE_CURVE_WITH_KNOTS('',3,(#3168,#3169,#3170,#3171,#3172),
 .UNSPECIFIED.,.F.,.F.,(4,1,4),(0.,0.00938444199409139,0.0178315612293546),
 .UNSPECIFIED.);
#150=B_SPLINE_CURVE_WITH_KNOTS('',3,(#3184,#3185,#3186,#3187,#3188),
 .UNSPECIFIED.,.F.,.F.,(4,1,4),(0.,0.0102427820827266,0.0202915787319417),
 .UNSPECIFIED.);
#151=B_SPLINE_CURVE_WITH_KNOTS('',3,(#3191,#3192,#3193,#3194,#3195),
 .UNSPECIFIED.,.F.,.F.,(4,1,4),(0.,0.0102427820827266,0.0202915787319417),
 .UNSPECIFIED.);
#152=B_SPLINE_CURVE_WITH_KNOTS('',3,(#3207,#3208,#3209,#3210,#3211),
 .UNSPECIFIED.,.F.,.F.,(4,1,4),(0.,0.0118541458030925,0.0242192256865149),
 .UNSPECIFIED.);
#153=B_SPLINE_CURVE_WITH_KNOTS('',3,(#3214,#3215,#3216,#3217,#3218),
 .UNSPECIFIED.,.F.,.F.,(4,1,4),(0.,0.0118541458030925,0.0242192256865149),
 .UNSPECIFIED.);
#154=B_SPLINE_CURVE_WITH_KNOTS('',3,(#3230,#3231,#3232,#3233,#3234),
 .UNSPECIFIED.,.F.,.F.,(4,1,4),(0.,0.0131784723497061,0.0252514058345201),
 .UNSPECIFIED.);
#155=B_SPLINE_CURVE_WITH_KNOTS('',3,(#3237,#3238,#3239,#3240,#3241),
 .UNSPECIFIED.,.F.,.F.,(4,1,4),(0.,0.0131784723497061,0.0252514058345201),
 .UNSPECIFIED.);
#156=B_SPLINE_CURVE_WITH_KNOTS('',3,(#3253,#3254,#3255,#3256,#3257),
 .UNSPECIFIED.,.F.,.F.,(4,1,4),(0.,0.0100882008882175,0.0210992756683335),
 .UNSPECIFIED.);
#157=B_SPLINE_CURVE_WITH_KNOTS('',3,(#3260,#3261,#3262,#3263,#3264),
 .UNSPECIFIED.,.F.,.F.,(4,1,4),(0.,0.0100882008882175,0.0210992756683335),
 .UNSPECIFIED.);
#158=B_SPLINE_CURVE_WITH_KNOTS('',3,(#3276,#3277,#3278,#3279,#3280),
 .UNSPECIFIED.,.F.,.F.,(4,1,4),(0.,0.00942733560448975,0.0190345131533795),
 .UNSPECIFIED.);
#159=B_SPLINE_CURVE_WITH_KNOTS('',3,(#3283,#3284,#3285,#3286,#3287),
 .UNSPECIFIED.,.F.,.F.,(4,1,4),(0.,0.00942733560448975,0.0190345131533795),
 .UNSPECIFIED.);
#160=B_SPLINE_CURVE_WITH_KNOTS('',3,(#3299,#3300,#3301,#3302,#3303),
 .UNSPECIFIED.,.F.,.F.,(4,1,4),(0.,0.0106211705819609,0.0208335358878064),
 .UNSPECIFIED.);
#161=B_SPLINE_CURVE_WITH_KNOTS('',3,(#3306,#3307,#3308,#3309,#3310),
 .UNSPECIFIED.,.F.,.F.,(4,1,4),(0.,0.0106211705819609,0.0208335358878064),
 .UNSPECIFIED.);
#162=B_SPLINE_CURVE_WITH_KNOTS('',3,(#3322,#3323,#3324,#3325,#3326),
 .UNSPECIFIED.,.F.,.F.,(4,1,4),(0.,0.0109245315249576,0.0217426375297612),
 .UNSPECIFIED.);
#163=B_SPLINE_CURVE_WITH_KNOTS('',3,(#3329,#3330,#3331,#3332,#3333),
 .UNSPECIFIED.,.F.,.F.,(4,1,4),(0.,0.0109245315249576,0.0217426375297612),
 .UNSPECIFIED.);
#164=B_SPLINE_CURVE_WITH_KNOTS('',3,(#3345,#3346,#3347,#3348,#3349),
 .UNSPECIFIED.,.F.,.F.,(4,1,4),(0.,0.0155185299930355,0.0280517549060714),
 .UNSPECIFIED.);
#165=B_SPLINE_CURVE_WITH_KNOTS('',3,(#3352,#3353,#3354,#3355,#3356),
 .UNSPECIFIED.,.F.,.F.,(4,1,4),(0.,0.0155185299930355,0.0280517549060714),
 .UNSPECIFIED.);
#166=B_SPLINE_SURFACE_WITH_KNOTS('',3,1,((#2225,#2226),(#2227,#2228),(#2229,
#2230),(#2231,#2232),(#2233,#2234)),.UNSPECIFIED.,.F.,.F.,.F.,(4,1,4),(2,
2),(0.,0.0111776715125276,0.0257061182330385),(0.,0.2),.UNSPECIFIED.);
#167=B_SPLINE_SURFACE_WITH_KNOTS('',3,1,((#2248,#2249),(#2250,#2251),(#2252,
#2253),(#2254,#2255),(#2256,#2257)),.UNSPECIFIED.,.F.,.F.,.F.,(4,1,4),(2,
2),(0.,0.00988774598362394,0.019628551785082),(0.,0.2),.UNSPECIFIED.);
#168=B_SPLINE_SURFACE_WITH_KNOTS('',3,1,((#2271,#2272),(#2273,#2274),(#2275,
#2276),(#2277,#2278),(#2279,#2280)),.UNSPECIFIED.,.F.,.F.,.F.,(4,1,4),(2,
2),(0.,0.00715343400921788,0.0142329401276511),(0.,0.2),.UNSPECIFIED.);
#169=B_SPLINE_SURFACE_WITH_KNOTS('',3,1,((#2294,#2295),(#2296,#2297),(#2298,
#2299),(#2300,#2301),(#2302,#2303)),.UNSPECIFIED.,.F.,.F.,.F.,(4,1,4),(2,
2),(0.,0.00769234038931479,0.014933186016461),(0.,0.2),.UNSPECIFIED.);
#170=B_SPLINE_SURFACE_WITH_KNOTS('',3,1,((#2317,#2318),(#2319,#2320),(#2321,
#2322),(#2323,#2324),(#2325,#2326)),.UNSPECIFIED.,.F.,.F.,.F.,(4,1,4),(2,
2),(0.,0.0121444910001172,0.0215335298379912),(0.,0.2),.UNSPECIFIED.);
#171=B_SPLINE_SURFACE_WITH_KNOTS('',3,1,((#2364,#2365),(#2366,#2367),(#2368,
#2369),(#2370,#2371),(#2372,#2373)),.UNSPECIFIED.,.F.,.F.,.F.,(4,1,4),(2,
2),(0.,0.00448318555634088,0.0110852042112259),(0.,0.2),.UNSPECIFIED.);
#172=B_SPLINE_SURFACE_WITH_KNOTS('',3,1,((#2387,#2388),(#2389,#2390),(#2391,
#2392),(#2393,#2394),(#2395,#2396)),.UNSPECIFIED.,.F.,.F.,.F.,(4,1,4),(2,
2),(0.,0.00507106443172835,0.00988421203788467),(0.,0.2),.UNSPECIFIED.);
#173=B_SPLINE_SURFACE_WITH_KNOTS('',3,1,((#2410,#2411),(#2412,#2413),(#2414,
#2415),(#2416,#2417),(#2418,#2419)),.UNSPECIFIED.,.F.,.F.,.F.,(4,1,4),(2,
2),(0.,0.0081021859275126,0.0142988864112082),(0.,0.2),.UNSPECIFIED.);
#174=B_SPLINE_SURFACE_WITH_KNOTS('',3,1,((#2433,#2434),(#2435,#2436),(#2437,
#2438),(#2439,#2440),(#2441,#2442)),.UNSPECIFIED.,.F.,.F.,.F.,(4,1,4),(2,
2),(0.,0.0143168291761277,0.0251532514177673),(0.,0.2),.UNSPECIFIED.);
#175=B_SPLINE_SURFACE_WITH_KNOTS('',3,1,((#2474,#2475),(#2476,#2477),(#2478,
#2479),(#2480,#2481),(#2482,#2483)),.UNSPECIFIED.,.F.,.F.,.F.,(4,1,4),(2,
2),(0.,0.0123410852362348,0.0259251326441617),(0.,0.2),.UNSPECIFIED.);
#176=B_SPLINE_SURFACE_WITH_KNOTS('',3,1,((#2497,#2498),(#2499,#2500),(#2501,
#2502),(#2503,#2504),(#2505,#2506)),.UNSPECIFIED.,.F.,.F.,.F.,(4,1,4),(2,
2),(0.,0.00788629863479192,0.0141433824019524),(0.,0.2),.UNSPECIFIED.);
#177=B_SPLINE_SURFACE_WITH_KNOTS('',3,1,((#2520,#2521),(#2522,#2523),(#2524,
#2525),(#2526,#2527),(#2528,#2529)),.UNSPECIFIED.,.F.,.F.,.F.,(4,1,4),(2,
2),(0.,0.0159067635577717,0.0353270825143675),(0.,0.2),.UNSPECIFIED.);
#178=B_SPLINE_SURFACE_WITH_KNOTS('',3,1,((#2543,#2544),(#2545,#2546),(#2547,
#2548),(#2549,#2550),(#2551,#2552)),.UNSPECIFIED.,.F.,.F.,.F.,(4,1,4),(2,
2),(0.,0.0149335730543106,0.0293887217301805),(0.,0.2),.UNSPECIFIED.);
#179=B_SPLINE_SURFACE_WITH_KNOTS('',3,1,((#2566,#2567),(#2568,#2569),(#2570,
#2571),(#2572,#2573),(#2574,#2575)),.UNSPECIFIED.,.F.,.F.,.F.,(4,1,4),(2,
2),(0.,0.011742499206681,0.0236882951424467),(0.,0.2),.UNSPECIFIED.);
#180=B_SPLINE_SURFACE_WITH_KNOTS('',3,1,((#2589,#2590),(#2591,#2592),(#2593,
#2594),(#2595,#2596),(#2597,#2598)),.UNSPECIFIED.,.F.,.F.,.F.,(4,1,4),(2,
2),(0.,0.0109060657918411,0.0222349492931876),(0.,0.2),.UNSPECIFIED.);
#181=B_SPLINE_SURFACE_WITH_KNOTS('',3,1,((#2612,#2613),(#2614,#2615),(#2616,
#2617),(#2618,#2619),(#2620,#2621)),.UNSPECIFIED.,.F.,.F.,.F.,(4,1,4),(2,
2),(0.,0.0176797006577964,0.0308825609590147),(0.,0.2),.UNSPECIFIED.);
#182=B_SPLINE_SURFACE_WITH_KNOTS('',3,1,((#2775,#2776),(#2777,#2778),(#2779,
#2780),(#2781,#2782),(#2783,#2784)),.UNSPECIFIED.,.F.,.F.,.F.,(4,1,4),(2,
2),(0.,0.00945654629818194,0.0221091407764018),(0.,0.2),.UNSPECIFIED.);
#183=B_SPLINE_SURFACE_WITH_KNOTS('',3,1,((#2798,#2799),(#2800,#2801),(#2802,
#2803),(#2804,#2805),(#2806,#2807)),.UNSPECIFIED.,.F.,.F.,.F.,(4,1,4),(2,
2),(0.,0.00738056363408857,0.0150108143756333),(0.,0.2),.UNSPECIFIED.);
#184=B_SPLINE_SURFACE_WITH_KNOTS('',3,1,((#2821,#2822),(#2823,#2824),(#2825,
#2826),(#2827,#2828),(#2829,#2830)),.UNSPECIFIED.,.F.,.F.,.F.,(4,1,4),(2,
2),(0.,0.00790081580259439,0.0153374555197985),(0.,0.2),.UNSPECIFIED.);
#185=B_SPLINE_SURFACE_WITH_KNOTS('',3,1,((#2844,#2845),(#2846,#2847),(#2848,
#2849),(#2850,#2851),(#2852,#2853)),.UNSPECIFIED.,.F.,.F.,.F.,(4,1,4),(2,
2),(0.,0.00633807637817565,0.0131317545865202),(0.,0.2),.UNSPECIFIED.);
#186=B_SPLINE_SURFACE_WITH_KNOTS('',3,1,((#2867,#2868),(#2869,#2870),(#2871,
#2872),(#2873,#2874),(#2875,#2876)),.UNSPECIFIED.,.F.,.F.,.F.,(4,1,4),(2,
2),(0.,0.00546625242867396,0.0113213330073694),(0.,0.2),.UNSPECIFIED.);
#187=B_SPLINE_SURFACE_WITH_KNOTS('',3,1,((#2890,#2891),(#2892,#2893),(#2894,
#2895),(#2896,#2897),(#2898,#2899)),.UNSPECIFIED.,.F.,.F.,.F.,(4,1,4),(2,
2),(0.,0.00650211364452088,0.0122230771509313),(0.,0.2),.UNSPECIFIED.);
#188=B_SPLINE_SURFACE_WITH_KNOTS('',3,1,((#2913,#2914),(#2915,#2916),(#2917,
#2918),(#2919,#2920),(#2921,#2922)),.UNSPECIFIED.,.F.,.F.,.F.,(4,1,4),(2,
2),(0.,0.00818749375199163,0.0135351517222622),(0.,0.2),.UNSPECIFIED.);
#189=B_SPLINE_SURFACE_WITH_KNOTS('',3,1,((#2954,#2955),(#2956,#2957),(#2958,
#2959),(#2960,#2961),(#2962,#2963)),.UNSPECIFIED.,.F.,.F.,.F.,(4,1,4),(2,
2),(0.,0.00917233376170265,0.0229703321915138),(0.,0.2),.UNSPECIFIED.);
#190=B_SPLINE_SURFACE_WITH_KNOTS('',3,1,((#2977,#2978),(#2979,#2980),(#2981,
#2982),(#2983,#2984),(#2985,#2986)),.UNSPECIFIED.,.F.,.F.,.F.,(4,1,4),(2,
2),(0.,0.00648355314339236,0.0130728312725537),(0.,0.2),.UNSPECIFIED.);
#191=B_SPLINE_SURFACE_WITH_KNOTS('',3,1,((#3000,#3001),(#3002,#3003),(#3004,
#3005),(#3006,#3007),(#3008,#3009)),.UNSPECIFIED.,.F.,.F.,.F.,(4,1,4),(2,
2),(0.,0.00706582243520054,0.0137199714452185),(0.,0.2),.UNSPECIFIED.);
#192=B_SPLINE_SURFACE_WITH_KNOTS('',3,1,((#3023,#3024),(#3025,#3026),(#3027,
#3028),(#3029,#3030),(#3031,#3032)),.UNSPECIFIED.,.F.,.F.,.F.,(4,1,4),(2,
2),(0.,0.00656639411987464,0.013845094180207),(0.,0.2),.UNSPECIFIED.);
#193=B_SPLINE_SURFACE_WITH_KNOTS('',3,1,((#3046,#3047),(#3048,#3049),(#3050,
#3051),(#3052,#3053),(#3054,#3055)),.UNSPECIFIED.,.F.,.F.,.F.,(4,1,4),(2,
2),(0.,0.00726980282407711,0.0137838658330176),(0.,0.2),.UNSPECIFIED.);
#194=B_SPLINE_SURFACE_WITH_KNOTS('',3,1,((#3069,#3070),(#3071,#3072),(#3073,
#3074),(#3075,#3076),(#3077,#3078)),.UNSPECIFIED.,.F.,.F.,.F.,(4,1,4),(2,
2),(0.,0.011340197080218,0.0190485871134008),(0.,0.2),.UNSPECIFIED.);
#195=B_SPLINE_SURFACE_WITH_KNOTS('',3,1,((#3101,#3102),(#3103,#3104),(#3105,
#3106),(#3107,#3108),(#3109,#3110)),.UNSPECIFIED.,.F.,.F.,.F.,(4,1,4),(2,
2),(0.,0.0111019973943839,0.0243154626120363),(0.,0.2),.UNSPECIFIED.);
#196=B_SPLINE_SURFACE_WITH_KNOTS('',3,1,((#3127,#3128),(#3129,#3130),(#3131,
#3132),(#3133,#3134),(#3135,#3136)),.UNSPECIFIED.,.F.,.F.,.F.,(4,1,4),(2,
2),(0.,0.00856376067280934,0.0181742110521847),(0.,0.2),.UNSPECIFIED.);
#197=B_SPLINE_SURFACE_WITH_KNOTS('',3,1,((#3150,#3151),(#3152,#3153),(#3154,
#3155),(#3156,#3157),(#3158,#3159)),.UNSPECIFIED.,.F.,.F.,.F.,(4,1,4),(2,
2),(0.,0.00938444199409139,0.0178315612293546),(0.,0.2),.UNSPECIFIED.);
#198=B_SPLINE_SURFACE_WITH_KNOTS('',3,1,((#3173,#3174),(#3175,#3176),(#3177,
#3178),(#3179,#3180),(#3181,#3182)),.UNSPECIFIED.,.F.,.F.,.F.,(4,1,4),(2,
2),(0.,0.0102427820827266,0.0202915787319417),(0.,0.2),.UNSPECIFIED.);
#199=B_SPLINE_SURFACE_WITH_KNOTS('',3,1,((#3196,#3197),(#3198,#3199),(#3200,
#3201),(#3202,#3203),(#3204,#3205)),.UNSPECIFIED.,.F.,.F.,.F.,(4,1,4),(2,
2),(0.,0.0118541458030925,0.0242192256865149),(0.,0.2),.UNSPECIFIED.);
#200=B_SPLINE_SURFACE_WITH_KNOTS('',3,1,((#3219,#3220),(#3221,#3222),(#3223,
#3224),(#3225,#3226),(#3227,#3228)),.UNSPECIFIED.,.F.,.F.,.F.,(4,1,4),(2,
2),(0.,0.0131784723497061,0.0252514058345201),(0.,0.2),.UNSPECIFIED.);
#201=B_SPLINE_SURFACE_WITH_KNOTS('',3,1,((#3242,#3243),(#3244,#3245),(#3246,
#3247),(#3248,#3249),(#3250,#3251)),.UNSPECIFIED.,.F.,.F.,.F.,(4,1,4),(2,
2),(0.,0.0100882008882175,0.0210992756683335),(0.,0.2),.UNSPECIFIED.);
#202=B_SPLINE_SURFACE_WITH_KNOTS('',3,1,((#3265,#3266),(#3267,#3268),(#3269,
#3270),(#3271,#3272),(#3273,#3274)),.UNSPECIFIED.,.F.,.F.,.F.,(4,1,4),(2,
2),(0.,0.00942733560448975,0.0190345131533795),(0.,0.2),.UNSPECIFIED.);
#203=B_SPLINE_SURFACE_WITH_KNOTS('',3,1,((#3288,#3289),(#3290,#3291),(#3292,
#3293),(#3294,#3295),(#3296,#3297)),.UNSPECIFIED.,.F.,.F.,.F.,(4,1,4),(2,
2),(0.,0.0106211705819609,0.0208335358878064),(0.,0.2),.UNSPECIFIED.);
#204=B_SPLINE_SURFACE_WITH_KNOTS('',3,1,((#3311,#3312),(#3313,#3314),(#3315,
#3316),(#3317,#3318),(#3319,#3320)),.UNSPECIFIED.,.F.,.F.,.F.,(4,1,4),(2,
2),(0.,0.0109245315249576,0.0217426375297612),(0.,0.2),.UNSPECIFIED.);
#205=B_SPLINE_SURFACE_WITH_KNOTS('',3,1,((#3334,#3335),(#3336,#3337),(#3338,
#3339),(#3340,#3341),(#3342,#3343)),.UNSPECIFIED.,.F.,.F.,.F.,(4,1,4),(2,
2),(0.,0.0155185299930355,0.0280517549060714),(0.,0.2),.UNSPECIFIED.);
#206=FACE_OUTER_BOUND('',#307,.T.);
#207=FACE_OUTER_BOUND('',#308,.T.);
#208=FACE_OUTER_BOUND('',#309,.T.);
#209=FACE_OUTER_BOUND('',#310,.T.);
#210=FACE_OUTER_BOUND('',#311,.T.);
#211=FACE_OUTER_BOUND('',#312,.T.);
#212=FACE_OUTER_BOUND('',#313,.T.);
#213=FACE_OUTER_BOUND('',#314,.T.);
#214=FACE_OUTER_BOUND('',#315,.T.);
#215=FACE_OUTER_BOUND('',#316,.T.);
#216=FACE_OUTER_BOUND('',#317,.T.);
#217=FACE_OUTER_BOUND('',#318,.T.);
#218=FACE_OUTER_BOUND('',#319,.T.);
#219=FACE_OUTER_BOUND('',#320,.T.);
#220=FACE_OUTER_BOUND('',#321,.T.);
#221=FACE_OUTER_BOUND('',#322,.T.);
#222=FACE_OUTER_BOUND('',#323,.T.);
#223=FACE_OUTER_BOUND('',#324,.T.);
#224=FACE_OUTER_BOUND('',#325,.T.);
#225=FACE_OUTER_BOUND('',#326,.T.);
#226=FACE_OUTER_BOUND('',#327,.T.);
#227=FACE_OUTER_BOUND('',#328,.T.);
#228=FACE_OUTER_BOUND('',#329,.T.);
#229=FACE_OUTER_BOUND('',#330,.T.);
#230=FACE_OUTER_BOUND('',#331,.T.);
#231=FACE_OUTER_BOUND('',#332,.T.);
#232=FACE_OUTER_BOUND('',#333,.T.);
#233=FACE_OUTER_BOUND('',#334,.T.);
#234=FACE_OUTER_BOUND('',#336,.T.);
#235=FACE_OUTER_BOUND('',#338,.T.);
#236=FACE_OUTER_BOUND('',#339,.T.);
#237=FACE_OUTER_BOUND('',#340,.T.);
#238=FACE_OUTER_BOUND('',#341,.T.);
#239=FACE_OUTER_BOUND('',#342,.T.);
#240=FACE_OUTER_BOUND('',#343,.T.);
#241=FACE_OUTER_BOUND('',#344,.T.);
#242=FACE_OUTER_BOUND('',#345,.T.);
#243=FACE_OUTER_BOUND('',#346,.T.);
#244=FACE_OUTER_BOUND('',#347,.T.);
#245=FACE_OUTER_BOUND('',#348,.T.);
#246=FACE_OUTER_BOUND('',#349,.T.);
#247=FACE_OUTER_BOUND('',#350,.T.);
#248=FACE_OUTER_BOUND('',#351,.T.);
#249=FACE_OUTER_BOUND('',#352,.T.);
#250=FACE_OUTER_BOUND('',#353,.T.);
#251=FACE_OUTER_BOUND('',#354,.T.);
#252=FACE_OUTER_BOUND('',#355,.T.);
#253=FACE_OUTER_BOUND('',#356,.T.);
#254=FACE_OUTER_BOUND('',#357,.T.);
#255=FACE_OUTER_BOUND('',#358,.T.);
#256=FACE_OUTER_BOUND('',#359,.T.);
#257=FACE_OUTER_BOUND('',#360,.T.);
#258=FACE_OUTER_BOUND('',#361,.T.);
#259=FACE_OUTER_BOUND('',#362,.T.);
#260=FACE_OUTER_BOUND('',#363,.T.);
#261=FACE_OUTER_BOUND('',#364,.T.);
#262=FACE_OUTER_BOUND('',#365,.T.);
#263=FACE_OUTER_BOUND('',#366,.T.);
#264=FACE_OUTER_BOUND('',#367,.T.);
#265=FACE_OUTER_BOUND('',#368,.T.);
#266=FACE_OUTER_BOUND('',#369,.T.);
#267=FACE_OUTER_BOUND('',#370,.T.);
#268=FACE_OUTER_BOUND('',#371,.T.);
#269=FACE_OUTER_BOUND('',#372,.T.);
#270=FACE_OUTER_BOUND('',#373,.T.);
#271=FACE_OUTER_BOUND('',#374,.T.);
#272=FACE_OUTER_BOUND('',#375,.T.);
#273=FACE_OUTER_BOUND('',#376,.T.);
#274=FACE_OUTER_BOUND('',#377,.T.);
#275=FACE_OUTER_BOUND('',#378,.T.);
#276=FACE_OUTER_BOUND('',#379,.T.);
#277=FACE_OUTER_BOUND('',#380,.T.);
#278=FACE_OUTER_BOUND('',#381,.T.);
#279=FACE_OUTER_BOUND('',#382,.T.);
#280=FACE_OUTER_BOUND('',#383,.T.);
#281=FACE_OUTER_BOUND('',#384,.T.);
#282=FACE_OUTER_BOUND('',#385,.T.);
#283=FACE_OUTER_BOUND('',#386,.T.);
#284=FACE_OUTER_BOUND('',#387,.T.);
#285=FACE_OUTER_BOUND('',#388,.T.);
#286=FACE_OUTER_BOUND('',#389,.T.);
#287=FACE_OUTER_BOUND('',#392,.T.);
#288=FACE_OUTER_BOUND('',#394,.T.);
#289=FACE_OUTER_BOUND('',#395,.T.);
#290=FACE_OUTER_BOUND('',#396,.T.);
#291=FACE_OUTER_BOUND('',#397,.T.);
#292=FACE_OUTER_BOUND('',#398,.T.);
#293=FACE_OUTER_BOUND('',#399,.T.);
#294=FACE_OUTER_BOUND('',#400,.T.);
#295=FACE_OUTER_BOUND('',#401,.T.);
#296=FACE_OUTER_BOUND('',#402,.T.);
#297=FACE_OUTER_BOUND('',#403,.T.);
#298=FACE_OUTER_BOUND('',#404,.T.);
#299=FACE_OUTER_BOUND('',#405,.T.);
#300=FACE_OUTER_BOUND('',#406,.T.);
#301=FACE_OUTER_BOUND('',#407,.T.);
#302=FACE_OUTER_BOUND('',#408,.T.);
#303=FACE_OUTER_BOUND('',#409,.T.);
#304=FACE_OUTER_BOUND('',#410,.T.);
#305=FACE_OUTER_BOUND('',#411,.T.);
#306=FACE_OUTER_BOUND('',#412,.T.);
#307=EDGE_LOOP('',(#1121,#1122,#1123,#1124));
#308=EDGE_LOOP('',(#1125,#1126,#1127,#1128));
#309=EDGE_LOOP('',(#1129,#1130,#1131,#1132));
#310=EDGE_LOOP('',(#1133,#1134,#1135,#1136));
#311=EDGE_LOOP('',(#1137,#1138,#1139,#1140));
#312=EDGE_LOOP('',(#1141,#1142,#1143,#1144));
#313=EDGE_LOOP('',(#1145,#1146,#1147,#1148));
#314=EDGE_LOOP('',(#1149,#1150,#1151,#1152));
#315=EDGE_LOOP('',(#1153,#1154,#1155,#1156));
#316=EDGE_LOOP('',(#1157,#1158,#1159,#1160));
#317=EDGE_LOOP('',(#1161,#1162,#1163,#1164));
#318=EDGE_LOOP('',(#1165,#1166,#1167,#1168));
#319=EDGE_LOOP('',(#1169,#1170,#1171,#1172));
#320=EDGE_LOOP('',(#1173,#1174,#1175,#1176));
#321=EDGE_LOOP('',(#1177,#1178,#1179,#1180));
#322=EDGE_LOOP('',(#1181,#1182,#1183,#1184));
#323=EDGE_LOOP('',(#1185,#1186,#1187,#1188));
#324=EDGE_LOOP('',(#1189,#1190,#1191,#1192));
#325=EDGE_LOOP('',(#1193,#1194,#1195,#1196));
#326=EDGE_LOOP('',(#1197,#1198,#1199,#1200));
#327=EDGE_LOOP('',(#1201,#1202,#1203,#1204));
#328=EDGE_LOOP('',(#1205,#1206,#1207,#1208));
#329=EDGE_LOOP('',(#1209,#1210,#1211,#1212));
#330=EDGE_LOOP('',(#1213,#1214,#1215,#1216));
#331=EDGE_LOOP('',(#1217,#1218,#1219,#1220));
#332=EDGE_LOOP('',(#1221,#1222,#1223,#1224));
#333=EDGE_LOOP('',(#1225,#1226,#1227,#1228));
#334=EDGE_LOOP('',(#1229,#1230,#1231,#1232,#1233,#1234,#1235,#1236,#1237,
#1238,#1239,#1240,#1241,#1242,#1243,#1244,#1245,#1246,#1247));
#335=EDGE_LOOP('',(#1248,#1249,#1250,#1251,#1252,#1253,#1254,#1255));
#336=EDGE_LOOP('',(#1256,#1257,#1258,#1259,#1260,#1261,#1262,#1263));
#337=EDGE_LOOP('',(#1264,#1265,#1266,#1267,#1268,#1269,#1270,#1271,#1272,
#1273,#1274,#1275,#1276,#1277,#1278,#1279,#1280,#1281,#1282));
#338=EDGE_LOOP('',(#1283,#1284,#1285,#1286));
#339=EDGE_LOOP('',(#1287,#1288,#1289,#1290));
#340=EDGE_LOOP('',(#1291,#1292,#1293,#1294));
#341=EDGE_LOOP('',(#1295,#1296,#1297,#1298));
#342=EDGE_LOOP('',(#1299,#1300,#1301,#1302));
#343=EDGE_LOOP('',(#1303,#1304,#1305,#1306));
#344=EDGE_LOOP('',(#1307,#1308,#1309,#1310));
#345=EDGE_LOOP('',(#1311,#1312,#1313,#1314));
#346=EDGE_LOOP('',(#1315,#1316,#1317,#1318));
#347=EDGE_LOOP('',(#1319,#1320,#1321,#1322));
#348=EDGE_LOOP('',(#1323,#1324,#1325,#1326));
#349=EDGE_LOOP('',(#1327,#1328,#1329,#1330));
#350=EDGE_LOOP('',(#1331,#1332,#1333,#1334,#1335,#1336,#1337,#1338));
#351=EDGE_LOOP('',(#1339,#1340,#1341,#1342,#1343,#1344,#1345,#1346));
#352=EDGE_LOOP('',(#1347,#1348,#1349,#1350));
#353=EDGE_LOOP('',(#1351,#1352,#1353,#1354));
#354=EDGE_LOOP('',(#1355,#1356,#1357,#1358));
#355=EDGE_LOOP('',(#1359,#1360,#1361,#1362));
#356=EDGE_LOOP('',(#1363,#1364,#1365,#1366));
#357=EDGE_LOOP('',(#1367,#1368,#1369,#1370));
#358=EDGE_LOOP('',(#1371,#1372,#1373,#1374));
#359=EDGE_LOOP('',(#1375,#1376,#1377,#1378));
#360=EDGE_LOOP('',(#1379,#1380,#1381,#1382));
#361=EDGE_LOOP('',(#1383,#1384,#1385,#1386));
#362=EDGE_LOOP('',(#1387,#1388,#1389,#1390));
#363=EDGE_LOOP('',(#1391,#1392,#1393,#1394));
#364=EDGE_LOOP('',(#1395,#1396,#1397,#1398));
#365=EDGE_LOOP('',(#1399,#1400,#1401,#1402));
#366=EDGE_LOOP('',(#1403,#1404,#1405,#1406));
#367=EDGE_LOOP('',(#1407,#1408,#1409,#1410));
#368=EDGE_LOOP('',(#1411,#1412,#1413,#1414));
#369=EDGE_LOOP('',(#1415,#1416,#1417,#1418));
#370=EDGE_LOOP('',(#1419,#1420,#1421,#1422));
#371=EDGE_LOOP('',(#1423,#1424,#1425,#1426));
#372=EDGE_LOOP('',(#1427,#1428,#1429,#1430));
#373=EDGE_LOOP('',(#1431,#1432,#1433,#1434));
#374=EDGE_LOOP('',(#1435,#1436,#1437,#1438));
#375=EDGE_LOOP('',(#1439,#1440,#1441,#1442));
#376=EDGE_LOOP('',(#1443,#1444,#1445,#1446));
#377=EDGE_LOOP('',(#1447,#1448,#1449,#1450));
#378=EDGE_LOOP('',(#1451,#1452,#1453,#1454));
#379=EDGE_LOOP('',(#1455,#1456,#1457,#1458));
#380=EDGE_LOOP('',(#1459,#1460,#1461,#1462));
#381=EDGE_LOOP('',(#1463,#1464,#1465,#1466));
#382=EDGE_LOOP('',(#1467,#1468,#1469,#1470));
#383=EDGE_LOOP('',(#1471,#1472,#1473,#1474));
#384=EDGE_LOOP('',(#1475,#1476,#1477,#1478));
#385=EDGE_LOOP('',(#1479,#1480,#1481,#1482));
#386=EDGE_LOOP('',(#1483,#1484,#1485,#1486));
#387=EDGE_LOOP('',(#1487,#1488,#1489,#1490));
#388=EDGE_LOOP('',(#1491,#1492,#1493,#1494));
#389=EDGE_LOOP('',(#1495,#1496,#1497,#1498,#1499,#1500,#1501,#1502,#1503,
#1504,#1505,#1506,#1507,#1508));
#390=EDGE_LOOP('',(#1509,#1510,#1511,#1512,#1513,#1514,#1515,#1516,#1517));
#391=EDGE_LOOP('',(#1518,#1519,#1520,#1521,#1522,#1523,#1524,#1525,#1526,
#1527));
#392=EDGE_LOOP('',(#1528,#1529,#1530,#1531,#1532,#1533,#1534,#1535));
#393=EDGE_LOOP('',(#1536,#1537,#1538,#1539,#1540,#1541,#1542,#1543,#1544,
#1545,#1546,#1547,#1548,#1549));
#394=EDGE_LOOP('',(#1550,#1551,#1552,#1553,#1554,#1555,#1556,#1557,#1558));
#395=EDGE_LOOP('',(#1559,#1560,#1561,#1562));
#396=EDGE_LOOP('',(#1563,#1564,#1565,#1566));
#397=EDGE_LOOP('',(#1567,#1568,#1569,#1570));
#398=EDGE_LOOP('',(#1571,#1572,#1573,#1574));
#399=EDGE_LOOP('',(#1575,#1576,#1577,#1578));
#400=EDGE_LOOP('',(#1579,#1580,#1581,#1582));
#401=EDGE_LOOP('',(#1583,#1584,#1585,#1586));
#402=EDGE_LOOP('',(#1587,#1588,#1589,#1590));
#403=EDGE_LOOP('',(#1591,#1592,#1593,#1594));
#404=EDGE_LOOP('',(#1595,#1596,#1597,#1598));
#405=EDGE_LOOP('',(#1599,#1600,#1601,#1602));
#406=EDGE_LOOP('',(#1603,#1604,#1605,#1606));
#407=EDGE_LOOP('',(#1607,#1608,#1609,#1610,#1611,#1612,#1613,#1614,#1615,
#1616));
#408=EDGE_LOOP('',(#1617,#1618,#1619,#1620,#1621,#1622,#1623,#1624));
#409=EDGE_LOOP('',(#1625,#1626,#1627,#1628));
#410=EDGE_LOOP('',(#1629,#1630,#1631,#1632));
#411=EDGE_LOOP('',(#1633,#1634,#1635,#1636));
#412=EDGE_LOOP('',(#1637,#1638,#1639,#1640));
#413=LINE('',#2219,#553);
#414=LINE('',#2221,#554);
#415=LINE('',#2223,#555);
#416=LINE('',#2224,#556);
#417=LINE('',#2242,#557);
#418=LINE('',#2265,#558);
#419=LINE('',#2288,#559);
#420=LINE('',#2311,#560);
#421=LINE('',#2334,#561);
#422=LINE('',#2342,#562);
#423=LINE('',#2344,#563);
#424=LINE('',#2345,#564);
#425=LINE('',#2347,#565);
#426=LINE('',#2348,#566);
#427=LINE('',#2352,#567);
#428=LINE('',#2354,#568);
#429=LINE('',#2356,#569);
#430=LINE('',#2357,#570);
#431=LINE('',#2360,#571);
#432=LINE('',#2362,#572);
#433=LINE('',#2363,#573);
#434=LINE('',#2381,#574);
#435=LINE('',#2404,#575);
#436=LINE('',#2427,#576);
#437=LINE('',#2450,#577);
#438=LINE('',#2458,#578);
#439=LINE('',#2460,#579);
#440=LINE('',#2461,#580);
#441=LINE('',#2464,#581);
#442=LINE('',#2466,#582);
#443=LINE('',#2467,#583);
#444=LINE('',#2470,#584);
#445=LINE('',#2472,#585);
#446=LINE('',#2473,#586);
#447=LINE('',#2491,#587);
#448=LINE('',#2514,#588);
#449=LINE('',#2537,#589);
#450=LINE('',#2560,#590);
#451=LINE('',#2583,#591);
#452=LINE('',#2606,#592);
#453=LINE('',#2629,#593);
#454=LINE('',#2637,#594);
#455=LINE('',#2639,#595);
#456=LINE('',#2640,#596);
#457=LINE('',#2643,#597);
#458=LINE('',#2645,#598);
#459=LINE('',#2646,#599);
#460=LINE('',#2648,#600);
#461=LINE('',#2649,#601);
#462=LINE('',#2654,#602);
#463=LINE('',#2658,#603);
#464=LINE('',#2662,#604);
#465=LINE('',#2666,#605);
#466=LINE('',#2672,#606);
#467=LINE('',#2689,#607);
#468=LINE('',#2705,#608);
#469=LINE('',#2721,#609);
#470=LINE('',#2734,#610);
#471=LINE('',#2737,#611);
#472=LINE('',#2740,#612);
#473=LINE('',#2741,#613);
#474=LINE('',#2744,#614);
#475=LINE('',#2748,#615);
#476=LINE('',#2749,#616);
#477=LINE('',#2755,#617);
#478=LINE('',#2758,#618);
#479=LINE('',#2760,#619);
#480=LINE('',#2762,#620);
#481=LINE('',#2764,#621);
#482=LINE('',#2769,#622);
#483=LINE('',#2771,#623);
#484=LINE('',#2773,#624);
#485=LINE('',#2774,#625);
#486=LINE('',#2792,#626);
#487=LINE('',#2815,#627);
#488=LINE('',#2838,#628);
#489=LINE('',#2861,#629);
#490=LINE('',#2884,#630);
#491=LINE('',#2907,#631);
#492=LINE('',#2930,#632);
#493=LINE('',#2938,#633);
#494=LINE('',#2940,#634);
#495=LINE('',#2941,#635);
#496=LINE('',#2943,#636);
#497=LINE('',#2944,#637);
#498=LINE('',#2948,#638);
#499=LINE('',#2950,#639);
#500=LINE('',#2952,#640);
#501=LINE('',#2953,#641);
#502=LINE('',#2971,#642);
#503=LINE('',#2994,#643);
#504=LINE('',#3017,#644);
#505=LINE('',#3040,#645);
#506=LINE('',#3063,#646);
#507=LINE('',#3086,#647);
#508=LINE('',#3094,#648);
#509=LINE('',#3096,#649);
#510=LINE('',#3097,#650);
#511=LINE('',#3099,#651);
#512=LINE('',#3100,#652);
#513=LINE('',#3119,#653);
#514=LINE('',#3126,#654);
#515=LINE('',#3144,#655);
#516=LINE('',#3167,#656);
#517=LINE('',#3190,#657);
#518=LINE('',#3213,#658);
#519=LINE('',#3236,#659);
#520=LINE('',#3259,#660);
#521=LINE('',#3282,#661);
#522=LINE('',#3305,#662);
#523=LINE('',#3328,#663);
#524=LINE('',#3351,#664);
#525=LINE('',#3359,#665);
#526=LINE('',#3361,#666);
#527=LINE('',#3362,#667);
#528=LINE('',#3365,#668);
#529=LINE('',#3367,#669);
#530=LINE('',#3368,#670);
#531=LINE('',#3370,#671);
#532=LINE('',#3371,#672);
#533=LINE('',#3376,#673);
#534=LINE('',#3380,#674);
#535=LINE('',#3384,#675);
#536=LINE('',#3388,#676);
#537=LINE('',#3395,#677);
#538=LINE('',#3412,#678);
#539=LINE('',#3428,#679);
#540=LINE('',#3444,#680);
#541=LINE('',#3457,#681);
#542=LINE('',#3460,#682);
#543=LINE('',#3463,#683);
#544=LINE('',#3464,#684);
#545=LINE('',#3467,#685);
#546=LINE('',#3471,#686);
#547=LINE('',#3472,#687);
#548=LINE('',#3478,#688);
#549=LINE('',#3481,#689);
#550=LINE('',#3483,#690);
#551=LINE('',#3485,#691);
#552=LINE('',#3487,#692);
#553=VECTOR('',#1891,10.);
#554=VECTOR('',#1892,10.);
#555=VECTOR('',#1893,10.);
#556=VECTOR('',#1894,10.);
#557=VECTOR('',#1895,10.);
#558=VECTOR('',#1896,10.);
#559=VECTOR('',#1897,10.);
#560=VECTOR('',#1898,10.);
#561=VECTOR('',#1899,10.);
#562=VECTOR('',#1902,10.);
#563=VECTOR('',#1903,10.);
#564=VECTOR('',#1904,10.);
#565=VECTOR('',#1907,10.);
#566=VECTOR('',#1908,10.);
#567=VECTOR('',#1911,10.);
#568=VECTOR('',#1912,10.);
#569=VECTOR('',#1913,10.);
#570=VECTOR('',#1914,10.);
#571=VECTOR('',#1917,10.);
#572=VECTOR('',#1918,10.);
#573=VECTOR('',#1919,10.);
#574=VECTOR('',#1920,10.);
#575=VECTOR('',#1921,10.);
#576=VECTOR('',#1922,10.);
#577=VECTOR('',#1923,10.);
#578=VECTOR('',#1926,10.);
#579=VECTOR('',#1927,10.);
#580=VECTOR('',#1928,10.);
#581=VECTOR('',#1931,10.);
#582=VECTOR('',#1932,10.);
#583=VECTOR('',#1933,10.);
#584=VECTOR('',#1936,10.);
#585=VECTOR('',#1937,10.);
#586=VECTOR('',#1938,10.);
#587=VECTOR('',#1939,10.);
#588=VECTOR('',#1940,10.);
#589=VECTOR('',#1941,10.);
#590=VECTOR('',#1942,10.);
#591=VECTOR('',#1943,10.);
#592=VECTOR('',#1944,10.);
#593=VECTOR('',#1945,10.);
#594=VECTOR('',#1948,10.);
#595=VECTOR('',#1949,10.);
#596=VECTOR('',#1950,10.);
#597=VECTOR('',#1953,10.);
#598=VECTOR('',#1954,10.);
#599=VECTOR('',#1955,10.);
#600=VECTOR('',#1958,10.);
#601=VECTOR('',#1959,10.);
#602=VECTOR('',#1964,10.);
#603=VECTOR('',#1967,10.);
#604=VECTOR('',#1970,10.);
#605=VECTOR('',#1973,10.);
#606=VECTOR('',#1980,10.);
#607=VECTOR('',#1991,10.);
#608=VECTOR('',#2000,10.);
#609=VECTOR('',#2009,10.);
#610=VECTOR('',#2014,10.);
#611=VECTOR('',#2017,10.);
#612=VECTOR('',#2020,10.);
#613=VECTOR('',#2021,10.);
#614=VECTOR('',#2024,10.);
#615=VECTOR('',#2029,10.);
#616=VECTOR('',#2030,10.);
#617=VECTOR('',#2037,10.);
#618=VECTOR('',#2040,10.);
#619=VECTOR('',#2043,10.);
#620=VECTOR('',#2046,10.);
#621=VECTOR('',#2049,10.);
#622=VECTOR('',#2054,10.);
#623=VECTOR('',#2055,10.);
#624=VECTOR('',#2056,10.);
#625=VECTOR('',#2057,10.);
#626=VECTOR('',#2058,10.);
#627=VECTOR('',#2059,10.);
#628=VECTOR('',#2060,10.);
#629=VECTOR('',#2061,10.);
#630=VECTOR('',#2062,10.);
#631=VECTOR('',#2063,10.);
#632=VECTOR('',#2064,10.);
#633=VECTOR('',#2067,10.);
#634=VECTOR('',#2068,10.);
#635=VECTOR('',#2069,10.);
#636=VECTOR('',#2072,10.);
#637=VECTOR('',#2073,10.);
#638=VECTOR('',#2076,10.);
#639=VECTOR('',#2077,10.);
#640=VECTOR('',#2078,10.);
#641=VECTOR('',#2079,10.);
#642=VECTOR('',#2080,10.);
#643=VECTOR('',#2081,10.);
#644=VECTOR('',#2082,10.);
#645=VECTOR('',#2083,10.);
#646=VECTOR('',#2084,10.);
#647=VECTOR('',#2085,10.);
#648=VECTOR('',#2088,10.);
#649=VECTOR('',#2089,10.);
#650=VECTOR('',#2090,10.);
#651=VECTOR('',#2093,10.);
#652=VECTOR('',#2094,10.);
#653=VECTOR('',#2095,10.);
#654=VECTOR('',#2096,10.);
#655=VECTOR('',#2097,10.);
#656=VECTOR('',#2098,10.);
#657=VECTOR('',#2099,10.);
#658=VECTOR('',#2100,10.);
#659=VECTOR('',#2101,10.);
#660=VECTOR('',#2102,10.);
#661=VECTOR('',#2103,10.);
#662=VECTOR('',#2104,10.);
#663=VECTOR('',#2105,10.);
#664=VECTOR('',#2106,10.);
#665=VECTOR('',#2109,10.);
#666=VECTOR('',#2110,10.);
#667=VECTOR('',#2111,10.);
#668=VECTOR('',#2114,10.);
#669=VECTOR('',#2115,10.);
#670=VECTOR('',#2116,10.);
#671=VECTOR('',#2119,10.);
#672=VECTOR('',#2120,10.);
#673=VECTOR('',#2125,10.);
#674=VECTOR('',#2128,10.);
#675=VECTOR('',#2131,10.);
#676=VECTOR('',#2134,10.);
#677=VECTOR('',#2143,10.);
#678=VECTOR('',#2154,10.);
#679=VECTOR('',#2163,10.);
#680=VECTOR('',#2172,10.);
#681=VECTOR('',#2177,10.);
#682=VECTOR('',#2180,10.);
#683=VECTOR('',#2183,10.);
#684=VECTOR('',#2184,10.);
#685=VECTOR('',#2187,10.);
#686=VECTOR('',#2192,10.);
#687=VECTOR('',#2193,10.);
#688=VECTOR('',#2200,10.);
#689=VECTOR('',#2203,10.);
#690=VECTOR('',#2206,10.);
#691=VECTOR('',#2209,10.);
#692=VECTOR('',#2212,10.);
#693=VERTEX_POINT('',#2217);
#694=VERTEX_POINT('',#2218);
#695=VERTEX_POINT('',#2220);
#696=VERTEX_POINT('',#2222);
#697=VERTEX_POINT('',#2235);
#698=VERTEX_POINT('',#2241);
#699=VERTEX_POINT('',#2258);
#700=VERTEX_POINT('',#2264);
#701=VERTEX_POINT('',#2281);
#702=VERTEX_POINT('',#2287);
#703=VERTEX_POINT('',#2304);
#704=VERTEX_POINT('',#2310);
#705=VERTEX_POINT('',#2327);
#706=VERTEX_POINT('',#2333);
#707=VERTEX_POINT('',#2341);
#708=VERTEX_POINT('',#2343);
#709=VERTEX_POINT('',#2350);
#710=VERTEX_POINT('',#2351);
#711=VERTEX_POINT('',#2353);
#712=VERTEX_POINT('',#2355);
#713=VERTEX_POINT('',#2359);
#714=VERTEX_POINT('',#2361);
#715=VERTEX_POINT('',#2374);
#716=VERTEX_POINT('',#2380);
#717=VERTEX_POINT('',#2397);
#718=VERTEX_POINT('',#2403);
#719=VERTEX_POINT('',#2420);
#720=VERTEX_POINT('',#2426);
#721=VERTEX_POINT('',#2443);
#722=VERTEX_POINT('',#2449);
#723=VERTEX_POINT('',#2457);
#724=VERTEX_POINT('',#2459);
#725=VERTEX_POINT('',#2463);
#726=VERTEX_POINT('',#2465);
#727=VERTEX_POINT('',#2469);
#728=VERTEX_POINT('',#2471);
#729=VERTEX_POINT('',#2484);
#730=VERTEX_POINT('',#2490);
#731=VERTEX_POINT('',#2507);
#732=VERTEX_POINT('',#2513);
#733=VERTEX_POINT('',#2530);
#734=VERTEX_POINT('',#2536);
#735=VERTEX_POINT('',#2553);
#736=VERTEX_POINT('',#2559);
#737=VERTEX_POINT('',#2576);
#738=VERTEX_POINT('',#2582);
#739=VERTEX_POINT('',#2599);
#740=VERTEX_POINT('',#2605);
#741=VERTEX_POINT('',#2622);
#742=VERTEX_POINT('',#2628);
#743=VERTEX_POINT('',#2636);
#744=VERTEX_POINT('',#2638);
#745=VERTEX_POINT('',#2642);
#746=VERTEX_POINT('',#2644);
#747=VERTEX_POINT('',#2652);
#748=VERTEX_POINT('',#2653);
#749=VERTEX_POINT('',#2655);
#750=VERTEX_POINT('',#2657);
#751=VERTEX_POINT('',#2659);
#752=VERTEX_POINT('',#2661);
#753=VERTEX_POINT('',#2663);
#754=VERTEX_POINT('',#2665);
#755=VERTEX_POINT('',#2669);
#756=VERTEX_POINT('',#2671);
#757=VERTEX_POINT('',#2683);
#758=VERTEX_POINT('',#2687);
#759=VERTEX_POINT('',#2699);
#760=VERTEX_POINT('',#2703);
#761=VERTEX_POINT('',#2715);
#762=VERTEX_POINT('',#2719);
#763=VERTEX_POINT('',#2733);
#764=VERTEX_POINT('',#2735);
#765=VERTEX_POINT('',#2739);
#766=VERTEX_POINT('',#2743);
#767=VERTEX_POINT('',#2747);
#768=VERTEX_POINT('',#2752);
#769=VERTEX_POINT('',#2754);
#770=VERTEX_POINT('',#2756);
#771=VERTEX_POINT('',#2767);
#772=VERTEX_POINT('',#2768);
#773=VERTEX_POINT('',#2770);
#774=VERTEX_POINT('',#2772);
#775=VERTEX_POINT('',#2785);
#776=VERTEX_POINT('',#2791);
#777=VERTEX_POINT('',#2808);
#778=VERTEX_POINT('',#2814);
#779=VERTEX_POINT('',#2831);
#780=VERTEX_POINT('',#2837);
#781=VERTEX_POINT('',#2854);
#782=VERTEX_POINT('',#2860);
#783=VERTEX_POINT('',#2877);
#784=VERTEX_POINT('',#2883);
#785=VERTEX_POINT('',#2900);
#786=VERTEX_POINT('',#2906);
#787=VERTEX_POINT('',#2923);
#788=VERTEX_POINT('',#2929);
#789=VERTEX_POINT('',#2937);
#790=VERTEX_POINT('',#2939);
#791=VERTEX_POINT('',#2946);
#792=VERTEX_POINT('',#2947);
#793=VERTEX_POINT('',#2949);
#794=VERTEX_POINT('',#2951);
#795=VERTEX_POINT('',#2964);
#796=VERTEX_POINT('',#2970);
#797=VERTEX_POINT('',#2987);
#798=VERTEX_POINT('',#2993);
#799=VERTEX_POINT('',#3010);
#800=VERTEX_POINT('',#3016);
#801=VERTEX_POINT('',#3033);
#802=VERTEX_POINT('',#3039);
#803=VERTEX_POINT('',#3056);
#804=VERTEX_POINT('',#3062);
#805=VERTEX_POINT('',#3079);
#806=VERTEX_POINT('',#3085);
#807=VERTEX_POINT('',#3093);
#808=VERTEX_POINT('',#3095);
#809=VERTEX_POINT('',#3111);
#810=VERTEX_POINT('',#3112);
#811=VERTEX_POINT('',#3118);
#812=VERTEX_POINT('',#3120);
#813=VERTEX_POINT('',#3137);
#814=VERTEX_POINT('',#3143);
#815=VERTEX_POINT('',#3160);
#816=VERTEX_POINT('',#3166);
#817=VERTEX_POINT('',#3183);
#818=VERTEX_POINT('',#3189);
#819=VERTEX_POINT('',#3206);
#820=VERTEX_POINT('',#3212);
#821=VERTEX_POINT('',#3229);
#822=VERTEX_POINT('',#3235);
#823=VERTEX_POINT('',#3252);
#824=VERTEX_POINT('',#3258);
#825=VERTEX_POINT('',#3275);
#826=VERTEX_POINT('',#3281);
#827=VERTEX_POINT('',#3298);
#828=VERTEX_POINT('',#3304);
#829=VERTEX_POINT('',#3321);
#830=VERTEX_POINT('',#3327);
#831=VERTEX_POINT('',#3344);
#832=VERTEX_POINT('',#3350);
#833=VERTEX_POINT('',#3358);
#834=VERTEX_POINT('',#3360);
#835=VERTEX_POINT('',#3364);
#836=VERTEX_POINT('',#3366);
#837=VERTEX_POINT('',#3374);
#838=VERTEX_POINT('',#3375);
#839=VERTEX_POINT('',#3377);
#840=VERTEX_POINT('',#3379);
#841=VERTEX_POINT('',#3381);
#842=VERTEX_POINT('',#3383);
#843=VERTEX_POINT('',#3385);
#844=VERTEX_POINT('',#3387);
#845=VERTEX_POINT('',#3392);
#846=VERTEX_POINT('',#3394);
#847=VERTEX_POINT('',#3406);
#848=VERTEX_POINT('',#3410);
#849=VERTEX_POINT('',#3422);
#850=VERTEX_POINT('',#3426);
#851=VERTEX_POINT('',#3438);
#852=VERTEX_POINT('',#3442);
#853=VERTEX_POINT('',#3456);
#854=VERTEX_POINT('',#3458);
#855=VERTEX_POINT('',#3462);
#856=VERTEX_POINT('',#3466);
#857=VERTEX_POINT('',#3470);
#858=VERTEX_POINT('',#3475);
#859=VERTEX_POINT('',#3477);
#860=VERTEX_POINT('',#3479);
#861=EDGE_CURVE('',#693,#694,#413,.T.);
#862=EDGE_CURVE('',#693,#695,#414,.T.);
#863=EDGE_CURVE('',#695,#696,#415,.T.);
#864=EDGE_CURVE('',#694,#696,#416,.T.);
#865=EDGE_CURVE('',#697,#693,#86,.T.);
#866=EDGE_CURVE('',#697,#698,#417,.T.);
#867=EDGE_CURVE('',#698,#695,#87,.T.);
#868=EDGE_CURVE('',#699,#697,#88,.T.);
#869=EDGE_CURVE('',#699,#700,#418,.T.);
#870=EDGE_CURVE('',#700,#698,#89,.T.);
#871=EDGE_CURVE('',#701,#699,#90,.T.);
#872=EDGE_CURVE('',#701,#702,#419,.T.);
#873=EDGE_CURVE('',#702,#700,#91,.T.);
#874=EDGE_CURVE('',#703,#701,#92,.T.);
#875=EDGE_CURVE('',#703,#704,#420,.T.);
#876=EDGE_CURVE('',#704,#702,#93,.T.);
#877=EDGE_CURVE('',#705,#703,#94,.T.);
#878=EDGE_CURVE('',#705,#706,#421,.T.);
#879=EDGE_CURVE('',#706,#704,#95,.T.);
#880=EDGE_CURVE('',#707,#705,#422,.T.);
#881=EDGE_CURVE('',#707,#708,#423,.T.);
#882=EDGE_CURVE('',#708,#706,#424,.T.);
#883=EDGE_CURVE('',#694,#707,#425,.T.);
#884=EDGE_CURVE('',#696,#708,#426,.T.);
#885=EDGE_CURVE('',#709,#710,#427,.T.);
#886=EDGE_CURVE('',#709,#711,#428,.T.);
#887=EDGE_CURVE('',#711,#712,#429,.T.);
#888=EDGE_CURVE('',#710,#712,#430,.T.);
#889=EDGE_CURVE('',#713,#709,#431,.T.);
#890=EDGE_CURVE('',#713,#714,#432,.T.);
#891=EDGE_CURVE('',#714,#711,#433,.T.);
#892=EDGE_CURVE('',#715,#713,#96,.T.);
#893=EDGE_CURVE('',#715,#716,#434,.T.);
#894=EDGE_CURVE('',#716,#714,#97,.T.);
#895=EDGE_CURVE('',#717,#715,#98,.T.);
#896=EDGE_CURVE('',#717,#718,#435,.T.);
#897=EDGE_CURVE('',#718,#716,#99,.T.);
#898=EDGE_CURVE('',#719,#717,#100,.T.);
#899=EDGE_CURVE('',#719,#720,#436,.T.);
#900=EDGE_CURVE('',#720,#718,#101,.T.);
#901=EDGE_CURVE('',#721,#719,#102,.T.);
#902=EDGE_CURVE('',#721,#722,#437,.T.);
#903=EDGE_CURVE('',#722,#720,#103,.T.);
#904=EDGE_CURVE('',#723,#721,#438,.T.);
#905=EDGE_CURVE('',#723,#724,#439,.T.);
#906=EDGE_CURVE('',#724,#722,#440,.T.);
#907=EDGE_CURVE('',#725,#723,#441,.T.);
#908=EDGE_CURVE('',#725,#726,#442,.T.);
#909=EDGE_CURVE('',#726,#724,#443,.T.);
#910=EDGE_CURVE('',#727,#725,#444,.T.);
#911=EDGE_CURVE('',#727,#728,#445,.T.);
#912=EDGE_CURVE('',#728,#726,#446,.T.);
#913=EDGE_CURVE('',#729,#727,#104,.T.);
#914=EDGE_CURVE('',#729,#730,#447,.T.);
#915=EDGE_CURVE('',#730,#728,#105,.T.);
#916=EDGE_CURVE('',#731,#729,#106,.T.);
#917=EDGE_CURVE('',#731,#732,#448,.T.);
#918=EDGE_CURVE('',#732,#730,#107,.T.);
#919=EDGE_CURVE('',#733,#731,#108,.T.);
#920=EDGE_CURVE('',#733,#734,#449,.T.);
#921=EDGE_CURVE('',#734,#732,#109,.T.);
#922=EDGE_CURVE('',#735,#733,#110,.T.);
#923=EDGE_CURVE('',#735,#736,#450,.T.);
#924=EDGE_CURVE('',#736,#734,#111,.T.);
#925=EDGE_CURVE('',#737,#735,#112,.T.);
#926=EDGE_CURVE('',#737,#738,#451,.T.);
#927=EDGE_CURVE('',#738,#736,#113,.T.);
#928=EDGE_CURVE('',#739,#737,#114,.T.);
#929=EDGE_CURVE('',#739,#740,#452,.T.);
#930=EDGE_CURVE('',#740,#738,#115,.T.);
#931=EDGE_CURVE('',#741,#739,#116,.T.);
#932=EDGE_CURVE('',#741,#742,#453,.T.);
#933=EDGE_CURVE('',#742,#740,#117,.T.);
#934=EDGE_CURVE('',#743,#741,#454,.T.);
#935=EDGE_CURVE('',#743,#744,#455,.T.);
#936=EDGE_CURVE('',#744,#742,#456,.T.);
#937=EDGE_CURVE('',#745,#743,#457,.T.);
#938=EDGE_CURVE('',#745,#746,#458,.T.);
#939=EDGE_CURVE('',#746,#744,#459,.T.);
#940=EDGE_CURVE('',#710,#745,#460,.T.);
#941=EDGE_CURVE('',#712,#746,#461,.T.);
#942=EDGE_CURVE('',#747,#748,#462,.T.);
#943=EDGE_CURVE('',#749,#747,#41,.T.);
#944=EDGE_CURVE('',#750,#749,#463,.T.);
#945=EDGE_CURVE('',#751,#750,#42,.T.);
#946=EDGE_CURVE('',#752,#751,#464,.T.);
#947=EDGE_CURVE('',#753,#752,#43,.T.);
#948=EDGE_CURVE('',#754,#753,#465,.T.);
#949=EDGE_CURVE('',#748,#754,#44,.T.);
#950=EDGE_CURVE('',#748,#755,#45,.T.);
#951=EDGE_CURVE('',#755,#756,#466,.T.);
#952=EDGE_CURVE('',#756,#747,#46,.T.);
#953=EDGE_CURVE('',#757,#749,#47,.T.);
#954=EDGE_CURVE('',#756,#757,#48,.T.);
#955=EDGE_CURVE('',#758,#750,#49,.T.);
#956=EDGE_CURVE('',#757,#758,#467,.T.);
#957=EDGE_CURVE('',#759,#751,#50,.T.);
#958=EDGE_CURVE('',#758,#759,#51,.T.);
#959=EDGE_CURVE('',#760,#752,#52,.T.);
#960=EDGE_CURVE('',#759,#760,#468,.T.);
#961=EDGE_CURVE('',#761,#753,#53,.T.);
#962=EDGE_CURVE('',#760,#761,#54,.T.);
#963=EDGE_CURVE('',#762,#754,#55,.T.);
#964=EDGE_CURVE('',#761,#762,#469,.T.);
#965=EDGE_CURVE('',#762,#755,#56,.T.);
#966=EDGE_CURVE('',#758,#763,#470,.T.);
#967=EDGE_CURVE('',#764,#763,#57,.T.);
#968=EDGE_CURVE('',#764,#759,#471,.T.);
#969=EDGE_CURVE('',#765,#757,#472,.T.);
#970=EDGE_CURVE('',#763,#765,#473,.T.);
#971=EDGE_CURVE('',#766,#756,#474,.T.);
#972=EDGE_CURVE('',#765,#766,#58,.T.);
#973=EDGE_CURVE('',#767,#755,#475,.T.);
#974=EDGE_CURVE('',#766,#767,#476,.T.);
#975=EDGE_CURVE('',#767,#768,#59,.T.);
#976=EDGE_CURVE('',#768,#769,#477,.T.);
#977=EDGE_CURVE('',#769,#770,#60,.T.);
#978=EDGE_CURVE('',#770,#764,#478,.T.);
#979=EDGE_CURVE('',#768,#762,#479,.T.);
#980=EDGE_CURVE('',#769,#761,#480,.T.);
#981=EDGE_CURVE('',#770,#760,#481,.T.);
#982=EDGE_CURVE('',#771,#772,#482,.T.);
#983=EDGE_CURVE('',#771,#773,#483,.T.);
#984=EDGE_CURVE('',#773,#774,#484,.T.);
#985=EDGE_CURVE('',#772,#774,#485,.T.);
#986=EDGE_CURVE('',#775,#771,#118,.T.);
#987=EDGE_CURVE('',#775,#776,#486,.T.);
#988=EDGE_CURVE('',#776,#773,#119,.T.);
#989=EDGE_CURVE('',#777,#775,#120,.T.);
#990=EDGE_CURVE('',#777,#778,#487,.T.);
#991=EDGE_CURVE('',#778,#776,#121,.T.);
#992=EDGE_CURVE('',#779,#777,#122,.T.);
#993=EDGE_CURVE('',#779,#780,#488,.T.);
#994=EDGE_CURVE('',#780,#778,#123,.T.);
#995=EDGE_CURVE('',#781,#779,#124,.T.);
#996=EDGE_CURVE('',#781,#782,#489,.T.);
#997=EDGE_CURVE('',#782,#780,#125,.T.);
#998=EDGE_CURVE('',#783,#781,#126,.T.);
#999=EDGE_CURVE('',#783,#784,#490,.T.);
#1000=EDGE_CURVE('',#784,#782,#127,.T.);
#1001=EDGE_CURVE('',#785,#783,#128,.T.);
#1002=EDGE_CURVE('',#785,#786,#491,.T.);
#1003=EDGE_CURVE('',#786,#784,#129,.T.);
#1004=EDGE_CURVE('',#787,#785,#130,.T.);
#1005=EDGE_CURVE('',#787,#788,#492,.T.);
#1006=EDGE_CURVE('',#788,#786,#131,.T.);
#1007=EDGE_CURVE('',#789,#787,#493,.T.);
#1008=EDGE_CURVE('',#789,#790,#494,.T.);
#1009=EDGE_CURVE('',#790,#788,#495,.T.);
#1010=EDGE_CURVE('',#772,#789,#496,.T.);
#1011=EDGE_CURVE('',#774,#790,#497,.T.);
#1012=EDGE_CURVE('',#791,#792,#498,.T.);
#1013=EDGE_CURVE('',#791,#793,#499,.T.);
#1014=EDGE_CURVE('',#793,#794,#500,.T.);
#1015=EDGE_CURVE('',#792,#794,#501,.T.);
#1016=EDGE_CURVE('',#795,#791,#132,.T.);
#1017=EDGE_CURVE('',#795,#796,#502,.T.);
#1018=EDGE_CURVE('',#796,#793,#133,.T.);
#1019=EDGE_CURVE('',#797,#795,#134,.T.);
#1020=EDGE_CURVE('',#797,#798,#503,.T.);
#1021=EDGE_CURVE('',#798,#796,#135,.T.);
#1022=EDGE_CURVE('',#799,#797,#136,.T.);
#1023=EDGE_CURVE('',#799,#800,#504,.T.);
#1024=EDGE_CURVE('',#800,#798,#137,.T.);
#1025=EDGE_CURVE('',#801,#799,#138,.T.);
#1026=EDGE_CURVE('',#801,#802,#505,.T.);
#1027=EDGE_CURVE('',#802,#800,#139,.T.);
#1028=EDGE_CURVE('',#803,#801,#140,.T.);
#1029=EDGE_CURVE('',#803,#804,#506,.T.);
#1030=EDGE_CURVE('',#804,#802,#141,.T.);
#1031=EDGE_CURVE('',#805,#803,#142,.T.);
#1032=EDGE_CURVE('',#805,#806,#507,.T.);
#1033=EDGE_CURVE('',#806,#804,#143,.T.);
#1034=EDGE_CURVE('',#807,#805,#508,.T.);
#1035=EDGE_CURVE('',#807,#808,#509,.T.);
#1036=EDGE_CURVE('',#808,#806,#510,.T.);
#1037=EDGE_CURVE('',#792,#807,#511,.T.);
#1038=EDGE_CURVE('',#794,#808,#512,.T.);
#1039=EDGE_CURVE('',#809,#810,#144,.T.);
#1040=EDGE_CURVE('',#809,#811,#513,.T.);
#1041=EDGE_CURVE('',#811,#812,#145,.T.);
#1042=EDGE_CURVE('',#810,#812,#514,.T.);
#1043=EDGE_CURVE('',#813,#809,#146,.T.);
#1044=EDGE_CURVE('',#813,#814,#515,.T.);
#1045=EDGE_CURVE('',#814,#811,#147,.T.);
#1046=EDGE_CURVE('',#815,#813,#148,.T.);
#1047=EDGE_CURVE('',#815,#816,#516,.T.);
#1048=EDGE_CURVE('',#816,#814,#149,.T.);
#1049=EDGE_CURVE('',#817,#815,#150,.T.);
#1050=EDGE_CURVE('',#817,#818,#517,.T.);
#1051=EDGE_CURVE('',#818,#816,#151,.T.);
#1052=EDGE_CURVE('',#819,#817,#152,.T.);
#1053=EDGE_CURVE('',#819,#820,#518,.T.);
#1054=EDGE_CURVE('',#820,#818,#153,.T.);
#1055=EDGE_CURVE('',#821,#819,#154,.T.);
#1056=EDGE_CURVE('',#821,#822,#519,.T.);
#1057=EDGE_CURVE('',#822,#820,#155,.T.);
#1058=EDGE_CURVE('',#823,#821,#156,.T.);
#1059=EDGE_CURVE('',#823,#824,#520,.T.);
#1060=EDGE_CURVE('',#824,#822,#157,.T.);
#1061=EDGE_CURVE('',#825,#823,#158,.T.);
#1062=EDGE_CURVE('',#825,#826,#521,.T.);
#1063=EDGE_CURVE('',#826,#824,#159,.T.);
#1064=EDGE_CURVE('',#827,#825,#160,.T.);
#1065=EDGE_CURVE('',#827,#828,#522,.T.);
#1066=EDGE_CURVE('',#828,#826,#161,.T.);
#1067=EDGE_CURVE('',#829,#827,#162,.T.);
#1068=EDGE_CURVE('',#829,#830,#523,.T.);
#1069=EDGE_CURVE('',#830,#828,#163,.T.);
#1070=EDGE_CURVE('',#831,#829,#164,.T.);
#1071=EDGE_CURVE('',#831,#832,#524,.T.);
#1072=EDGE_CURVE('',#832,#830,#165,.T.);
#1073=EDGE_CURVE('',#833,#831,#525,.T.);
#1074=EDGE_CURVE('',#833,#834,#526,.T.);
#1075=EDGE_CURVE('',#834,#832,#527,.T.);
#1076=EDGE_CURVE('',#835,#833,#528,.T.);
#1077=EDGE_CURVE('',#835,#836,#529,.T.);
#1078=EDGE_CURVE('',#836,#834,#530,.T.);
#1079=EDGE_CURVE('',#810,#835,#531,.T.);
#1080=EDGE_CURVE('',#812,#836,#532,.T.);
#1081=EDGE_CURVE('',#837,#838,#533,.T.);
#1082=EDGE_CURVE('',#839,#837,#61,.T.);
#1083=EDGE_CURVE('',#840,#839,#534,.T.);
#1084=EDGE_CURVE('',#841,#840,#62,.T.);
#1085=EDGE_CURVE('',#842,#841,#535,.T.);
#1086=EDGE_CURVE('',#843,#842,#63,.T.);
#1087=EDGE_CURVE('',#844,#843,#536,.T.);
#1088=EDGE_CURVE('',#838,#844,#64,.T.);
#1089=EDGE_CURVE('',#838,#845,#65,.T.);
#1090=EDGE_CURVE('',#845,#846,#537,.T.);
#1091=EDGE_CURVE('',#846,#837,#66,.T.);
#1092=EDGE_CURVE('',#847,#839,#67,.T.);
#1093=EDGE_CURVE('',#846,#847,#68,.T.);
#1094=EDGE_CURVE('',#848,#840,#69,.T.);
#1095=EDGE_CURVE('',#847,#848,#538,.T.);
#1096=EDGE_CURVE('',#849,#841,#70,.T.);
#1097=EDGE_CURVE('',#848,#849,#71,.T.);
#1098=EDGE_CURVE('',#850,#842,#72,.T.);
#1099=EDGE_CURVE('',#849,#850,#539,.T.);
#1100=EDGE_CURVE('',#851,#843,#73,.T.);
#1101=EDGE_CURVE('',#850,#851,#74,.T.);
#1102=EDGE_CURVE('',#852,#844,#75,.T.);
#1103=EDGE_CURVE('',#851,#852,#540,.T.);
#1104=EDGE_CURVE('',#852,#845,#76,.T.);
#1105=EDGE_CURVE('',#848,#853,#541,.T.);
#1106=EDGE_CURVE('',#854,#853,#77,.T.);
#1107=EDGE_CURVE('',#854,#849,#542,.T.);
#1108=EDGE_CURVE('',#855,#847,#543,.T.);
#1109=EDGE_CURVE('',#853,#855,#544,.T.);
#1110=EDGE_CURVE('',#856,#846,#545,.T.);
#1111=EDGE_CURVE('',#855,#856,#78,.T.);
#1112=EDGE_CURVE('',#857,#845,#546,.T.);
#1113=EDGE_CURVE('',#856,#857,#547,.T.);
#1114=EDGE_CURVE('',#857,#858,#79,.T.);
#1115=EDGE_CURVE('',#858,#859,#548,.T.);
#1116=EDGE_CURVE('',#859,#860,#80,.T.);
#1117=EDGE_CURVE('',#860,#854,#549,.T.);
#1118=EDGE_CURVE('',#858,#852,#550,.T.);
#1119=EDGE_CURVE('',#859,#851,#551,.T.);
#1120=EDGE_CURVE('',#860,#850,#552,.T.);
#1121=ORIENTED_EDGE('',*,*,#861,.F.);
#1122=ORIENTED_EDGE('',*,*,#862,.T.);
#1123=ORIENTED_EDGE('',*,*,#863,.T.);
#1124=ORIENTED_EDGE('',*,*,#864,.F.);
#1125=ORIENTED_EDGE('',*,*,#865,.F.);
#1126=ORIENTED_EDGE('',*,*,#866,.T.);
#1127=ORIENTED_EDGE('',*,*,#867,.T.);
#1128=ORIENTED_EDGE('',*,*,#862,.F.);
#1129=ORIENTED_EDGE('',*,*,#868,.F.);
#1130=ORIENTED_EDGE('',*,*,#869,.T.);
#1131=ORIENTED_EDGE('',*,*,#870,.T.);
#1132=ORIENTED_EDGE('',*,*,#866,.F.);
#1133=ORIENTED_EDGE('',*,*,#871,.F.);
#1134=ORIENTED_EDGE('',*,*,#872,.T.);
#1135=ORIENTED_EDGE('',*,*,#873,.T.);
#1136=ORIENTED_EDGE('',*,*,#869,.F.);
#1137=ORIENTED_EDGE('',*,*,#874,.F.);
#1138=ORIENTED_EDGE('',*,*,#875,.T.);
#1139=ORIENTED_EDGE('',*,*,#876,.T.);
#1140=ORIENTED_EDGE('',*,*,#872,.F.);
#1141=ORIENTED_EDGE('',*,*,#877,.F.);
#1142=ORIENTED_EDGE('',*,*,#878,.T.);
#1143=ORIENTED_EDGE('',*,*,#879,.T.);
#1144=ORIENTED_EDGE('',*,*,#875,.F.);
#1145=ORIENTED_EDGE('',*,*,#880,.F.);
#1146=ORIENTED_EDGE('',*,*,#881,.T.);
#1147=ORIENTED_EDGE('',*,*,#882,.T.);
#1148=ORIENTED_EDGE('',*,*,#878,.F.);
#1149=ORIENTED_EDGE('',*,*,#883,.F.);
#1150=ORIENTED_EDGE('',*,*,#864,.T.);
#1151=ORIENTED_EDGE('',*,*,#884,.T.);
#1152=ORIENTED_EDGE('',*,*,#881,.F.);
#1153=ORIENTED_EDGE('',*,*,#885,.F.);
#1154=ORIENTED_EDGE('',*,*,#886,.T.);
#1155=ORIENTED_EDGE('',*,*,#887,.T.);
#1156=ORIENTED_EDGE('',*,*,#888,.F.);
#1157=ORIENTED_EDGE('',*,*,#889,.F.);
#1158=ORIENTED_EDGE('',*,*,#890,.T.);
#1159=ORIENTED_EDGE('',*,*,#891,.T.);
#1160=ORIENTED_EDGE('',*,*,#886,.F.);
#1161=ORIENTED_EDGE('',*,*,#892,.F.);
#1162=ORIENTED_EDGE('',*,*,#893,.T.);
#1163=ORIENTED_EDGE('',*,*,#894,.T.);
#1164=ORIENTED_EDGE('',*,*,#890,.F.);
#1165=ORIENTED_EDGE('',*,*,#895,.F.);
#1166=ORIENTED_EDGE('',*,*,#896,.T.);
#1167=ORIENTED_EDGE('',*,*,#897,.T.);
#1168=ORIENTED_EDGE('',*,*,#893,.F.);
#1169=ORIENTED_EDGE('',*,*,#898,.F.);
#1170=ORIENTED_EDGE('',*,*,#899,.T.);
#1171=ORIENTED_EDGE('',*,*,#900,.T.);
#1172=ORIENTED_EDGE('',*,*,#896,.F.);
#1173=ORIENTED_EDGE('',*,*,#901,.F.);
#1174=ORIENTED_EDGE('',*,*,#902,.T.);
#1175=ORIENTED_EDGE('',*,*,#903,.T.);
#1176=ORIENTED_EDGE('',*,*,#899,.F.);
#1177=ORIENTED_EDGE('',*,*,#904,.F.);
#1178=ORIENTED_EDGE('',*,*,#905,.T.);
#1179=ORIENTED_EDGE('',*,*,#906,.T.);
#1180=ORIENTED_EDGE('',*,*,#902,.F.);
#1181=ORIENTED_EDGE('',*,*,#907,.F.);
#1182=ORIENTED_EDGE('',*,*,#908,.T.);
#1183=ORIENTED_EDGE('',*,*,#909,.T.);
#1184=ORIENTED_EDGE('',*,*,#905,.F.);
#1185=ORIENTED_EDGE('',*,*,#910,.F.);
#1186=ORIENTED_EDGE('',*,*,#911,.T.);
#1187=ORIENTED_EDGE('',*,*,#912,.T.);
#1188=ORIENTED_EDGE('',*,*,#908,.F.);
#1189=ORIENTED_EDGE('',*,*,#913,.F.);
#1190=ORIENTED_EDGE('',*,*,#914,.T.);
#1191=ORIENTED_EDGE('',*,*,#915,.T.);
#1192=ORIENTED_EDGE('',*,*,#911,.F.);
#1193=ORIENTED_EDGE('',*,*,#916,.F.);
#1194=ORIENTED_EDGE('',*,*,#917,.T.);
#1195=ORIENTED_EDGE('',*,*,#918,.T.);
#1196=ORIENTED_EDGE('',*,*,#914,.F.);
#1197=ORIENTED_EDGE('',*,*,#919,.F.);
#1198=ORIENTED_EDGE('',*,*,#920,.T.);
#1199=ORIENTED_EDGE('',*,*,#921,.T.);
#1200=ORIENTED_EDGE('',*,*,#917,.F.);
#1201=ORIENTED_EDGE('',*,*,#922,.F.);
#1202=ORIENTED_EDGE('',*,*,#923,.T.);
#1203=ORIENTED_EDGE('',*,*,#924,.T.);
#1204=ORIENTED_EDGE('',*,*,#920,.F.);
#1205=ORIENTED_EDGE('',*,*,#925,.F.);
#1206=ORIENTED_EDGE('',*,*,#926,.T.);
#1207=ORIENTED_EDGE('',*,*,#927,.T.);
#1208=ORIENTED_EDGE('',*,*,#923,.F.);
#1209=ORIENTED_EDGE('',*,*,#928,.F.);
#1210=ORIENTED_EDGE('',*,*,#929,.T.);
#1211=ORIENTED_EDGE('',*,*,#930,.T.);
#1212=ORIENTED_EDGE('',*,*,#926,.F.);
#1213=ORIENTED_EDGE('',*,*,#931,.F.);
#1214=ORIENTED_EDGE('',*,*,#932,.T.);
#1215=ORIENTED_EDGE('',*,*,#933,.T.);
#1216=ORIENTED_EDGE('',*,*,#929,.F.);
#1217=ORIENTED_EDGE('',*,*,#934,.F.);
#1218=ORIENTED_EDGE('',*,*,#935,.T.);
#1219=ORIENTED_EDGE('',*,*,#936,.T.);
#1220=ORIENTED_EDGE('',*,*,#932,.F.);
#1221=ORIENTED_EDGE('',*,*,#937,.F.);
#1222=ORIENTED_EDGE('',*,*,#938,.T.);
#1223=ORIENTED_EDGE('',*,*,#939,.T.);
#1224=ORIENTED_EDGE('',*,*,#935,.F.);
#1225=ORIENTED_EDGE('',*,*,#940,.F.);
#1226=ORIENTED_EDGE('',*,*,#888,.T.);
#1227=ORIENTED_EDGE('',*,*,#941,.T.);
#1228=ORIENTED_EDGE('',*,*,#938,.F.);
#1229=ORIENTED_EDGE('',*,*,#941,.F.);
#1230=ORIENTED_EDGE('',*,*,#887,.F.);
#1231=ORIENTED_EDGE('',*,*,#891,.F.);
#1232=ORIENTED_EDGE('',*,*,#894,.F.);
#1233=ORIENTED_EDGE('',*,*,#897,.F.);
#1234=ORIENTED_EDGE('',*,*,#900,.F.);
#1235=ORIENTED_EDGE('',*,*,#903,.F.);
#1236=ORIENTED_EDGE('',*,*,#906,.F.);
#1237=ORIENTED_EDGE('',*,*,#909,.F.);
#1238=ORIENTED_EDGE('',*,*,#912,.F.);
#1239=ORIENTED_EDGE('',*,*,#915,.F.);
#1240=ORIENTED_EDGE('',*,*,#918,.F.);
#1241=ORIENTED_EDGE('',*,*,#921,.F.);
#1242=ORIENTED_EDGE('',*,*,#924,.F.);
#1243=ORIENTED_EDGE('',*,*,#927,.F.);
#1244=ORIENTED_EDGE('',*,*,#930,.F.);
#1245=ORIENTED_EDGE('',*,*,#933,.F.);
#1246=ORIENTED_EDGE('',*,*,#936,.F.);
#1247=ORIENTED_EDGE('',*,*,#939,.F.);
#1248=ORIENTED_EDGE('',*,*,#884,.F.);
#1249=ORIENTED_EDGE('',*,*,#863,.F.);
#1250=ORIENTED_EDGE('',*,*,#867,.F.);
#1251=ORIENTED_EDGE('',*,*,#870,.F.);
#1252=ORIENTED_EDGE('',*,*,#873,.F.);
#1253=ORIENTED_EDGE('',*,*,#876,.F.);
#1254=ORIENTED_EDGE('',*,*,#879,.F.);
#1255=ORIENTED_EDGE('',*,*,#882,.F.);
#1256=ORIENTED_EDGE('',*,*,#942,.F.);
#1257=ORIENTED_EDGE('',*,*,#943,.F.);
#1258=ORIENTED_EDGE('',*,*,#944,.F.);
#1259=ORIENTED_EDGE('',*,*,#945,.F.);
#1260=ORIENTED_EDGE('',*,*,#946,.F.);
#1261=ORIENTED_EDGE('',*,*,#947,.F.);
#1262=ORIENTED_EDGE('',*,*,#948,.F.);
#1263=ORIENTED_EDGE('',*,*,#949,.F.);
#1264=ORIENTED_EDGE('',*,*,#885,.T.);
#1265=ORIENTED_EDGE('',*,*,#940,.T.);
#1266=ORIENTED_EDGE('',*,*,#937,.T.);
#1267=ORIENTED_EDGE('',*,*,#934,.T.);
#1268=ORIENTED_EDGE('',*,*,#931,.T.);
#1269=ORIENTED_EDGE('',*,*,#928,.T.);
#1270=ORIENTED_EDGE('',*,*,#925,.T.);
#1271=ORIENTED_EDGE('',*,*,#922,.T.);
#1272=ORIENTED_EDGE('',*,*,#919,.T.);
#1273=ORIENTED_EDGE('',*,*,#916,.T.);
#1274=ORIENTED_EDGE('',*,*,#913,.T.);
#1275=ORIENTED_EDGE('',*,*,#910,.T.);
#1276=ORIENTED_EDGE('',*,*,#907,.T.);
#1277=ORIENTED_EDGE('',*,*,#904,.T.);
#1278=ORIENTED_EDGE('',*,*,#901,.T.);
#1279=ORIENTED_EDGE('',*,*,#898,.T.);
#1280=ORIENTED_EDGE('',*,*,#895,.T.);
#1281=ORIENTED_EDGE('',*,*,#892,.T.);
#1282=ORIENTED_EDGE('',*,*,#889,.T.);
#1283=ORIENTED_EDGE('',*,*,#950,.T.);
#1284=ORIENTED_EDGE('',*,*,#951,.T.);
#1285=ORIENTED_EDGE('',*,*,#952,.T.);
#1286=ORIENTED_EDGE('',*,*,#942,.T.);
#1287=ORIENTED_EDGE('',*,*,#953,.T.);
#1288=ORIENTED_EDGE('',*,*,#943,.T.);
#1289=ORIENTED_EDGE('',*,*,#952,.F.);
#1290=ORIENTED_EDGE('',*,*,#954,.T.);
#1291=ORIENTED_EDGE('',*,*,#955,.T.);
#1292=ORIENTED_EDGE('',*,*,#944,.T.);
#1293=ORIENTED_EDGE('',*,*,#953,.F.);
#1294=ORIENTED_EDGE('',*,*,#956,.T.);
#1295=ORIENTED_EDGE('',*,*,#957,.T.);
#1296=ORIENTED_EDGE('',*,*,#945,.T.);
#1297=ORIENTED_EDGE('',*,*,#955,.F.);
#1298=ORIENTED_EDGE('',*,*,#958,.T.);
#1299=ORIENTED_EDGE('',*,*,#959,.T.);
#1300=ORIENTED_EDGE('',*,*,#946,.T.);
#1301=ORIENTED_EDGE('',*,*,#957,.F.);
#1302=ORIENTED_EDGE('',*,*,#960,.T.);
#1303=ORIENTED_EDGE('',*,*,#961,.T.);
#1304=ORIENTED_EDGE('',*,*,#947,.T.);
#1305=ORIENTED_EDGE('',*,*,#959,.F.);
#1306=ORIENTED_EDGE('',*,*,#962,.T.);
#1307=ORIENTED_EDGE('',*,*,#963,.T.);
#1308=ORIENTED_EDGE('',*,*,#948,.T.);
#1309=ORIENTED_EDGE('',*,*,#961,.F.);
#1310=ORIENTED_EDGE('',*,*,#964,.T.);
#1311=ORIENTED_EDGE('',*,*,#950,.F.);
#1312=ORIENTED_EDGE('',*,*,#949,.T.);
#1313=ORIENTED_EDGE('',*,*,#963,.F.);
#1314=ORIENTED_EDGE('',*,*,#965,.T.);
#1315=ORIENTED_EDGE('',*,*,#958,.F.);
#1316=ORIENTED_EDGE('',*,*,#966,.T.);
#1317=ORIENTED_EDGE('',*,*,#967,.F.);
#1318=ORIENTED_EDGE('',*,*,#968,.T.);
#1319=ORIENTED_EDGE('',*,*,#956,.F.);
#1320=ORIENTED_EDGE('',*,*,#969,.F.);
#1321=ORIENTED_EDGE('',*,*,#970,.F.);
#1322=ORIENTED_EDGE('',*,*,#966,.F.);
#1323=ORIENTED_EDGE('',*,*,#954,.F.);
#1324=ORIENTED_EDGE('',*,*,#971,.F.);
#1325=ORIENTED_EDGE('',*,*,#972,.F.);
#1326=ORIENTED_EDGE('',*,*,#969,.T.);
#1327=ORIENTED_EDGE('',*,*,#951,.F.);
#1328=ORIENTED_EDGE('',*,*,#973,.F.);
#1329=ORIENTED_EDGE('',*,*,#974,.F.);
#1330=ORIENTED_EDGE('',*,*,#971,.T.);
#1331=ORIENTED_EDGE('',*,*,#861,.T.);
#1332=ORIENTED_EDGE('',*,*,#883,.T.);
#1333=ORIENTED_EDGE('',*,*,#880,.T.);
#1334=ORIENTED_EDGE('',*,*,#877,.T.);
#1335=ORIENTED_EDGE('',*,*,#874,.T.);
#1336=ORIENTED_EDGE('',*,*,#871,.T.);
#1337=ORIENTED_EDGE('',*,*,#868,.T.);
#1338=ORIENTED_EDGE('',*,*,#865,.T.);
#1339=ORIENTED_EDGE('',*,*,#967,.T.);
#1340=ORIENTED_EDGE('',*,*,#970,.T.);
#1341=ORIENTED_EDGE('',*,*,#972,.T.);
#1342=ORIENTED_EDGE('',*,*,#974,.T.);
#1343=ORIENTED_EDGE('',*,*,#975,.T.);
#1344=ORIENTED_EDGE('',*,*,#976,.T.);
#1345=ORIENTED_EDGE('',*,*,#977,.T.);
#1346=ORIENTED_EDGE('',*,*,#978,.T.);
#1347=ORIENTED_EDGE('',*,*,#965,.F.);
#1348=ORIENTED_EDGE('',*,*,#979,.F.);
#1349=ORIENTED_EDGE('',*,*,#975,.F.);
#1350=ORIENTED_EDGE('',*,*,#973,.T.);
#1351=ORIENTED_EDGE('',*,*,#964,.F.);
#1352=ORIENTED_EDGE('',*,*,#980,.F.);
#1353=ORIENTED_EDGE('',*,*,#976,.F.);
#1354=ORIENTED_EDGE('',*,*,#979,.T.);
#1355=ORIENTED_EDGE('',*,*,#962,.F.);
#1356=ORIENTED_EDGE('',*,*,#981,.F.);
#1357=ORIENTED_EDGE('',*,*,#977,.F.);
#1358=ORIENTED_EDGE('',*,*,#980,.T.);
#1359=ORIENTED_EDGE('',*,*,#960,.F.);
#1360=ORIENTED_EDGE('',*,*,#968,.F.);
#1361=ORIENTED_EDGE('',*,*,#978,.F.);
#1362=ORIENTED_EDGE('',*,*,#981,.T.);
#1363=ORIENTED_EDGE('',*,*,#982,.F.);
#1364=ORIENTED_EDGE('',*,*,#983,.T.);
#1365=ORIENTED_EDGE('',*,*,#984,.T.);
#1366=ORIENTED_EDGE('',*,*,#985,.F.);
#1367=ORIENTED_EDGE('',*,*,#986,.F.);
#1368=ORIENTED_EDGE('',*,*,#987,.T.);
#1369=ORIENTED_EDGE('',*,*,#988,.T.);
#1370=ORIENTED_EDGE('',*,*,#983,.F.);
#1371=ORIENTED_EDGE('',*,*,#989,.F.);
#1372=ORIENTED_EDGE('',*,*,#990,.T.);
#1373=ORIENTED_EDGE('',*,*,#991,.T.);
#1374=ORIENTED_EDGE('',*,*,#987,.F.);
#1375=ORIENTED_EDGE('',*,*,#992,.F.);
#1376=ORIENTED_EDGE('',*,*,#993,.T.);
#1377=ORIENTED_EDGE('',*,*,#994,.T.);
#1378=ORIENTED_EDGE('',*,*,#990,.F.);
#1379=ORIENTED_EDGE('',*,*,#995,.F.);
#1380=ORIENTED_EDGE('',*,*,#996,.T.);
#1381=ORIENTED_EDGE('',*,*,#997,.T.);
#1382=ORIENTED_EDGE('',*,*,#993,.F.);
#1383=ORIENTED_EDGE('',*,*,#998,.F.);
#1384=ORIENTED_EDGE('',*,*,#999,.T.);
#1385=ORIENTED_EDGE('',*,*,#1000,.T.);
#1386=ORIENTED_EDGE('',*,*,#996,.F.);
#1387=ORIENTED_EDGE('',*,*,#1001,.F.);
#1388=ORIENTED_EDGE('',*,*,#1002,.T.);
#1389=ORIENTED_EDGE('',*,*,#1003,.T.);
#1390=ORIENTED_EDGE('',*,*,#999,.F.);
#1391=ORIENTED_EDGE('',*,*,#1004,.F.);
#1392=ORIENTED_EDGE('',*,*,#1005,.T.);
#1393=ORIENTED_EDGE('',*,*,#1006,.T.);
#1394=ORIENTED_EDGE('',*,*,#1002,.F.);
#1395=ORIENTED_EDGE('',*,*,#1007,.F.);
#1396=ORIENTED_EDGE('',*,*,#1008,.T.);
#1397=ORIENTED_EDGE('',*,*,#1009,.T.);
#1398=ORIENTED_EDGE('',*,*,#1005,.F.);
#1399=ORIENTED_EDGE('',*,*,#1010,.F.);
#1400=ORIENTED_EDGE('',*,*,#985,.T.);
#1401=ORIENTED_EDGE('',*,*,#1011,.T.);
#1402=ORIENTED_EDGE('',*,*,#1008,.F.);
#1403=ORIENTED_EDGE('',*,*,#1012,.F.);
#1404=ORIENTED_EDGE('',*,*,#1013,.T.);
#1405=ORIENTED_EDGE('',*,*,#1014,.T.);
#1406=ORIENTED_EDGE('',*,*,#1015,.F.);
#1407=ORIENTED_EDGE('',*,*,#1016,.F.);
#1408=ORIENTED_EDGE('',*,*,#1017,.T.);
#1409=ORIENTED_EDGE('',*,*,#1018,.T.);
#1410=ORIENTED_EDGE('',*,*,#1013,.F.);
#1411=ORIENTED_EDGE('',*,*,#1019,.F.);
#1412=ORIENTED_EDGE('',*,*,#1020,.T.);
#1413=ORIENTED_EDGE('',*,*,#1021,.T.);
#1414=ORIENTED_EDGE('',*,*,#1017,.F.);
#1415=ORIENTED_EDGE('',*,*,#1022,.F.);
#1416=ORIENTED_EDGE('',*,*,#1023,.T.);
#1417=ORIENTED_EDGE('',*,*,#1024,.T.);
#1418=ORIENTED_EDGE('',*,*,#1020,.F.);
#1419=ORIENTED_EDGE('',*,*,#1025,.F.);
#1420=ORIENTED_EDGE('',*,*,#1026,.T.);
#1421=ORIENTED_EDGE('',*,*,#1027,.T.);
#1422=ORIENTED_EDGE('',*,*,#1023,.F.);
#1423=ORIENTED_EDGE('',*,*,#1028,.F.);
#1424=ORIENTED_EDGE('',*,*,#1029,.T.);
#1425=ORIENTED_EDGE('',*,*,#1030,.T.);
#1426=ORIENTED_EDGE('',*,*,#1026,.F.);
#1427=ORIENTED_EDGE('',*,*,#1031,.F.);
#1428=ORIENTED_EDGE('',*,*,#1032,.T.);
#1429=ORIENTED_EDGE('',*,*,#1033,.T.);
#1430=ORIENTED_EDGE('',*,*,#1029,.F.);
#1431=ORIENTED_EDGE('',*,*,#1034,.F.);
#1432=ORIENTED_EDGE('',*,*,#1035,.T.);
#1433=ORIENTED_EDGE('',*,*,#1036,.T.);
#1434=ORIENTED_EDGE('',*,*,#1032,.F.);
#1435=ORIENTED_EDGE('',*,*,#1037,.F.);
#1436=ORIENTED_EDGE('',*,*,#1015,.T.);
#1437=ORIENTED_EDGE('',*,*,#1038,.T.);
#1438=ORIENTED_EDGE('',*,*,#1035,.F.);
#1439=ORIENTED_EDGE('',*,*,#1039,.F.);
#1440=ORIENTED_EDGE('',*,*,#1040,.T.);
#1441=ORIENTED_EDGE('',*,*,#1041,.T.);
#1442=ORIENTED_EDGE('',*,*,#1042,.F.);
#1443=ORIENTED_EDGE('',*,*,#1043,.F.);
#1444=ORIENTED_EDGE('',*,*,#1044,.T.);
#1445=ORIENTED_EDGE('',*,*,#1045,.T.);
#1446=ORIENTED_EDGE('',*,*,#1040,.F.);
#1447=ORIENTED_EDGE('',*,*,#1046,.F.);
#1448=ORIENTED_EDGE('',*,*,#1047,.T.);
#1449=ORIENTED_EDGE('',*,*,#1048,.T.);
#1450=ORIENTED_EDGE('',*,*,#1044,.F.);
#1451=ORIENTED_EDGE('',*,*,#1049,.F.);
#1452=ORIENTED_EDGE('',*,*,#1050,.T.);
#1453=ORIENTED_EDGE('',*,*,#1051,.T.);
#1454=ORIENTED_EDGE('',*,*,#1047,.F.);
#1455=ORIENTED_EDGE('',*,*,#1052,.F.);
#1456=ORIENTED_EDGE('',*,*,#1053,.T.);
#1457=ORIENTED_EDGE('',*,*,#1054,.T.);
#1458=ORIENTED_EDGE('',*,*,#1050,.F.);
#1459=ORIENTED_EDGE('',*,*,#1055,.F.);
#1460=ORIENTED_EDGE('',*,*,#1056,.T.);
#1461=ORIENTED_EDGE('',*,*,#1057,.T.);
#1462=ORIENTED_EDGE('',*,*,#1053,.F.);
#1463=ORIENTED_EDGE('',*,*,#1058,.F.);
#1464=ORIENTED_EDGE('',*,*,#1059,.T.);
#1465=ORIENTED_EDGE('',*,*,#1060,.T.);
#1466=ORIENTED_EDGE('',*,*,#1056,.F.);
#1467=ORIENTED_EDGE('',*,*,#1061,.F.);
#1468=ORIENTED_EDGE('',*,*,#1062,.T.);
#1469=ORIENTED_EDGE('',*,*,#1063,.T.);
#1470=ORIENTED_EDGE('',*,*,#1059,.F.);
#1471=ORIENTED_EDGE('',*,*,#1064,.F.);
#1472=ORIENTED_EDGE('',*,*,#1065,.T.);
#1473=ORIENTED_EDGE('',*,*,#1066,.T.);
#1474=ORIENTED_EDGE('',*,*,#1062,.F.);
#1475=ORIENTED_EDGE('',*,*,#1067,.F.);
#1476=ORIENTED_EDGE('',*,*,#1068,.T.);
#1477=ORIENTED_EDGE('',*,*,#1069,.T.);
#1478=ORIENTED_EDGE('',*,*,#1065,.F.);
#1479=ORIENTED_EDGE('',*,*,#1070,.F.);
#1480=ORIENTED_EDGE('',*,*,#1071,.T.);
#1481=ORIENTED_EDGE('',*,*,#1072,.T.);
#1482=ORIENTED_EDGE('',*,*,#1068,.F.);
#1483=ORIENTED_EDGE('',*,*,#1073,.F.);
#1484=ORIENTED_EDGE('',*,*,#1074,.T.);
#1485=ORIENTED_EDGE('',*,*,#1075,.T.);
#1486=ORIENTED_EDGE('',*,*,#1071,.F.);
#1487=ORIENTED_EDGE('',*,*,#1076,.F.);
#1488=ORIENTED_EDGE('',*,*,#1077,.T.);
#1489=ORIENTED_EDGE('',*,*,#1078,.T.);
#1490=ORIENTED_EDGE('',*,*,#1074,.F.);
#1491=ORIENTED_EDGE('',*,*,#1079,.F.);
#1492=ORIENTED_EDGE('',*,*,#1042,.T.);
#1493=ORIENTED_EDGE('',*,*,#1080,.T.);
#1494=ORIENTED_EDGE('',*,*,#1077,.F.);
#1495=ORIENTED_EDGE('',*,*,#1080,.F.);
#1496=ORIENTED_EDGE('',*,*,#1041,.F.);
#1497=ORIENTED_EDGE('',*,*,#1045,.F.);
#1498=ORIENTED_EDGE('',*,*,#1048,.F.);
#1499=ORIENTED_EDGE('',*,*,#1051,.F.);
#1500=ORIENTED_EDGE('',*,*,#1054,.F.);
#1501=ORIENTED_EDGE('',*,*,#1057,.F.);
#1502=ORIENTED_EDGE('',*,*,#1060,.F.);
#1503=ORIENTED_EDGE('',*,*,#1063,.F.);
#1504=ORIENTED_EDGE('',*,*,#1066,.F.);
#1505=ORIENTED_EDGE('',*,*,#1069,.F.);
#1506=ORIENTED_EDGE('',*,*,#1072,.F.);
#1507=ORIENTED_EDGE('',*,*,#1075,.F.);
#1508=ORIENTED_EDGE('',*,*,#1078,.F.);
#1509=ORIENTED_EDGE('',*,*,#1038,.F.);
#1510=ORIENTED_EDGE('',*,*,#1014,.F.);
#1511=ORIENTED_EDGE('',*,*,#1018,.F.);
#1512=ORIENTED_EDGE('',*,*,#1021,.F.);
#1513=ORIENTED_EDGE('',*,*,#1024,.F.);
#1514=ORIENTED_EDGE('',*,*,#1027,.F.);
#1515=ORIENTED_EDGE('',*,*,#1030,.F.);
#1516=ORIENTED_EDGE('',*,*,#1033,.F.);
#1517=ORIENTED_EDGE('',*,*,#1036,.F.);
#1518=ORIENTED_EDGE('',*,*,#1011,.F.);
#1519=ORIENTED_EDGE('',*,*,#984,.F.);
#1520=ORIENTED_EDGE('',*,*,#988,.F.);
#1521=ORIENTED_EDGE('',*,*,#991,.F.);
#1522=ORIENTED_EDGE('',*,*,#994,.F.);
#1523=ORIENTED_EDGE('',*,*,#997,.F.);
#1524=ORIENTED_EDGE('',*,*,#1000,.F.);
#1525=ORIENTED_EDGE('',*,*,#1003,.F.);
#1526=ORIENTED_EDGE('',*,*,#1006,.F.);
#1527=ORIENTED_EDGE('',*,*,#1009,.F.);
#1528=ORIENTED_EDGE('',*,*,#1081,.F.);
#1529=ORIENTED_EDGE('',*,*,#1082,.F.);
#1530=ORIENTED_EDGE('',*,*,#1083,.F.);
#1531=ORIENTED_EDGE('',*,*,#1084,.F.);
#1532=ORIENTED_EDGE('',*,*,#1085,.F.);
#1533=ORIENTED_EDGE('',*,*,#1086,.F.);
#1534=ORIENTED_EDGE('',*,*,#1087,.F.);
#1535=ORIENTED_EDGE('',*,*,#1088,.F.);
#1536=ORIENTED_EDGE('',*,*,#1039,.T.);
#1537=ORIENTED_EDGE('',*,*,#1079,.T.);
#1538=ORIENTED_EDGE('',*,*,#1076,.T.);
#1539=ORIENTED_EDGE('',*,*,#1073,.T.);
#1540=ORIENTED_EDGE('',*,*,#1070,.T.);
#1541=ORIENTED_EDGE('',*,*,#1067,.T.);
#1542=ORIENTED_EDGE('',*,*,#1064,.T.);
#1543=ORIENTED_EDGE('',*,*,#1061,.T.);
#1544=ORIENTED_EDGE('',*,*,#1058,.T.);
#1545=ORIENTED_EDGE('',*,*,#1055,.T.);
#1546=ORIENTED_EDGE('',*,*,#1052,.T.);
#1547=ORIENTED_EDGE('',*,*,#1049,.T.);
#1548=ORIENTED_EDGE('',*,*,#1046,.T.);
#1549=ORIENTED_EDGE('',*,*,#1043,.T.);
#1550=ORIENTED_EDGE('',*,*,#1012,.T.);
#1551=ORIENTED_EDGE('',*,*,#1037,.T.);
#1552=ORIENTED_EDGE('',*,*,#1034,.T.);
#1553=ORIENTED_EDGE('',*,*,#1031,.T.);
#1554=ORIENTED_EDGE('',*,*,#1028,.T.);
#1555=ORIENTED_EDGE('',*,*,#1025,.T.);
#1556=ORIENTED_EDGE('',*,*,#1022,.T.);
#1557=ORIENTED_EDGE('',*,*,#1019,.T.);
#1558=ORIENTED_EDGE('',*,*,#1016,.T.);
#1559=ORIENTED_EDGE('',*,*,#1089,.T.);
#1560=ORIENTED_EDGE('',*,*,#1090,.T.);
#1561=ORIENTED_EDGE('',*,*,#1091,.T.);
#1562=ORIENTED_EDGE('',*,*,#1081,.T.);
#1563=ORIENTED_EDGE('',*,*,#1092,.T.);
#1564=ORIENTED_EDGE('',*,*,#1082,.T.);
#1565=ORIENTED_EDGE('',*,*,#1091,.F.);
#1566=ORIENTED_EDGE('',*,*,#1093,.T.);
#1567=ORIENTED_EDGE('',*,*,#1094,.T.);
#1568=ORIENTED_EDGE('',*,*,#1083,.T.);
#1569=ORIENTED_EDGE('',*,*,#1092,.F.);
#1570=ORIENTED_EDGE('',*,*,#1095,.T.);
#1571=ORIENTED_EDGE('',*,*,#1096,.T.);
#1572=ORIENTED_EDGE('',*,*,#1084,.T.);
#1573=ORIENTED_EDGE('',*,*,#1094,.F.);
#1574=ORIENTED_EDGE('',*,*,#1097,.T.);
#1575=ORIENTED_EDGE('',*,*,#1098,.T.);
#1576=ORIENTED_EDGE('',*,*,#1085,.T.);
#1577=ORIENTED_EDGE('',*,*,#1096,.F.);
#1578=ORIENTED_EDGE('',*,*,#1099,.T.);
#1579=ORIENTED_EDGE('',*,*,#1100,.T.);
#1580=ORIENTED_EDGE('',*,*,#1086,.T.);
#1581=ORIENTED_EDGE('',*,*,#1098,.F.);
#1582=ORIENTED_EDGE('',*,*,#1101,.T.);
#1583=ORIENTED_EDGE('',*,*,#1102,.T.);
#1584=ORIENTED_EDGE('',*,*,#1087,.T.);
#1585=ORIENTED_EDGE('',*,*,#1100,.F.);
#1586=ORIENTED_EDGE('',*,*,#1103,.T.);
#1587=ORIENTED_EDGE('',*,*,#1089,.F.);
#1588=ORIENTED_EDGE('',*,*,#1088,.T.);
#1589=ORIENTED_EDGE('',*,*,#1102,.F.);
#1590=ORIENTED_EDGE('',*,*,#1104,.T.);
#1591=ORIENTED_EDGE('',*,*,#1097,.F.);
#1592=ORIENTED_EDGE('',*,*,#1105,.T.);
#1593=ORIENTED_EDGE('',*,*,#1106,.F.);
#1594=ORIENTED_EDGE('',*,*,#1107,.T.);
#1595=ORIENTED_EDGE('',*,*,#1095,.F.);
#1596=ORIENTED_EDGE('',*,*,#1108,.F.);
#1597=ORIENTED_EDGE('',*,*,#1109,.F.);
#1598=ORIENTED_EDGE('',*,*,#1105,.F.);
#1599=ORIENTED_EDGE('',*,*,#1093,.F.);
#1600=ORIENTED_EDGE('',*,*,#1110,.F.);
#1601=ORIENTED_EDGE('',*,*,#1111,.F.);
#1602=ORIENTED_EDGE('',*,*,#1108,.T.);
#1603=ORIENTED_EDGE('',*,*,#1090,.F.);
#1604=ORIENTED_EDGE('',*,*,#1112,.F.);
#1605=ORIENTED_EDGE('',*,*,#1113,.F.);
#1606=ORIENTED_EDGE('',*,*,#1110,.T.);
#1607=ORIENTED_EDGE('',*,*,#982,.T.);
#1608=ORIENTED_EDGE('',*,*,#1010,.T.);
#1609=ORIENTED_EDGE('',*,*,#1007,.T.);
#1610=ORIENTED_EDGE('',*,*,#1004,.T.);
#1611=ORIENTED_EDGE('',*,*,#1001,.T.);
#1612=ORIENTED_EDGE('',*,*,#998,.T.);
#1613=ORIENTED_EDGE('',*,*,#995,.T.);
#1614=ORIENTED_EDGE('',*,*,#992,.T.);
#1615=ORIENTED_EDGE('',*,*,#989,.T.);
#1616=ORIENTED_EDGE('',*,*,#986,.T.);
#1617=ORIENTED_EDGE('',*,*,#1106,.T.);
#1618=ORIENTED_EDGE('',*,*,#1109,.T.);
#1619=ORIENTED_EDGE('',*,*,#1111,.T.);
#1620=ORIENTED_EDGE('',*,*,#1113,.T.);
#1621=ORIENTED_EDGE('',*,*,#1114,.T.);
#1622=ORIENTED_EDGE('',*,*,#1115,.T.);
#1623=ORIENTED_EDGE('',*,*,#1116,.T.);
#1624=ORIENTED_EDGE('',*,*,#1117,.T.);
#1625=ORIENTED_EDGE('',*,*,#1104,.F.);
#1626=ORIENTED_EDGE('',*,*,#1118,.F.);
#1627=ORIENTED_EDGE('',*,*,#1114,.F.);
#1628=ORIENTED_EDGE('',*,*,#1112,.T.);
#1629=ORIENTED_EDGE('',*,*,#1103,.F.);
#1630=ORIENTED_EDGE('',*,*,#1119,.F.);
#1631=ORIENTED_EDGE('',*,*,#1115,.F.);
#1632=ORIENTED_EDGE('',*,*,#1118,.T.);
#1633=ORIENTED_EDGE('',*,*,#1101,.F.);
#1634=ORIENTED_EDGE('',*,*,#1120,.F.);
#1635=ORIENTED_EDGE('',*,*,#1116,.F.);
#1636=ORIENTED_EDGE('',*,*,#1119,.T.);
#1637=ORIENTED_EDGE('',*,*,#1099,.F.);
#1638=ORIENTED_EDGE('',*,*,#1107,.F.);
#1639=ORIENTED_EDGE('',*,*,#1117,.F.);
#1640=ORIENTED_EDGE('',*,*,#1120,.T.);
#1641=PLANE('',#1794);
#1642=PLANE('',#1795);
#1643=PLANE('',#1796);
#1644=PLANE('',#1797);
#1645=PLANE('',#1798);
#1646=PLANE('',#1799);
#1647=PLANE('',#1800);
#1648=PLANE('',#1801);
#1649=PLANE('',#1802);
#1650=PLANE('',#1803);
#1651=PLANE('',#1804);
#1652=PLANE('',#1805);
#1653=PLANE('',#1806);
#1654=PLANE('',#1829);
#1655=PLANE('',#1832);
#1656=PLANE('',#1833);
#1657=PLANE('',#1834);
#1658=PLANE('',#1838);
#1659=PLANE('',#1840);
#1660=PLANE('',#1841);
#1661=PLANE('',#1842);
#1662=PLANE('',#1843);
#1663=PLANE('',#1844);
#1664=PLANE('',#1845);
#1665=PLANE('',#1846);
#1666=PLANE('',#1847);
#1667=PLANE('',#1848);
#1668=PLANE('',#1849);
#1669=PLANE('',#1850);
#1670=PLANE('',#1851);
#1671=PLANE('',#1856);
#1672=PLANE('',#1875);
#1673=PLANE('',#1878);
#1674=PLANE('',#1879);
#1675=PLANE('',#1880);
#1676=PLANE('',#1884);
#1677=PLANE('',#1886);
#1678=ADVANCED_FACE('',(#206),#1641,.F.);
#1679=ADVANCED_FACE('',(#207),#166,.F.);
#1680=ADVANCED_FACE('',(#208),#167,.F.);
#1681=ADVANCED_FACE('',(#209),#168,.F.);
#1682=ADVANCED_FACE('',(#210),#169,.F.);
#1683=ADVANCED_FACE('',(#211),#170,.F.);
#1684=ADVANCED_FACE('',(#212),#1642,.F.);
#1685=ADVANCED_FACE('',(#213),#1643,.F.);
#1686=ADVANCED_FACE('',(#214),#1644,.F.);
#1687=ADVANCED_FACE('',(#215),#1645,.F.);
#1688=ADVANCED_FACE('',(#216),#171,.F.);
#1689=ADVANCED_FACE('',(#217),#172,.F.);
#1690=ADVANCED_FACE('',(#218),#173,.F.);
#1691=ADVANCED_FACE('',(#219),#174,.F.);
#1692=ADVANCED_FACE('',(#220),#1646,.F.);
#1693=ADVANCED_FACE('',(#221),#1647,.F.);
#1694=ADVANCED_FACE('',(#222),#1648,.F.);
#1695=ADVANCED_FACE('',(#223),#175,.F.);
#1696=ADVANCED_FACE('',(#224),#176,.F.);
#1697=ADVANCED_FACE('',(#225),#177,.F.);
#1698=ADVANCED_FACE('',(#226),#178,.F.);
#1699=ADVANCED_FACE('',(#227),#179,.F.);
#1700=ADVANCED_FACE('',(#228),#180,.F.);
#1701=ADVANCED_FACE('',(#229),#181,.F.);
#1702=ADVANCED_FACE('',(#230),#1649,.F.);
#1703=ADVANCED_FACE('',(#231),#1650,.F.);
#1704=ADVANCED_FACE('',(#232),#1651,.F.);
#1705=ADVANCED_FACE('',(#233,#81),#1652,.T.);
#1706=ADVANCED_FACE('',(#234,#82),#1653,.T.);
#1707=ADVANCED_FACE('',(#235),#25,.T.);
#1708=ADVANCED_FACE('',(#236),#17,.F.);
#1709=ADVANCED_FACE('',(#237),#26,.T.);
#1710=ADVANCED_FACE('',(#238),#18,.F.);
#1711=ADVANCED_FACE('',(#239),#27,.T.);
#1712=ADVANCED_FACE('',(#240),#19,.F.);
#1713=ADVANCED_FACE('',(#241),#28,.T.);
#1714=ADVANCED_FACE('',(#242),#20,.F.);
#1715=ADVANCED_FACE('',(#243),#29,.T.);
#1716=ADVANCED_FACE('',(#244),#1654,.T.);
#1717=ADVANCED_FACE('',(#245),#30,.T.);
#1718=ADVANCED_FACE('',(#246),#1655,.T.);
#1719=ADVANCED_FACE('',(#247),#1656,.T.);
#1720=ADVANCED_FACE('',(#248),#1657,.F.);
#1721=ADVANCED_FACE('',(#249),#31,.T.);
#1722=ADVANCED_FACE('',(#250),#1658,.T.);
#1723=ADVANCED_FACE('',(#251),#32,.T.);
#1724=ADVANCED_FACE('',(#252),#1659,.T.);
#1725=ADVANCED_FACE('',(#253),#1660,.F.);
#1726=ADVANCED_FACE('',(#254),#182,.F.);
#1727=ADVANCED_FACE('',(#255),#183,.F.);
#1728=ADVANCED_FACE('',(#256),#184,.F.);
#1729=ADVANCED_FACE('',(#257),#185,.F.);
#1730=ADVANCED_FACE('',(#258),#186,.F.);
#1731=ADVANCED_FACE('',(#259),#187,.F.);
#1732=ADVANCED_FACE('',(#260),#188,.F.);
#1733=ADVANCED_FACE('',(#261),#1661,.F.);
#1734=ADVANCED_FACE('',(#262),#1662,.F.);
#1735=ADVANCED_FACE('',(#263),#1663,.F.);
#1736=ADVANCED_FACE('',(#264),#189,.F.);
#1737=ADVANCED_FACE('',(#265),#190,.F.);
#1738=ADVANCED_FACE('',(#266),#191,.F.);
#1739=ADVANCED_FACE('',(#267),#192,.F.);
#1740=ADVANCED_FACE('',(#268),#193,.F.);
#1741=ADVANCED_FACE('',(#269),#194,.F.);
#1742=ADVANCED_FACE('',(#270),#1664,.F.);
#1743=ADVANCED_FACE('',(#271),#1665,.F.);
#1744=ADVANCED_FACE('',(#272),#195,.F.);
#1745=ADVANCED_FACE('',(#273),#196,.F.);
#1746=ADVANCED_FACE('',(#274),#197,.F.);
#1747=ADVANCED_FACE('',(#275),#198,.F.);
#1748=ADVANCED_FACE('',(#276),#199,.F.);
#1749=ADVANCED_FACE('',(#277),#200,.F.);
#1750=ADVANCED_FACE('',(#278),#201,.F.);
#1751=ADVANCED_FACE('',(#279),#202,.F.);
#1752=ADVANCED_FACE('',(#280),#203,.F.);
#1753=ADVANCED_FACE('',(#281),#204,.F.);
#1754=ADVANCED_FACE('',(#282),#205,.F.);
#1755=ADVANCED_FACE('',(#283),#1666,.F.);
#1756=ADVANCED_FACE('',(#284),#1667,.F.);
#1757=ADVANCED_FACE('',(#285),#1668,.F.);
#1758=ADVANCED_FACE('',(#286,#83,#84),#1669,.T.);
#1759=ADVANCED_FACE('',(#287,#85),#1670,.T.);
#1760=ADVANCED_FACE('',(#288),#1671,.T.);
#1761=ADVANCED_FACE('',(#289),#33,.T.);
#1762=ADVANCED_FACE('',(#290),#21,.F.);
#1763=ADVANCED_FACE('',(#291),#34,.T.);
#1764=ADVANCED_FACE('',(#292),#22,.F.);
#1765=ADVANCED_FACE('',(#293),#35,.T.);
#1766=ADVANCED_FACE('',(#294),#23,.F.);
#1767=ADVANCED_FACE('',(#295),#36,.T.);
#1768=ADVANCED_FACE('',(#296),#24,.F.);
#1769=ADVANCED_FACE('',(#297),#37,.T.);
#1770=ADVANCED_FACE('',(#298),#1672,.T.);
#1771=ADVANCED_FACE('',(#299),#38,.T.);
#1772=ADVANCED_FACE('',(#300),#1673,.T.);
#1773=ADVANCED_FACE('',(#301),#1674,.T.);
#1774=ADVANCED_FACE('',(#302),#1675,.F.);
#1775=ADVANCED_FACE('',(#303),#39,.T.);
#1776=ADVANCED_FACE('',(#304),#1676,.T.);
#1777=ADVANCED_FACE('',(#305),#40,.T.);
#1778=ADVANCED_FACE('',(#306),#1677,.T.);
#1779=CLOSED_SHELL('',(#1678,#1679,#1680,#1681,#1682,#1683,#1684,#1685,
#1686,#1687,#1688,#1689,#1690,#1691,#1692,#1693,#1694,#1695,#1696,#1697,
#1698,#1699,#1700,#1701,#1702,#1703,#1704,#1705,#1706,#1707,#1708,#1709,
#1710,#1711,#1712,#1713,#1714,#1715,#1716,#1717,#1718,#1719,#1720,#1721,
#1722,#1723,#1724));
#1780=CLOSED_SHELL('',(#1725,#1726,#1727,#1728,#1729,#1730,#1731,#1732,
#1733,#1734,#1735,#1736,#1737,#1738,#1739,#1740,#1741,#1742,#1743,#1744,
#1745,#1746,#1747,#1748,#1749,#1750,#1751,#1752,#1753,#1754,#1755,#1756,
#1757,#1758,#1759,#1760,#1761,#1762,#1763,#1764,#1765,#1766,#1767,#1768,
#1769,#1770,#1771,#1772,#1773,#1774,#1775,#1776,#1777,#1778));
#1781=DERIVED_UNIT_ELEMENT(#1783,1.);
#1782=DERIVED_UNIT_ELEMENT(#3494,-3.);
#1783=(
MASS_UNIT()
NAMED_UNIT(*)
SI_UNIT(.KILO.,.GRAM.)
);
#1784=DERIVED_UNIT((#1781,#1782));
#1785=MEASURE_REPRESENTATION_ITEM('density measure',
POSITIVE_RATIO_MEASURE(7850.),#1784);
#1786=PROPERTY_DEFINITION_REPRESENTATION(#1791,#1788);
#1787=PROPERTY_DEFINITION_REPRESENTATION(#1792,#1789);
#1788=REPRESENTATION('material name',(#1790),#3491);
#1789=REPRESENTATION('density',(#1785),#3491);
#1790=DESCRIPTIVE_REPRESENTATION_ITEM('Steel','Steel');
#1791=PROPERTY_DEFINITION('material property','material name',#3501);
#1792=PROPERTY_DEFINITION('material property','density of part',#3501);
#1793=AXIS2_PLACEMENT_3D('',#2215,#1887,#1888);
#1794=AXIS2_PLACEMENT_3D('',#2216,#1889,#1890);
#1795=AXIS2_PLACEMENT_3D('',#2340,#1900,#1901);
#1796=AXIS2_PLACEMENT_3D('',#2346,#1905,#1906);
#1797=AXIS2_PLACEMENT_3D('',#2349,#1909,#1910);
#1798=AXIS2_PLACEMENT_3D('',#2358,#1915,#1916);
#1799=AXIS2_PLACEMENT_3D('',#2456,#1924,#1925);
#1800=AXIS2_PLACEMENT_3D('',#2462,#1929,#1930);
#1801=AXIS2_PLACEMENT_3D('',#2468,#1934,#1935);
#1802=AXIS2_PLACEMENT_3D('',#2635,#1946,#1947);
#1803=AXIS2_PLACEMENT_3D('',#2641,#1951,#1952);
#1804=AXIS2_PLACEMENT_3D('',#2647,#1956,#1957);
#1805=AXIS2_PLACEMENT_3D('',#2650,#1960,#1961);
#1806=AXIS2_PLACEMENT_3D('',#2651,#1962,#1963);
#1807=AXIS2_PLACEMENT_3D('',#2656,#1965,#1966);
#1808=AXIS2_PLACEMENT_3D('',#2660,#1968,#1969);
#1809=AXIS2_PLACEMENT_3D('',#2664,#1971,#1972);
#1810=AXIS2_PLACEMENT_3D('',#2667,#1974,#1975);
#1811=AXIS2_PLACEMENT_3D('',#2668,#1976,#1977);
#1812=AXIS2_PLACEMENT_3D('',#2670,#1978,#1979);
#1813=AXIS2_PLACEMENT_3D('',#2673,#1981,#1982);
#1814=AXIS2_PLACEMENT_3D('',#2684,#1983,#1984);
#1815=AXIS2_PLACEMENT_3D('',#2685,#1985,#1986);
#1816=AXIS2_PLACEMENT_3D('',#2686,#1987,#1988);
#1817=AXIS2_PLACEMENT_3D('',#2688,#1989,#1990);
#1818=AXIS2_PLACEMENT_3D('',#2700,#1992,#1993);
#1819=AXIS2_PLACEMENT_3D('',#2701,#1994,#1995);
#1820=AXIS2_PLACEMENT_3D('',#2702,#1996,#1997);
#1821=AXIS2_PLACEMENT_3D('',#2704,#1998,#1999);
#1822=AXIS2_PLACEMENT_3D('',#2716,#2001,#2002);
#1823=AXIS2_PLACEMENT_3D('',#2717,#2003,#2004);
#1824=AXIS2_PLACEMENT_3D('',#2718,#2005,#2006);
#1825=AXIS2_PLACEMENT_3D('',#2720,#2007,#2008);
#1826=AXIS2_PLACEMENT_3D('',#2731,#2010,#2011);
#1827=AXIS2_PLACEMENT_3D('',#2732,#2012,#2013);
#1828=AXIS2_PLACEMENT_3D('',#2736,#2015,#2016);
#1829=AXIS2_PLACEMENT_3D('',#2738,#2018,#2019);
#1830=AXIS2_PLACEMENT_3D('',#2742,#2022,#2023);
#1831=AXIS2_PLACEMENT_3D('',#2745,#2025,#2026);
#1832=AXIS2_PLACEMENT_3D('',#2746,#2027,#2028);
#1833=AXIS2_PLACEMENT_3D('',#2750,#2031,#2032);
#1834=AXIS2_PLACEMENT_3D('',#2751,#2033,#2034);
#1835=AXIS2_PLACEMENT_3D('',#2753,#2035,#2036);
#1836=AXIS2_PLACEMENT_3D('',#2757,#2038,#2039);
#1837=AXIS2_PLACEMENT_3D('',#2759,#2041,#2042);
#1838=AXIS2_PLACEMENT_3D('',#2761,#2044,#2045);
#1839=AXIS2_PLACEMENT_3D('',#2763,#2047,#2048);
#1840=AXIS2_PLACEMENT_3D('',#2765,#2050,#2051);
#1841=AXIS2_PLACEMENT_3D('',#2766,#2052,#2053);
#1842=AXIS2_PLACEMENT_3D('',#2936,#2065,#2066);
#1843=AXIS2_PLACEMENT_3D('',#2942,#2070,#2071);
#1844=AXIS2_PLACEMENT_3D('',#2945,#2074,#2075);
#1845=AXIS2_PLACEMENT_3D('',#3092,#2086,#2087);
#1846=AXIS2_PLACEMENT_3D('',#3098,#2091,#2092);
#1847=AXIS2_PLACEMENT_3D('',#3357,#2107,#2108);
#1848=AXIS2_PLACEMENT_3D('',#3363,#2112,#2113);
#1849=AXIS2_PLACEMENT_3D('',#3369,#2117,#2118);
#1850=AXIS2_PLACEMENT_3D('',#3372,#2121,#2122);
#1851=AXIS2_PLACEMENT_3D('',#3373,#2123,#2124);
#1852=AXIS2_PLACEMENT_3D('',#3378,#2126,#2127);
#1853=AXIS2_PLACEMENT_3D('',#3382,#2129,#2130);
#1854=AXIS2_PLACEMENT_3D('',#3386,#2132,#2133);
#1855=AXIS2_PLACEMENT_3D('',#3389,#2135,#2136);
#1856=AXIS2_PLACEMENT_3D('',#3390,#2137,#2138);
#1857=AXIS2_PLACEMENT_3D('',#3391,#2139,#2140);
#1858=AXIS2_PLACEMENT_3D('',#3393,#2141,#2142);
#1859=AXIS2_PLACEMENT_3D('',#3396,#2144,#2145);
#1860=AXIS2_PLACEMENT_3D('',#3407,#2146,#2147);
#1861=AXIS2_PLACEMENT_3D('',#3408,#2148,#2149);
#1862=AXIS2_PLACEMENT_3D('',#3409,#2150,#2151);
#1863=AXIS2_PLACEMENT_3D('',#3411,#2152,#2153);
#1864=AXIS2_PLACEMENT_3D('',#3423,#2155,#2156);
#1865=AXIS2_PLACEMENT_3D('',#3424,#2157,#2158);
#1866=AXIS2_PLACEMENT_3D('',#3425,#2159,#2160);
#1867=AXIS2_PLACEMENT_3D('',#3427,#2161,#2162);
#1868=AXIS2_PLACEMENT_3D('',#3439,#2164,#2165);
#1869=AXIS2_PLACEMENT_3D('',#3440,#2166,#2167);
#1870=AXIS2_PLACEMENT_3D('',#3441,#2168,#2169);
#1871=AXIS2_PLACEMENT_3D('',#3443,#2170,#2171);
#1872=AXIS2_PLACEMENT_3D('',#3454,#2173,#2174);
#1873=AXIS2_PLACEMENT_3D('',#3455,#2175,#2176);
#1874=AXIS2_PLACEMENT_3D('',#3459,#2178,#2179);
#1875=AXIS2_PLACEMENT_3D('',#3461,#2181,#2182);
#1876=AXIS2_PLACEMENT_3D('',#3465,#2185,#2186);
#1877=AXIS2_PLACEMENT_3D('',#3468,#2188,#2189);
#1878=AXIS2_PLACEMENT_3D('',#3469,#2190,#2191);
#1879=AXIS2_PLACEMENT_3D('',#3473,#2194,#2195);
#1880=AXIS2_PLACEMENT_3D('',#3474,#2196,#2197);
#1881=AXIS2_PLACEMENT_3D('',#3476,#2198,#2199);
#1882=AXIS2_PLACEMENT_3D('',#3480,#2201,#2202);
#1883=AXIS2_PLACEMENT_3D('',#3482,#2204,#2205);
#1884=AXIS2_PLACEMENT_3D('',#3484,#2207,#2208);
#1885=AXIS2_PLACEMENT_3D('',#3486,#2210,#2211);
#1886=AXIS2_PLACEMENT_3D('',#3488,#2213,#2214);
#1887=DIRECTION('axis',(0.,0.,1.));
#1888=DIRECTION('refdir',(1.,0.,0.));
#1889=DIRECTION('center_axis',(0.,0.,1.));
#1890=DIRECTION('ref_axis',(-1.,0.,0.));
#1891=DIRECTION('',(-1.,0.,0.));
#1892=DIRECTION('',(0.,-1.,0.));
#1893=DIRECTION('',(-1.,0.,0.));
#1894=DIRECTION('',(0.,-1.,0.));
#1895=DIRECTION('',(0.,-1.,0.));
#1896=DIRECTION('',(0.,-1.,0.));
#1897=DIRECTION('',(0.,-1.,0.));
#1898=DIRECTION('',(0.,-1.,0.));
#1899=DIRECTION('',(0.,-1.,0.));
#1900=DIRECTION('center_axis',(0.,0.,-1.));
#1901=DIRECTION('ref_axis',(1.,0.,0.));
#1902=DIRECTION('',(1.,0.,0.));
#1903=DIRECTION('',(0.,-1.,0.));
#1904=DIRECTION('',(1.,0.,0.));
#1905=DIRECTION('center_axis',(1.,0.,0.));
#1906=DIRECTION('ref_axis',(0.,0.,1.));
#1907=DIRECTION('',(0.,0.,1.));
#1908=DIRECTION('',(0.,0.,1.));
#1909=DIRECTION('center_axis',(1.,0.,0.));
#1910=DIRECTION('ref_axis',(0.,0.,1.));
#1911=DIRECTION('',(0.,0.,1.));
#1912=DIRECTION('',(0.,-1.,0.));
#1913=DIRECTION('',(0.,0.,1.));
#1914=DIRECTION('',(0.,-1.,0.));
#1915=DIRECTION('center_axis',(0.,0.,1.));
#1916=DIRECTION('ref_axis',(-1.,0.,0.));
#1917=DIRECTION('',(-1.,0.,0.));
#1918=DIRECTION('',(0.,-1.,0.));
#1919=DIRECTION('',(-1.,0.,0.));
#1920=DIRECTION('',(0.,-1.,0.));
#1921=DIRECTION('',(0.,-1.,0.));
#1922=DIRECTION('',(0.,-1.,0.));
#1923=DIRECTION('',(0.,-1.,0.));
#1924=DIRECTION('center_axis',(-0.843775456662944,0.,0.5366963561766));
#1925=DIRECTION('ref_axis',(-0.5366963561766,0.,-0.843775456662944));
#1926=DIRECTION('',(-0.5366963561766,0.,-0.843775456662944));
#1927=DIRECTION('',(0.,-1.,0.));
#1928=DIRECTION('',(-0.5366963561766,0.,-0.843775456662944));
#1929=DIRECTION('center_axis',(0.,0.,1.));
#1930=DIRECTION('ref_axis',(-1.,0.,0.));
#1931=DIRECTION('',(-1.,0.,0.));
#1932=DIRECTION('',(0.,-1.,0.));
#1933=DIRECTION('',(-1.,0.,0.));
#1934=DIRECTION('center_axis',(0.842616385384574,0.,-0.538514277509367));
#1935=DIRECTION('ref_axis',(0.538514277509367,0.,0.842616385384574));
#1936=DIRECTION('',(0.538514277509367,0.,0.842616385384574));
#1937=DIRECTION('',(0.,-1.,0.));
#1938=DIRECTION('',(0.538514277509367,0.,0.842616385384574));
#1939=DIRECTION('',(0.,-1.,0.));
#1940=DIRECTION('',(0.,-1.,0.));
#1941=DIRECTION('',(0.,-1.,0.));
#1942=DIRECTION('',(0.,-1.,0.));
#1943=DIRECTION('',(0.,-1.,0.));
#1944=DIRECTION('',(0.,-1.,0.));
#1945=DIRECTION('',(0.,-1.,0.));
#1946=DIRECTION('center_axis',(0.,0.,-1.));
#1947=DIRECTION('ref_axis',(1.,0.,0.));
#1948=DIRECTION('',(1.,0.,0.));
#1949=DIRECTION('',(0.,-1.,0.));
#1950=DIRECTION('',(1.,0.,0.));
#1951=DIRECTION('center_axis',(-1.,0.,0.));
#1952=DIRECTION('ref_axis',(0.,0.,-1.));
#1953=DIRECTION('',(0.,0.,-1.));
#1954=DIRECTION('',(0.,-1.,0.));
#1955=DIRECTION('',(0.,0.,-1.));
#1956=DIRECTION('center_axis',(0.,0.,1.));
#1957=DIRECTION('ref_axis',(-1.,0.,0.));
#1958=DIRECTION('',(-1.,0.,0.));
#1959=DIRECTION('',(-1.,0.,0.));
#1960=DIRECTION('center_axis',(0.,1.,0.));
#1961=DIRECTION('ref_axis',(-1.,0.,0.));
#1962=DIRECTION('center_axis',(0.,1.,0.));
#1963=DIRECTION('ref_axis',(-1.,0.,0.));
#1964=DIRECTION('',(1.11022302462516E-15,0.,1.));
#1965=DIRECTION('center_axis',(0.,-1.,0.));
#1966=DIRECTION('ref_axis',(0.707106781186548,0.,-0.707106781186548));
#1967=DIRECTION('',(1.,0.,-3.70074341541719E-16));
#1968=DIRECTION('center_axis',(0.,-1.,0.));
#1969=DIRECTION('ref_axis',(-0.707106781186548,0.,-0.707106781186548));
#1970=DIRECTION('',(0.,0.,-1.));
#1971=DIRECTION('center_axis',(0.,-1.,0.));
#1972=DIRECTION('ref_axis',(-0.707106781186547,0.,0.707106781186547));
#1973=DIRECTION('',(-1.,0.,0.));
#1974=DIRECTION('center_axis',(0.,-1.,0.));
#1975=DIRECTION('ref_axis',(0.707106781186548,0.,0.707106781186547));
#1976=DIRECTION('center_axis',(-1.11022302462516E-15,0.,-1.));
#1977=DIRECTION('ref_axis',(0.707106781186546,0.707106781186549,0.));
#1978=DIRECTION('center_axis',(0.,0.,-1.));
#1979=DIRECTION('ref_axis',(0.,1.,0.));
#1980=DIRECTION('',(-1.11022302462516E-15,0.,-1.));
#1981=DIRECTION('center_axis',(2.22044604925031E-15,0.,1.));
#1982=DIRECTION('ref_axis',(1.,0.,-2.22044604925031E-15));
#1983=DIRECTION('center_axis',(1.,0.,0.));
#1984=DIRECTION('ref_axis',(0.,0.,-1.));
#1985=DIRECTION('center_axis',(0.,1.,0.));
#1986=DIRECTION('ref_axis',(0.707106781186548,0.,-0.707106781186548));
#1987=DIRECTION('center_axis',(-1.,0.,3.70074341541719E-16));
#1988=DIRECTION('ref_axis',(0.,0.707106781186549,-0.707106781186546));
#1989=DIRECTION('center_axis',(1.,0.,0.));
#1990=DIRECTION('ref_axis',(0.,0.,-1.));
#1991=DIRECTION('',(-1.,0.,3.70074341541719E-16));
#1992=DIRECTION('center_axis',(0.,0.,-1.));
#1993=DIRECTION('ref_axis',(-1.,0.,0.));
#1994=DIRECTION('center_axis',(0.,1.,0.));
#1995=DIRECTION('ref_axis',(-0.707106781186548,0.,-0.707106781186548));
#1996=DIRECTION('center_axis',(0.,0.,1.));
#1997=DIRECTION('ref_axis',(-0.707106781186545,0.70710678118655,0.));
#1998=DIRECTION('center_axis',(0.,0.,-1.));
#1999=DIRECTION('ref_axis',(-1.,0.,0.));
#2000=DIRECTION('',(0.,0.,1.));
#2001=DIRECTION('center_axis',(-1.,0.,1.11022302462515E-15));
#2002=DIRECTION('ref_axis',(1.11022302462515E-15,0.,1.));
#2003=DIRECTION('center_axis',(0.,1.,0.));
#2004=DIRECTION('ref_axis',(-0.707106781186547,0.,0.707106781186547));
#2005=DIRECTION('center_axis',(1.,0.,0.));
#2006=DIRECTION('ref_axis',(0.,0.707106781186548,0.707106781186548));
#2007=DIRECTION('center_axis',(-1.,0.,0.));
#2008=DIRECTION('ref_axis',(0.,0.,1.));
#2009=DIRECTION('',(1.,0.,0.));
#2010=DIRECTION('center_axis',(0.,1.,0.));
#2011=DIRECTION('ref_axis',(0.707106781186548,0.,0.707106781186547));
#2012=DIRECTION('center_axis',(0.,1.,0.));
#2013=DIRECTION('ref_axis',(0.,0.,-1.));
#2014=DIRECTION('',(0.,-1.,0.));
#2015=DIRECTION('center_axis',(0.,-1.,0.));
#2016=DIRECTION('ref_axis',(0.,0.,-1.));
#2017=DIRECTION('',(0.,1.,0.));
#2018=DIRECTION('center_axis',(-3.70074341541719E-16,0.,-1.));
#2019=DIRECTION('ref_axis',(-1.,0.,3.70074341541719E-16));
#2020=DIRECTION('',(0.,1.,0.));
#2021=DIRECTION('',(1.,0.,-3.70074341541719E-16));
#2022=DIRECTION('center_axis',(0.,1.,0.));
#2023=DIRECTION('ref_axis',(1.,0.,0.));
#2024=DIRECTION('',(0.,1.,0.));
#2025=DIRECTION('center_axis',(0.,-1.,0.));
#2026=DIRECTION('ref_axis',(1.,0.,0.));
#2027=DIRECTION('center_axis',(1.,0.,-1.11022302462516E-15));
#2028=DIRECTION('ref_axis',(-1.11022302462516E-15,0.,-1.));
#2029=DIRECTION('',(0.,1.,0.));
#2030=DIRECTION('',(1.11022302462516E-15,0.,1.));
#2031=DIRECTION('center_axis',(0.,1.,0.));
#2032=DIRECTION('ref_axis',(-1.,0.,0.));
#2033=DIRECTION('center_axis',(0.,1.,0.));
#2034=DIRECTION('ref_axis',(-1.,0.,0.));
#2035=DIRECTION('center_axis',(0.,-1.,0.));
#2036=DIRECTION('ref_axis',(0.,0.,1.));
#2037=DIRECTION('',(-1.,0.,0.));
#2038=DIRECTION('center_axis',(0.,-1.,0.));
#2039=DIRECTION('ref_axis',(-1.,0.,0.));
#2040=DIRECTION('',(0.,0.,-1.));
#2041=DIRECTION('center_axis',(0.,1.,0.));
#2042=DIRECTION('ref_axis',(0.,0.,1.));
#2043=DIRECTION('',(0.,1.,0.));
#2044=DIRECTION('center_axis',(0.,0.,1.));
#2045=DIRECTION('ref_axis',(1.,0.,0.));
#2046=DIRECTION('',(0.,1.,0.));
#2047=DIRECTION('center_axis',(0.,1.,0.));
#2048=DIRECTION('ref_axis',(-1.,0.,0.));
#2049=DIRECTION('',(0.,1.,0.));
#2050=DIRECTION('center_axis',(-1.,0.,0.));
#2051=DIRECTION('ref_axis',(0.,0.,1.));
#2052=DIRECTION('center_axis',(0.,0.,1.));
#2053=DIRECTION('ref_axis',(-1.,0.,0.));
#2054=DIRECTION('',(-1.,0.,0.));
#2055=DIRECTION('',(0.,-1.,0.));
#2056=DIRECTION('',(-1.,0.,0.));
#2057=DIRECTION('',(0.,-1.,0.));
#2058=DIRECTION('',(0.,-1.,0.));
#2059=DIRECTION('',(0.,-1.,0.));
#2060=DIRECTION('',(0.,-1.,0.));
#2061=DIRECTION('',(0.,-1.,0.));
#2062=DIRECTION('',(0.,-1.,0.));
#2063=DIRECTION('',(0.,-1.,0.));
#2064=DIRECTION('',(0.,-1.,0.));
#2065=DIRECTION('center_axis',(0.,0.,-1.));
#2066=DIRECTION('ref_axis',(1.,0.,0.));
#2067=DIRECTION('',(1.,0.,0.));
#2068=DIRECTION('',(0.,-1.,0.));
#2069=DIRECTION('',(1.,0.,0.));
#2070=DIRECTION('center_axis',(1.,0.,0.));
#2071=DIRECTION('ref_axis',(0.,0.,1.));
#2072=DIRECTION('',(0.,0.,1.));
#2073=DIRECTION('',(0.,0.,1.));
#2074=DIRECTION('center_axis',(0.,0.,1.));
#2075=DIRECTION('ref_axis',(-1.,0.,0.));
#2076=DIRECTION('',(-1.,0.,0.));
#2077=DIRECTION('',(0.,-1.,0.));
#2078=DIRECTION('',(-1.,0.,0.));
#2079=DIRECTION('',(0.,-1.,0.));
#2080=DIRECTION('',(0.,-1.,0.));
#2081=DIRECTION('',(0.,-1.,0.));
#2082=DIRECTION('',(0.,-1.,0.));
#2083=DIRECTION('',(0.,-1.,0.));
#2084=DIRECTION('',(0.,-1.,0.));
#2085=DIRECTION('',(0.,-1.,0.));
#2086=DIRECTION('center_axis',(0.,0.,-1.));
#2087=DIRECTION('ref_axis',(1.,0.,0.));
#2088=DIRECTION('',(1.,0.,0.));
#2089=DIRECTION('',(0.,-1.,0.));
#2090=DIRECTION('',(1.,0.,0.));
#2091=DIRECTION('center_axis',(1.,0.,0.));
#2092=DIRECTION('ref_axis',(0.,0.,1.));
#2093=DIRECTION('',(0.,0.,1.));
#2094=DIRECTION('',(0.,0.,1.));
#2095=DIRECTION('',(0.,-1.,0.));
#2096=DIRECTION('',(0.,-1.,0.));
#2097=DIRECTION('',(0.,-1.,0.));
#2098=DIRECTION('',(0.,-1.,0.));
#2099=DIRECTION('',(0.,-1.,0.));
#2100=DIRECTION('',(0.,-1.,0.));
#2101=DIRECTION('',(0.,-1.,0.));
#2102=DIRECTION('',(0.,-1.,0.));
#2103=DIRECTION('',(0.,-1.,0.));
#2104=DIRECTION('',(0.,-1.,0.));
#2105=DIRECTION('',(0.,-1.,0.));
#2106=DIRECTION('',(0.,-1.,0.));
#2107=DIRECTION('center_axis',(0.,0.,-1.));
#2108=DIRECTION('ref_axis',(1.,0.,0.));
#2109=DIRECTION('',(1.,0.,0.));
#2110=DIRECTION('',(0.,-1.,0.));
#2111=DIRECTION('',(1.,0.,0.));
#2112=DIRECTION('center_axis',(-1.,0.,0.));
#2113=DIRECTION('ref_axis',(0.,0.,-1.));
#2114=DIRECTION('',(0.,0.,-1.));
#2115=DIRECTION('',(0.,-1.,0.));
#2116=DIRECTION('',(0.,0.,-1.));
#2117=DIRECTION('center_axis',(0.,0.,1.));
#2118=DIRECTION('ref_axis',(-1.,0.,0.));
#2119=DIRECTION('',(-1.,0.,0.));
#2120=DIRECTION('',(-1.,0.,0.));
#2121=DIRECTION('center_axis',(0.,1.,0.));
#2122=DIRECTION('ref_axis',(-1.,0.,0.));
#2123=DIRECTION('center_axis',(0.,1.,0.));
#2124=DIRECTION('ref_axis',(-1.,0.,0.));
#2125=DIRECTION('',(1.11022302462516E-15,0.,1.));
#2126=DIRECTION('center_axis',(0.,-1.,0.));
#2127=DIRECTION('ref_axis',(0.707106781186548,0.,-0.707106781186548));
#2128=DIRECTION('',(1.,0.,-3.70074341541719E-16));
#2129=DIRECTION('center_axis',(0.,-1.,0.));
#2130=DIRECTION('ref_axis',(-0.707106781186548,0.,-0.707106781186548));
#2131=DIRECTION('',(0.,0.,-1.));
#2132=DIRECTION('center_axis',(0.,-1.,0.));
#2133=DIRECTION('ref_axis',(-0.707106781186547,0.,0.707106781186547));
#2134=DIRECTION('',(-1.,0.,0.));
#2135=DIRECTION('center_axis',(0.,-1.,0.));
#2136=DIRECTION('ref_axis',(0.707106781186548,0.,0.707106781186547));
#2137=DIRECTION('center_axis',(0.,1.,0.));
#2138=DIRECTION('ref_axis',(-1.,0.,0.));
#2139=DIRECTION('center_axis',(-1.11022302462516E-15,0.,-1.));
#2140=DIRECTION('ref_axis',(0.707106781186546,0.707106781186549,0.));
#2141=DIRECTION('center_axis',(0.,0.,-1.));
#2142=DIRECTION('ref_axis',(0.,1.,0.));
#2143=DIRECTION('',(-1.11022302462516E-15,0.,-1.));
#2144=DIRECTION('center_axis',(2.22044604925031E-15,0.,1.));
#2145=DIRECTION('ref_axis',(1.,0.,-2.22044604925031E-15));
#2146=DIRECTION('center_axis',(1.,0.,0.));
#2147=DIRECTION('ref_axis',(0.,0.,-1.));
#2148=DIRECTION('center_axis',(0.,1.,0.));
#2149=DIRECTION('ref_axis',(0.707106781186548,0.,-0.707106781186548));
#2150=DIRECTION('center_axis',(-1.,0.,3.70074341541719E-16));
#2151=DIRECTION('ref_axis',(0.,0.707106781186549,-0.707106781186546));
#2152=DIRECTION('center_axis',(1.,0.,0.));
#2153=DIRECTION('ref_axis',(0.,0.,-1.));
#2154=DIRECTION('',(-1.,0.,3.70074341541719E-16));
#2155=DIRECTION('center_axis',(0.,0.,-1.));
#2156=DIRECTION('ref_axis',(-1.,0.,0.));
#2157=DIRECTION('center_axis',(0.,1.,0.));
#2158=DIRECTION('ref_axis',(-0.707106781186548,0.,-0.707106781186548));
#2159=DIRECTION('center_axis',(0.,0.,1.));
#2160=DIRECTION('ref_axis',(-0.707106781186545,0.70710678118655,0.));
#2161=DIRECTION('center_axis',(0.,0.,-1.));
#2162=DIRECTION('ref_axis',(-1.,0.,0.));
#2163=DIRECTION('',(0.,0.,1.));
#2164=DIRECTION('center_axis',(-1.,0.,1.11022302462515E-15));
#2165=DIRECTION('ref_axis',(1.11022302462515E-15,0.,1.));
#2166=DIRECTION('center_axis',(0.,1.,0.));
#2167=DIRECTION('ref_axis',(-0.707106781186547,0.,0.707106781186547));
#2168=DIRECTION('center_axis',(1.,0.,0.));
#2169=DIRECTION('ref_axis',(0.,0.707106781186548,0.707106781186548));
#2170=DIRECTION('center_axis',(-1.,0.,0.));
#2171=DIRECTION('ref_axis',(0.,0.,1.));
#2172=DIRECTION('',(1.,0.,0.));
#2173=DIRECTION('center_axis',(0.,1.,0.));
#2174=DIRECTION('ref_axis',(0.707106781186548,0.,0.707106781186547));
#2175=DIRECTION('center_axis',(0.,1.,0.));
#2176=DIRECTION('ref_axis',(0.,0.,-1.));
#2177=DIRECTION('',(0.,-1.,0.));
#2178=DIRECTION('center_axis',(0.,-1.,0.));
#2179=DIRECTION('ref_axis',(0.,0.,-1.));
#2180=DIRECTION('',(0.,1.,0.));
#2181=DIRECTION('center_axis',(-3.70074341541719E-16,0.,-1.));
#2182=DIRECTION('ref_axis',(-1.,0.,3.70074341541719E-16));
#2183=DIRECTION('',(0.,1.,0.));
#2184=DIRECTION('',(1.,0.,-3.70074341541719E-16));
#2185=DIRECTION('center_axis',(0.,1.,0.));
#2186=DIRECTION('ref_axis',(1.,0.,0.));
#2187=DIRECTION('',(0.,1.,0.));
#2188=DIRECTION('center_axis',(0.,-1.,0.));
#2189=DIRECTION('ref_axis',(1.,0.,0.));
#2190=DIRECTION('center_axis',(1.,0.,-1.11022302462516E-15));
#2191=DIRECTION('ref_axis',(-1.11022302462516E-15,0.,-1.));
#2192=DIRECTION('',(0.,1.,0.));
#2193=DIRECTION('',(1.11022302462516E-15,0.,1.));
#2194=DIRECTION('center_axis',(0.,1.,0.));
#2195=DIRECTION('ref_axis',(-1.,0.,0.));
#2196=DIRECTION('center_axis',(0.,1.,0.));
#2197=DIRECTION('ref_axis',(-1.,0.,0.));
#2198=DIRECTION('center_axis',(0.,-1.,0.));
#2199=DIRECTION('ref_axis',(0.,0.,1.));
#2200=DIRECTION('',(-1.,0.,0.));
#2201=DIRECTION('center_axis',(0.,-1.,0.));
#2202=DIRECTION('ref_axis',(-1.,0.,0.));
#2203=DIRECTION('',(0.,0.,-1.));
#2204=DIRECTION('center_axis',(0.,1.,0.));
#2205=DIRECTION('ref_axis',(0.,0.,1.));
#2206=DIRECTION('',(0.,1.,0.));
#2207=DIRECTION('center_axis',(0.,0.,1.));
#2208=DIRECTION('ref_axis',(1.,0.,0.));
#2209=DIRECTION('',(0.,1.,0.));
#2210=DIRECTION('center_axis',(0.,1.,0.));
#2211=DIRECTION('ref_axis',(-1.,0.,0.));
#2212=DIRECTION('',(0.,1.,0.));
#2213=DIRECTION('center_axis',(-1.,0.,0.));
#2214=DIRECTION('ref_axis',(0.,0.,1.));
#2215=CARTESIAN_POINT('',(0.,0.,0.));
#2216=CARTESIAN_POINT('Origin',(6.02812120574403,12.5,13.62209729327));
#2217=CARTESIAN_POINT('',(6.02812120574403,12.5,13.62209729327));
#2218=CARTESIAN_POINT('',(5.55335992830682,12.5,13.62209729327));
#2219=CARTESIAN_POINT('',(6.03656010287202,12.5,13.62209729327));
#2220=CARTESIAN_POINT('',(6.02812120574403,10.5,13.62209729327));
#2221=CARTESIAN_POINT('',(6.02812120574403,12.5,13.62209729327));
#2222=CARTESIAN_POINT('',(5.55335992830682,10.5,13.62209729327));
#2223=CARTESIAN_POINT('',(6.02812120574403,10.5,13.62209729327));
#2224=CARTESIAN_POINT('',(5.55335992830682,12.5,13.62209729327));
#2225=CARTESIAN_POINT('Ctrl Pts',(6.27164089935709,12.5,13.6906511284236));
#2226=CARTESIAN_POINT('Ctrl Pts',(6.27164089935709,10.5,13.6906511284236));
#2227=CARTESIAN_POINT('Ctrl Pts',(6.2394089781939,12.5,13.6707421154014));
#2228=CARTESIAN_POINT('Ctrl Pts',(6.2394089781939,10.5,13.6707421154014));
#2229=CARTESIAN_POINT('Ctrl Pts',(6.16528284419807,12.5,13.6249558850512));
#2230=CARTESIAN_POINT('Ctrl Pts',(6.16528284419807,10.5,13.6249558850512));
#2231=CARTESIAN_POINT('Ctrl Pts',(6.07764940515859,12.5,13.6231295126673));
#2232=CARTESIAN_POINT('Ctrl Pts',(6.07764940515859,10.5,13.6231295126673));
#2233=CARTESIAN_POINT('Ctrl Pts',(6.02812120574403,12.5,13.62209729327));
#2234=CARTESIAN_POINT('Ctrl Pts',(6.02812120574403,10.5,13.62209729327));
#2235=CARTESIAN_POINT('',(6.27164089935709,12.5,13.6906511284236));
#2236=CARTESIAN_POINT('Ctrl Pts',(6.27164089935709,12.5,13.6906511284236));
#2237=CARTESIAN_POINT('Ctrl Pts',(6.2394089781939,12.5,13.6707421154014));
#2238=CARTESIAN_POINT('Ctrl Pts',(6.16528284419807,12.5,13.6249558850512));
#2239=CARTESIAN_POINT('Ctrl Pts',(6.07764940515859,12.5,13.6231295126673));
#2240=CARTESIAN_POINT('Ctrl Pts',(6.02812120574403,12.5,13.62209729327));
#2241=CARTESIAN_POINT('',(6.27164089935709,10.5,13.6906511284236));
#2242=CARTESIAN_POINT('',(6.27164089935709,12.5,13.6906511284236));
#2243=CARTESIAN_POINT('Ctrl Pts',(6.27164089935709,10.5,13.6906511284236));
#2244=CARTESIAN_POINT('Ctrl Pts',(6.2394089781939,10.5,13.6707421154014));
#2245=CARTESIAN_POINT('Ctrl Pts',(6.16528284419807,10.5,13.6249558850512));
#2246=CARTESIAN_POINT('Ctrl Pts',(6.07764940515859,10.5,13.6231295126673));
#2247=CARTESIAN_POINT('Ctrl Pts',(6.02812120574403,10.5,13.62209729327));
#2248=CARTESIAN_POINT('Ctrl Pts',(6.34940350311685,12.5,13.8656170613888));
#2249=CARTESIAN_POINT('Ctrl Pts',(6.34940350311685,10.5,13.8656170613888));
#2250=CARTESIAN_POINT('Ctrl Pts',(6.34626151468017,12.5,13.8318108190332));
#2251=CARTESIAN_POINT('Ctrl Pts',(6.34626151468017,10.5,13.8318108190332));
#2252=CARTESIAN_POINT('Ctrl Pts',(6.34002423038508,12.5,13.764700723382));
#2253=CARTESIAN_POINT('Ctrl Pts',(6.34002423038508,10.5,13.764700723382));
#2254=CARTESIAN_POINT('Ctrl Pts',(6.29432129832863,12.5,13.7152108322591));
#2255=CARTESIAN_POINT('Ctrl Pts',(6.29432129832863,10.5,13.7152108322591));
#2256=CARTESIAN_POINT('Ctrl Pts',(6.27164089935709,12.5,13.6906511284236));
#2257=CARTESIAN_POINT('Ctrl Pts',(6.27164089935709,10.5,13.6906511284236));
#2258=CARTESIAN_POINT('',(6.34940350311685,12.5,13.8656170613888));
#2259=CARTESIAN_POINT('Ctrl Pts',(6.34940350311685,12.5,13.8656170613888));
#2260=CARTESIAN_POINT('Ctrl Pts',(6.34626151468017,12.5,13.8318108190332));
#2261=CARTESIAN_POINT('Ctrl Pts',(6.34002423038508,12.5,13.764700723382));
#2262=CARTESIAN_POINT('Ctrl Pts',(6.29432129832863,12.5,13.7152108322591));
#2263=CARTESIAN_POINT('Ctrl Pts',(6.27164089935709,12.5,13.6906511284236));
#2264=CARTESIAN_POINT('',(6.34940350311685,10.5,13.8656170613888));
#2265=CARTESIAN_POINT('',(6.34940350311685,12.5,13.8656170613888));
#2266=CARTESIAN_POINT('Ctrl Pts',(6.34940350311685,10.5,13.8656170613888));
#2267=CARTESIAN_POINT('Ctrl Pts',(6.34626151468017,10.5,13.8318108190332));
#2268=CARTESIAN_POINT('Ctrl Pts',(6.34002423038508,10.5,13.764700723382));
#2269=CARTESIAN_POINT('Ctrl Pts',(6.29432129832863,10.5,13.7152108322591));
#2270=CARTESIAN_POINT('Ctrl Pts',(6.27164089935709,10.5,13.6906511284236));
#2271=CARTESIAN_POINT('Ctrl Pts',(6.3094990875094,12.5,14.000678429735));
#2272=CARTESIAN_POINT('Ctrl Pts',(6.3094990875094,10.5,14.000678429735));
#2273=CARTESIAN_POINT('Ctrl Pts',(6.32113782259363,12.5,13.9795107100328));
#2274=CARTESIAN_POINT('Ctrl Pts',(6.32113782259363,10.5,13.9795107100328));
#2275=CARTESIAN_POINT('Ctrl Pts',(6.34429501107151,12.5,13.9373940305787));
#2276=CARTESIAN_POINT('Ctrl Pts',(6.34429501107151,10.5,13.9373940305787));
#2277=CARTESIAN_POINT('Ctrl Pts',(6.34770657915639,12.5,13.8894597252799));
#2278=CARTESIAN_POINT('Ctrl Pts',(6.34770657915639,10.5,13.8894597252799));
#2279=CARTESIAN_POINT('Ctrl Pts',(6.34940350311685,12.5,13.8656170613888));
#2280=CARTESIAN_POINT('Ctrl Pts',(6.34940350311685,10.5,13.8656170613888));
#2281=CARTESIAN_POINT('',(6.3094990875094,12.5,14.000678429735));
#2282=CARTESIAN_POINT('Ctrl Pts',(6.3094990875094,12.5,14.000678429735));
#2283=CARTESIAN_POINT('Ctrl Pts',(6.32113782259363,12.5,13.9795107100328));
#2284=CARTESIAN_POINT('Ctrl Pts',(6.34429501107151,12.5,13.9373940305787));
#2285=CARTESIAN_POINT('Ctrl Pts',(6.34770657915639,12.5,13.8894597252799));
#2286=CARTESIAN_POINT('Ctrl Pts',(6.34940350311685,12.5,13.8656170613888));
#2287=CARTESIAN_POINT('',(6.3094990875094,10.5,14.000678429735));
#2288=CARTESIAN_POINT('',(6.3094990875094,12.5,14.000678429735));
#2289=CARTESIAN_POINT('Ctrl Pts',(6.3094990875094,10.5,14.000678429735));
#2290=CARTESIAN_POINT('Ctrl Pts',(6.32113782259363,10.5,13.9795107100328));
#2291=CARTESIAN_POINT('Ctrl Pts',(6.34429501107151,10.5,13.9373940305787));
#2292=CARTESIAN_POINT('Ctrl Pts',(6.34770657915639,10.5,13.8894597252799));
#2293=CARTESIAN_POINT('Ctrl Pts',(6.34940350311685,10.5,13.8656170613888));
#2294=CARTESIAN_POINT('Ctrl Pts',(6.19285518186975,12.5,14.0907193668011));
#2295=CARTESIAN_POINT('Ctrl Pts',(6.19285518186975,10.5,14.0907193668011));
#2296=CARTESIAN_POINT('Ctrl Pts',(6.21668370503345,12.5,14.0801313884302));
#2297=CARTESIAN_POINT('Ctrl Pts',(6.21668370503345,10.5,14.0801313884302));
#2298=CARTESIAN_POINT('Ctrl Pts',(6.26294215836391,12.5,14.0595768832276));
#2299=CARTESIAN_POINT('Ctrl Pts',(6.26294215836391,10.5,14.0595768832276));
#2300=CARTESIAN_POINT('Ctrl Pts',(6.2942960995172,12.5,14.0199114955244));
#2301=CARTESIAN_POINT('Ctrl Pts',(6.2942960995172,10.5,14.0199114955244));
#2302=CARTESIAN_POINT('Ctrl Pts',(6.3094990875094,12.5,14.000678429735));
#2303=CARTESIAN_POINT('Ctrl Pts',(6.3094990875094,10.5,14.000678429735));
#2304=CARTESIAN_POINT('',(6.19285518186975,12.5,14.0907193668011));
#2305=CARTESIAN_POINT('Ctrl Pts',(6.19285518186975,12.5,14.0907193668011));
#2306=CARTESIAN_POINT('Ctrl Pts',(6.21668370503345,12.5,14.0801313884302));
#2307=CARTESIAN_POINT('Ctrl Pts',(6.26294215836391,12.5,14.0595768832276));
#2308=CARTESIAN_POINT('Ctrl Pts',(6.2942960995172,12.5,14.0199114955244));
#2309=CARTESIAN_POINT('Ctrl Pts',(6.3094990875094,12.5,14.000678429735));
#2310=CARTESIAN_POINT('',(6.19285518186975,10.5,14.0907193668011));
#2311=CARTESIAN_POINT('',(6.19285518186975,12.5,14.0907193668011));
#2312=CARTESIAN_POINT('Ctrl Pts',(6.19285518186975,10.5,14.0907193668011));
#2313=CARTESIAN_POINT('Ctrl Pts',(6.21668370503345,10.5,14.0801313884302));
#2314=CARTESIAN_POINT('Ctrl Pts',(6.26294215836391,10.5,14.0595768832276));
#2315=CARTESIAN_POINT('Ctrl Pts',(6.2942960995172,10.5,14.0199114955244));
#2316=CARTESIAN_POINT('Ctrl Pts',(6.3094990875094,10.5,14.000678429735));
#2317=CARTESIAN_POINT('Ctrl Pts',(5.98003113525797,12.5,14.1183454491023));
#2318=CARTESIAN_POINT('Ctrl Pts',(5.98003113525797,10.5,14.1183454491023));
#2319=CARTESIAN_POINT('Ctrl Pts',(6.02071020983565,12.5,14.117913210703));
#2320=CARTESIAN_POINT('Ctrl Pts',(6.02071020983565,10.5,14.117913210703));
#2321=CARTESIAN_POINT('Ctrl Pts',(6.092838721948,12.5,14.1171468040692));
#2322=CARTESIAN_POINT('Ctrl Pts',(6.092838721948,10.5,14.1171468040692));
#2323=CARTESIAN_POINT('Ctrl Pts',(6.16248712168448,12.5,14.0987435460825));
#2324=CARTESIAN_POINT('Ctrl Pts',(6.16248712168448,10.5,14.0987435460825));
#2325=CARTESIAN_POINT('Ctrl Pts',(6.19285518186975,12.5,14.0907193668011));
#2326=CARTESIAN_POINT('Ctrl Pts',(6.19285518186975,10.5,14.0907193668011));
#2327=CARTESIAN_POINT('',(5.98003113525797,12.5,14.1183454491023));
#2328=CARTESIAN_POINT('Ctrl Pts',(5.98003113525797,12.5,14.1183454491023));
#2329=CARTESIAN_POINT('Ctrl Pts',(6.02071020983565,12.5,14.117913210703));
#2330=CARTESIAN_POINT('Ctrl Pts',(6.092838721948,12.5,14.1171468040692));
#2331=CARTESIAN_POINT('Ctrl Pts',(6.16248712168448,12.5,14.0987435460825));
#2332=CARTESIAN_POINT('Ctrl Pts',(6.19285518186975,12.5,14.0907193668011));
#2333=CARTESIAN_POINT('',(5.98003113525797,10.5,14.1183454491023));
#2334=CARTESIAN_POINT('',(5.98003113525797,12.5,14.1183454491023));
#2335=CARTESIAN_POINT('Ctrl Pts',(5.98003113525797,10.5,14.1183454491023));
#2336=CARTESIAN_POINT('Ctrl Pts',(6.02071020983565,10.5,14.117913210703));
#2337=CARTESIAN_POINT('Ctrl Pts',(6.092838721948,10.5,14.1171468040692));
#2338=CARTESIAN_POINT('Ctrl Pts',(6.16248712168448,10.5,14.0987435460825));
#2339=CARTESIAN_POINT('Ctrl Pts',(6.19285518186975,10.5,14.0907193668011));
#2340=CARTESIAN_POINT('Origin',(5.55335992830682,12.5,14.1183454491023));
#2341=CARTESIAN_POINT('',(5.55335992830682,12.5,14.1183454491023));
#2342=CARTESIAN_POINT('',(5.79917946415341,12.5,14.1183454491023));
#2343=CARTESIAN_POINT('',(5.55335992830682,10.5,14.1183454491023));
#2344=CARTESIAN_POINT('',(5.55335992830682,12.5,14.1183454491023));
#2345=CARTESIAN_POINT('',(5.55335992830682,10.5,14.1183454491023));
#2346=CARTESIAN_POINT('Origin',(5.55335992830682,12.5,13.62209729327));
#2347=CARTESIAN_POINT('',(5.55335992830682,12.5,13.911048646635));
#2348=CARTESIAN_POINT('',(5.55335992830682,10.5,13.62209729327));
#2349=CARTESIAN_POINT('Origin',(5.55335992830682,12.5,14.290241966379));
#2350=CARTESIAN_POINT('',(5.55335992830682,12.5,14.290241966379));
#2351=CARTESIAN_POINT('',(5.55335992830682,12.5,14.9563401140097));
#2352=CARTESIAN_POINT('',(5.55335992830682,12.5,14.2451209831895));
#2353=CARTESIAN_POINT('',(5.55335992830682,10.5,14.290241966379));
#2354=CARTESIAN_POINT('',(5.55335992830682,12.5,14.290241966379));
#2355=CARTESIAN_POINT('',(5.55335992830682,10.5,14.9563401140097));
#2356=CARTESIAN_POINT('',(5.55335992830682,10.5,14.290241966379));
#2357=CARTESIAN_POINT('',(5.55335992830682,12.5,14.9563401140097));
#2358=CARTESIAN_POINT('Origin',(5.7835782493918,12.5,14.290241966379));
#2359=CARTESIAN_POINT('',(5.7835782493918,12.5,14.290241966379));
#2360=CARTESIAN_POINT('',(5.9142886246959,12.5,14.290241966379));
#2361=CARTESIAN_POINT('',(5.7835782493918,10.5,14.290241966379));
#2362=CARTESIAN_POINT('',(5.7835782493918,12.5,14.290241966379));
#2363=CARTESIAN_POINT('',(5.7835782493918,10.5,14.290241966379));
#2364=CARTESIAN_POINT('Ctrl Pts',(5.8940830256312,12.5,14.2974042095069));
#2365=CARTESIAN_POINT('Ctrl Pts',(5.8940830256312,10.5,14.2974042095069));
#2366=CARTESIAN_POINT('Ctrl Pts',(5.87926739312071,12.5,14.295333512028));
#2367=CARTESIAN_POINT('Ctrl Pts',(5.87926739312071,10.5,14.295333512028));
#2368=CARTESIAN_POINT('Ctrl Pts',(5.84263399710503,12.5,14.290213468674));
#2369=CARTESIAN_POINT('Ctrl Pts',(5.84263399710503,10.5,14.290213468674));
#2370=CARTESIAN_POINT('Ctrl Pts',(5.80562168442014,12.5,14.2902313291873));
#2371=CARTESIAN_POINT('Ctrl Pts',(5.80562168442014,10.5,14.2902313291873));
#2372=CARTESIAN_POINT('Ctrl Pts',(5.7835782493918,12.5,14.290241966379));
#2373=CARTESIAN_POINT('Ctrl Pts',(5.7835782493918,10.5,14.290241966379));
#2374=CARTESIAN_POINT('',(5.8940830256312,12.5,14.2974042095069));
#2375=CARTESIAN_POINT('Ctrl Pts',(5.8940830256312,12.5,14.2974042095069));
#2376=CARTESIAN_POINT('Ctrl Pts',(5.87926739312071,12.5,14.295333512028));
#2377=CARTESIAN_POINT('Ctrl Pts',(5.84263399710503,12.5,14.290213468674));
#2378=CARTESIAN_POINT('Ctrl Pts',(5.80562168442014,12.5,14.2902313291873));
#2379=CARTESIAN_POINT('Ctrl Pts',(5.7835782493918,12.5,14.290241966379));
#2380=CARTESIAN_POINT('',(5.8940830256312,10.5,14.2974042095069));
#2381=CARTESIAN_POINT('',(5.8940830256312,12.5,14.2974042095069));
#2382=CARTESIAN_POINT('Ctrl Pts',(5.8940830256312,10.5,14.2974042095069));
#2383=CARTESIAN_POINT('Ctrl Pts',(5.87926739312071,10.5,14.295333512028));
#2384=CARTESIAN_POINT('Ctrl Pts',(5.84263399710503,10.5,14.290213468674));
#2385=CARTESIAN_POINT('Ctrl Pts',(5.80562168442014,10.5,14.2902313291873));
#2386=CARTESIAN_POINT('Ctrl Pts',(5.7835782493918,10.5,14.290241966379));
#2387=CARTESIAN_POINT('Ctrl Pts',(5.98412388819147,12.5,14.3373087741259));
#2388=CARTESIAN_POINT('Ctrl Pts',(5.98412388819147,10.5,14.3373087741259));
#2389=CARTESIAN_POINT('Ctrl Pts',(5.96958370910454,12.5,14.3285363326327));
#2390=CARTESIAN_POINT('Ctrl Pts',(5.96958370910454,10.5,14.3285363326327));
#2391=CARTESIAN_POINT('Ctrl Pts',(5.94124287157448,12.5,14.3114376203257));
#2392=CARTESIAN_POINT('Ctrl Pts',(5.94124287157448,10.5,14.3114376203257));
#2393=CARTESIAN_POINT('Ctrl Pts',(5.90952711253565,12.5,14.3019999246098));
#2394=CARTESIAN_POINT('Ctrl Pts',(5.90952711253565,10.5,14.3019999246098));
#2395=CARTESIAN_POINT('Ctrl Pts',(5.8940830256312,12.5,14.2974042095069));
#2396=CARTESIAN_POINT('Ctrl Pts',(5.8940830256312,10.5,14.2974042095069));
#2397=CARTESIAN_POINT('',(5.98412388819147,12.5,14.3373087741259));
#2398=CARTESIAN_POINT('Ctrl Pts',(5.98412388819147,12.5,14.3373087741259));
#2399=CARTESIAN_POINT('Ctrl Pts',(5.96958370910454,12.5,14.3285363326327));
#2400=CARTESIAN_POINT('Ctrl Pts',(5.94124287157448,12.5,14.3114376203257));
#2401=CARTESIAN_POINT('Ctrl Pts',(5.90952711253565,12.5,14.3019999246098));
#2402=CARTESIAN_POINT('Ctrl Pts',(5.8940830256312,12.5,14.2974042095069));
#2403=CARTESIAN_POINT('',(5.98412388819147,10.5,14.3373087741259));
#2404=CARTESIAN_POINT('',(5.98412388819147,12.5,14.3373087741259));
#2405=CARTESIAN_POINT('Ctrl Pts',(5.98412388819147,10.5,14.3373087741259));
#2406=CARTESIAN_POINT('Ctrl Pts',(5.96958370910454,10.5,14.3285363326327));
#2407=CARTESIAN_POINT('Ctrl Pts',(5.94124287157448,10.5,14.3114376203257));
#2408=CARTESIAN_POINT('Ctrl Pts',(5.90952711253565,10.5,14.3019999246098));
#2409=CARTESIAN_POINT('Ctrl Pts',(5.8940830256312,10.5,14.2974042095069));
#2410=CARTESIAN_POINT('Ctrl Pts',(6.08541989582468,12.5,14.4375816680316));
#2411=CARTESIAN_POINT('Ctrl Pts',(6.08541989582468,10.5,14.4375816680316));
#2412=CARTESIAN_POINT('Ctrl Pts',(6.06845693694276,12.5,14.4164030692572));
#2413=CARTESIAN_POINT('Ctrl Pts',(6.06845693694276,10.5,14.4164030692572));
#2414=CARTESIAN_POINT('Ctrl Pts',(6.03852039581416,12.5,14.3790266894836));
#2415=CARTESIAN_POINT('Ctrl Pts',(6.03852039581416,10.5,14.3790266894836));
#2416=CARTESIAN_POINT('Ctrl Pts',(6.00057030013494,12.5,14.3499219004346));
#2417=CARTESIAN_POINT('Ctrl Pts',(6.00057030013494,10.5,14.3499219004346));
#2418=CARTESIAN_POINT('Ctrl Pts',(5.98412388819147,12.5,14.3373087741259));
#2419=CARTESIAN_POINT('Ctrl Pts',(5.98412388819147,10.5,14.3373087741259));
#2420=CARTESIAN_POINT('',(6.08541989582468,12.5,14.4375816680316));
#2421=CARTESIAN_POINT('Ctrl Pts',(6.08541989582468,12.5,14.4375816680316));
#2422=CARTESIAN_POINT('Ctrl Pts',(6.06845693694276,12.5,14.4164030692572));
#2423=CARTESIAN_POINT('Ctrl Pts',(6.03852039581416,12.5,14.3790266894836));
#2424=CARTESIAN_POINT('Ctrl Pts',(6.00057030013494,12.5,14.3499219004346));
#2425=CARTESIAN_POINT('Ctrl Pts',(5.98412388819147,12.5,14.3373087741259));
#2426=CARTESIAN_POINT('',(6.08541989582468,10.5,14.4375816680316));
#2427=CARTESIAN_POINT('',(6.08541989582468,12.5,14.4375816680316));
#2428=CARTESIAN_POINT('Ctrl Pts',(6.08541989582468,10.5,14.4375816680316));
#2429=CARTESIAN_POINT('Ctrl Pts',(6.06845693694276,10.5,14.4164030692572));
#2430=CARTESIAN_POINT('Ctrl Pts',(6.03852039581416,10.5,14.3790266894836));
#2431=CARTESIAN_POINT('Ctrl Pts',(6.00057030013494,10.5,14.3499219004346));
#2432=CARTESIAN_POINT('Ctrl Pts',(5.98412388819147,10.5,14.3373087741259));
#2433=CARTESIAN_POINT('Ctrl Pts',(6.2286668445437,12.5,14.6442664362315));
#2434=CARTESIAN_POINT('Ctrl Pts',(6.2286668445437,10.5,14.6442664362315));
#2435=CARTESIAN_POINT('Ctrl Pts',(6.20272682840724,12.5,14.6041889468932));
#2436=CARTESIAN_POINT('Ctrl Pts',(6.20272682840724,10.5,14.6041889468932));
#2437=CARTESIAN_POINT('Ctrl Pts',(6.1571527882595,12.5,14.5337767660172));
#2438=CARTESIAN_POINT('Ctrl Pts',(6.1571527882595,10.5,14.5337767660172));
#2439=CARTESIAN_POINT('Ctrl Pts',(6.10701853321145,12.5,14.4665458289521));
#2440=CARTESIAN_POINT('Ctrl Pts',(6.10701853321145,10.5,14.4665458289521));
#2441=CARTESIAN_POINT('Ctrl Pts',(6.08541989582468,12.5,14.4375816680316));
#2442=CARTESIAN_POINT('Ctrl Pts',(6.08541989582468,10.5,14.4375816680316));
#2443=CARTESIAN_POINT('',(6.2286668445437,12.5,14.6442664362315));
#2444=CARTESIAN_POINT('Ctrl Pts',(6.2286668445437,12.5,14.6442664362315));
#2445=CARTESIAN_POINT('Ctrl Pts',(6.20272682840724,12.5,14.6041889468932));
#2446=CARTESIAN_POINT('Ctrl Pts',(6.1571527882595,12.5,14.5337767660172));
#2447=CARTESIAN_POINT('Ctrl Pts',(6.10701853321145,12.5,14.4665458289521));
#2448=CARTESIAN_POINT('Ctrl Pts',(6.08541989582468,12.5,14.4375816680316));
#2449=CARTESIAN_POINT('',(6.2286668445437,10.5,14.6442664362315));
#2450=CARTESIAN_POINT('',(6.2286668445437,12.5,14.6442664362315));
#2451=CARTESIAN_POINT('Ctrl Pts',(6.2286668445437,10.5,14.6442664362315));
#2452=CARTESIAN_POINT('Ctrl Pts',(6.20272682840724,10.5,14.6041889468932));
#2453=CARTESIAN_POINT('Ctrl Pts',(6.1571527882595,10.5,14.5337767660172));
#2454=CARTESIAN_POINT('Ctrl Pts',(6.10701853321145,10.5,14.4665458289521));
#2455=CARTESIAN_POINT('Ctrl Pts',(6.08541989582468,10.5,14.4375816680316));
#2456=CARTESIAN_POINT('Origin',(6.42716610687662,12.5,14.9563401140097));
#2457=CARTESIAN_POINT('',(6.42716610687662,12.5,14.9563401140097));
#2458=CARTESIAN_POINT('',(6.20087106191398,12.5,14.6005668677291));
#2459=CARTESIAN_POINT('',(6.42716610687662,10.5,14.9563401140097));
#2460=CARTESIAN_POINT('',(6.42716610687662,12.5,14.9563401140097));
#2461=CARTESIAN_POINT('',(6.42716610687662,10.5,14.9563401140097));
#2462=CARTESIAN_POINT('Origin',(6.67682522791315,12.5,14.9563401140097));
#2463=CARTESIAN_POINT('',(6.67682522791315,12.5,14.9563401140097));
#2464=CARTESIAN_POINT('',(6.36091211395658,12.5,14.9563401140097));
#2465=CARTESIAN_POINT('',(6.67682522791315,10.5,14.9563401140097));
#2466=CARTESIAN_POINT('',(6.67682522791315,12.5,14.9563401140097));
#2467=CARTESIAN_POINT('',(6.67682522791315,10.5,14.9563401140097));
#2468=CARTESIAN_POINT('Origin',(6.41591111081529,12.5,14.5480862952593));
#2469=CARTESIAN_POINT('',(6.41591111081529,12.5,14.5480862952593));
#2470=CARTESIAN_POINT('',(6.28315531011483,12.5,14.3403625308265));
#2471=CARTESIAN_POINT('',(6.41591111081529,10.5,14.5480862952593));
#2472=CARTESIAN_POINT('',(6.41591111081529,12.5,14.5480862952593));
#2473=CARTESIAN_POINT('',(6.41591111081529,10.5,14.5480862952593));
#2474=CARTESIAN_POINT('Ctrl Pts',(6.25117713468958,12.5,14.3485639191989));
#2475=CARTESIAN_POINT('Ctrl Pts',(6.25117713468958,10.5,14.3485639191989));
#2476=CARTESIAN_POINT('Ctrl Pts',(6.28034671380378,12.5,14.3777059925252));
#2477=CARTESIAN_POINT('Ctrl Pts',(6.28034671380378,10.5,14.3777059925252));
#2478=CARTESIAN_POINT('Ctrl Pts',(6.34162375656254,12.5,14.4389252533965));
#2479=CARTESIAN_POINT('Ctrl Pts',(6.34162375656254,10.5,14.4389252533965));
#2480=CARTESIAN_POINT('Ctrl Pts',(6.39036963056568,12.5,14.5105545427449));
#2481=CARTESIAN_POINT('Ctrl Pts',(6.39036963056568,10.5,14.5105545427449));
#2482=CARTESIAN_POINT('Ctrl Pts',(6.41591111081529,12.5,14.5480862952593));
#2483=CARTESIAN_POINT('Ctrl Pts',(6.41591111081529,10.5,14.5480862952593));
#2484=CARTESIAN_POINT('',(6.25117713468958,12.5,14.3485639191989));
#2485=CARTESIAN_POINT('Ctrl Pts',(6.25117713468958,12.5,14.3485639191989));
#2486=CARTESIAN_POINT('Ctrl Pts',(6.28034671380378,12.5,14.3777059925252));
#2487=CARTESIAN_POINT('Ctrl Pts',(6.34162375656254,12.5,14.4389252533965));
#2488=CARTESIAN_POINT('Ctrl Pts',(6.39036963056568,12.5,14.5105545427449));
#2489=CARTESIAN_POINT('Ctrl Pts',(6.41591111081529,12.5,14.5480862952593));
#2490=CARTESIAN_POINT('',(6.25117713468958,10.5,14.3485639191989));
#2491=CARTESIAN_POINT('',(6.25117713468958,12.5,14.3485639191989));
#2492=CARTESIAN_POINT('Ctrl Pts',(6.25117713468958,10.5,14.3485639191989));
#2493=CARTESIAN_POINT('Ctrl Pts',(6.28034671380378,10.5,14.3777059925252));
#2494=CARTESIAN_POINT('Ctrl Pts',(6.34162375656254,10.5,14.4389252533965));
#2495=CARTESIAN_POINT('Ctrl Pts',(6.39036963056568,10.5,14.5105545427449));
#2496=CARTESIAN_POINT('Ctrl Pts',(6.41591111081529,10.5,14.5480862952593));
#2497=CARTESIAN_POINT('Ctrl Pts',(6.131463589844,12.5,14.2738708056334));
#2498=CARTESIAN_POINT('Ctrl Pts',(6.131463589844,10.5,14.2738708056334));
#2499=CARTESIAN_POINT('Ctrl Pts',(6.15511040945323,12.5,14.2855549441691));
#2500=CARTESIAN_POINT('Ctrl Pts',(6.15511040945323,10.5,14.2855549441691));
#2501=CARTESIAN_POINT('Ctrl Pts',(6.19751889888679,12.5,14.3065094181246));
#2502=CARTESIAN_POINT('Ctrl Pts',(6.19751889888679,10.5,14.3065094181246));
#2503=CARTESIAN_POINT('Ctrl Pts',(6.23471946781898,12.5,14.335665266108));
#2504=CARTESIAN_POINT('Ctrl Pts',(6.23471946781898,10.5,14.335665266108));
#2505=CARTESIAN_POINT('Ctrl Pts',(6.25117713468958,12.5,14.3485639191989));
#2506=CARTESIAN_POINT('Ctrl Pts',(6.25117713468958,10.5,14.3485639191989));
#2507=CARTESIAN_POINT('',(6.131463589844,12.5,14.2738708056334));
#2508=CARTESIAN_POINT('Ctrl Pts',(6.131463589844,12.5,14.2738708056334));
#2509=CARTESIAN_POINT('Ctrl Pts',(6.15511040945323,12.5,14.2855549441691));
#2510=CARTESIAN_POINT('Ctrl Pts',(6.19751889888679,12.5,14.3065094181246));
#2511=CARTESIAN_POINT('Ctrl Pts',(6.23471946781898,12.5,14.335665266108));
#2512=CARTESIAN_POINT('Ctrl Pts',(6.25117713468958,12.5,14.3485639191989));
#2513=CARTESIAN_POINT('',(6.131463589844,10.5,14.2738708056334));
#2514=CARTESIAN_POINT('',(6.131463589844,12.5,14.2738708056334));
#2515=CARTESIAN_POINT('Ctrl Pts',(6.131463589844,10.5,14.2738708056334));
#2516=CARTESIAN_POINT('Ctrl Pts',(6.15511040945323,10.5,14.2855549441691));
#2517=CARTESIAN_POINT('Ctrl Pts',(6.19751889888679,10.5,14.3065094181246));
#2518=CARTESIAN_POINT('Ctrl Pts',(6.23471946781898,10.5,14.335665266108));
#2519=CARTESIAN_POINT('Ctrl Pts',(6.25117713468958,10.5,14.3485639191989));
#2520=CARTESIAN_POINT('Ctrl Pts',(6.45069951075006,12.5,14.1347166098479));
#2521=CARTESIAN_POINT('Ctrl Pts',(6.45069951075006,10.5,14.1347166098479));
#2522=CARTESIAN_POINT('Ctrl Pts',(6.40854681725051,12.5,14.1682281175564));
#2523=CARTESIAN_POINT('Ctrl Pts',(6.40854681725051,10.5,14.1682281175564));
#2524=CARTESIAN_POINT('Ctrl Pts',(6.31493055923214,12.5,14.2426533011394));
#2525=CARTESIAN_POINT('Ctrl Pts',(6.31493055923214,10.5,14.2426533011394));
#2526=CARTESIAN_POINT('Ctrl Pts',(6.19654406796326,12.5,14.2627971495691));
#2527=CARTESIAN_POINT('Ctrl Pts',(6.19654406796326,10.5,14.2627971495691));
#2528=CARTESIAN_POINT('Ctrl Pts',(6.131463589844,12.5,14.2738708056334));
#2529=CARTESIAN_POINT('Ctrl Pts',(6.131463589844,10.5,14.2738708056334));
#2530=CARTESIAN_POINT('',(6.45069951075006,12.5,14.1347166098479));
#2531=CARTESIAN_POINT('Ctrl Pts',(6.45069951075006,12.5,14.1347166098479));
#2532=CARTESIAN_POINT('Ctrl Pts',(6.40854681725051,12.5,14.1682281175564));
#2533=CARTESIAN_POINT('Ctrl Pts',(6.31493055923214,12.5,14.2426533011394));
#2534=CARTESIAN_POINT('Ctrl Pts',(6.19654406796326,12.5,14.2627971495691));
#2535=CARTESIAN_POINT('Ctrl Pts',(6.131463589844,12.5,14.2738708056334));
#2536=CARTESIAN_POINT('',(6.45069951075006,10.5,14.1347166098479));
#2537=CARTESIAN_POINT('',(6.45069951075006,12.5,14.1347166098479));
#2538=CARTESIAN_POINT('Ctrl Pts',(6.45069951075006,10.5,14.1347166098479));
#2539=CARTESIAN_POINT('Ctrl Pts',(6.40854681725051,10.5,14.1682281175564));
#2540=CARTESIAN_POINT('Ctrl Pts',(6.31493055923214,10.5,14.2426533011394));
#2541=CARTESIAN_POINT('Ctrl Pts',(6.19654406796326,10.5,14.2627971495691));
#2542=CARTESIAN_POINT('Ctrl Pts',(6.131463589844,10.5,14.2738708056334));
#2543=CARTESIAN_POINT('Ctrl Pts',(6.55404204386163,12.5,13.8656170613888));
#2544=CARTESIAN_POINT('Ctrl Pts',(6.55404204386163,10.5,13.8656170613888));
#2545=CARTESIAN_POINT('Ctrl Pts',(6.55002345370117,12.5,13.9164260589008));
#2546=CARTESIAN_POINT('Ctrl Pts',(6.55002345370117,10.5,13.9164260589008));
#2547=CARTESIAN_POINT('Ctrl Pts',(6.54211501628008,12.5,14.0164162945824));
#2548=CARTESIAN_POINT('Ctrl Pts',(6.54211501628008,10.5,14.0164162945824));
#2549=CARTESIAN_POINT('Ctrl Pts',(6.48083883721641,12.5,14.0957134691642));
#2550=CARTESIAN_POINT('Ctrl Pts',(6.48083883721641,10.5,14.0957134691642));
#2551=CARTESIAN_POINT('Ctrl Pts',(6.45069951075006,12.5,14.1347166098479));
#2552=CARTESIAN_POINT('Ctrl Pts',(6.45069951075006,10.5,14.1347166098479));
#2553=CARTESIAN_POINT('',(6.55404204386163,12.5,13.8656170613888));
#2554=CARTESIAN_POINT('Ctrl Pts',(6.55404204386163,12.5,13.8656170613888));
#2555=CARTESIAN_POINT('Ctrl Pts',(6.55002345370117,12.5,13.9164260589008));
#2556=CARTESIAN_POINT('Ctrl Pts',(6.54211501628008,12.5,14.0164162945824));
#2557=CARTESIAN_POINT('Ctrl Pts',(6.48083883721641,12.5,14.0957134691642));
#2558=CARTESIAN_POINT('Ctrl Pts',(6.45069951075006,12.5,14.1347166098479));
#2559=CARTESIAN_POINT('',(6.55404204386163,10.5,13.8656170613888));
#2560=CARTESIAN_POINT('',(6.55404204386163,12.5,13.8656170613888));
#2561=CARTESIAN_POINT('Ctrl Pts',(6.55404204386163,10.5,13.8656170613888));
#2562=CARTESIAN_POINT('Ctrl Pts',(6.55002345370117,10.5,13.9164260589008));
#2563=CARTESIAN_POINT('Ctrl Pts',(6.54211501628008,10.5,14.0164162945824));
#2564=CARTESIAN_POINT('Ctrl Pts',(6.48083883721641,10.5,14.0957134691642));
#2565=CARTESIAN_POINT('Ctrl Pts',(6.45069951075006,10.5,14.1347166098479));
#2566=CARTESIAN_POINT('Ctrl Pts',(6.49162733810831,12.5,13.6394915677432));
#2567=CARTESIAN_POINT('Ctrl Pts',(6.49162733810831,10.5,13.6394915677432));
#2568=CARTESIAN_POINT('Ctrl Pts',(6.50983128449942,12.5,13.674667476144));
#2569=CARTESIAN_POINT('Ctrl Pts',(6.50983128449942,10.5,13.674667476144));
#2570=CARTESIAN_POINT('Ctrl Pts',(6.5465543404077,12.5,13.7456282899739));
#2571=CARTESIAN_POINT('Ctrl Pts',(6.5465543404077,10.5,13.7456282899739));
#2572=CARTESIAN_POINT('Ctrl Pts',(6.55153190329731,12.5,13.8253926208451));
#2573=CARTESIAN_POINT('Ctrl Pts',(6.55153190329731,10.5,13.8253926208451));
#2574=CARTESIAN_POINT('Ctrl Pts',(6.55404204386163,12.5,13.8656170613888));
#2575=CARTESIAN_POINT('Ctrl Pts',(6.55404204386163,10.5,13.8656170613888));
#2576=CARTESIAN_POINT('',(6.49162733810831,12.5,13.6394915677432));
#2577=CARTESIAN_POINT('Ctrl Pts',(6.49162733810831,12.5,13.6394915677432));
#2578=CARTESIAN_POINT('Ctrl Pts',(6.50983128449942,12.5,13.674667476144));
#2579=CARTESIAN_POINT('Ctrl Pts',(6.5465543404077,12.5,13.7456282899739));
#2580=CARTESIAN_POINT('Ctrl Pts',(6.55153190329731,12.5,13.8253926208451));
#2581=CARTESIAN_POINT('Ctrl Pts',(6.55404204386163,12.5,13.8656170613888));
#2582=CARTESIAN_POINT('',(6.49162733810831,10.5,13.6394915677432));
#2583=CARTESIAN_POINT('',(6.49162733810831,12.5,13.6394915677432));
#2584=CARTESIAN_POINT('Ctrl Pts',(6.49162733810831,10.5,13.6394915677432));
#2585=CARTESIAN_POINT('Ctrl Pts',(6.50983128449942,10.5,13.674667476144));
#2586=CARTESIAN_POINT('Ctrl Pts',(6.5465543404077,10.5,13.7456282899739));
#2587=CARTESIAN_POINT('Ctrl Pts',(6.55153190329731,10.5,13.8253926208451));
#2588=CARTESIAN_POINT('Ctrl Pts',(6.55404204386163,10.5,13.8656170613888));
#2589=CARTESIAN_POINT('Ctrl Pts',(6.32484698551584,12.5,13.4972677327517));
#2590=CARTESIAN_POINT('Ctrl Pts',(6.32484698551584,10.5,13.4972677327517));
#2591=CARTESIAN_POINT('Ctrl Pts',(6.35807676730692,12.5,13.5134838921003));
#2592=CARTESIAN_POINT('Ctrl Pts',(6.35807676730692,10.5,13.5134838921003));
#2593=CARTESIAN_POINT('Ctrl Pts',(6.42582461765468,12.5,13.5465448957405));
#2594=CARTESIAN_POINT('Ctrl Pts',(6.42582461765468,10.5,13.5465448957405));
#2595=CARTESIAN_POINT('Ctrl Pts',(6.46941678311435,12.5,13.6081190476439));
#2596=CARTESIAN_POINT('Ctrl Pts',(6.46941678311435,10.5,13.6081190476439));
#2597=CARTESIAN_POINT('Ctrl Pts',(6.49162733810831,12.5,13.6394915677432));
#2598=CARTESIAN_POINT('Ctrl Pts',(6.49162733810831,10.5,13.6394915677432));
#2599=CARTESIAN_POINT('',(6.32484698551584,12.5,13.4972677327517));
#2600=CARTESIAN_POINT('Ctrl Pts',(6.32484698551584,12.5,13.4972677327517));
#2601=CARTESIAN_POINT('Ctrl Pts',(6.35807676730692,12.5,13.5134838921003));
#2602=CARTESIAN_POINT('Ctrl Pts',(6.42582461765468,12.5,13.5465448957405));
#2603=CARTESIAN_POINT('Ctrl Pts',(6.46941678311435,12.5,13.6081190476439));
#2604=CARTESIAN_POINT('Ctrl Pts',(6.49162733810831,12.5,13.6394915677432));
#2605=CARTESIAN_POINT('',(6.32484698551584,10.5,13.4972677327517));
#2606=CARTESIAN_POINT('',(6.32484698551584,12.5,13.4972677327517));
#2607=CARTESIAN_POINT('Ctrl Pts',(6.32484698551584,10.5,13.4972677327517));
#2608=CARTESIAN_POINT('Ctrl Pts',(6.35807676730692,10.5,13.5134838921003));
#2609=CARTESIAN_POINT('Ctrl Pts',(6.42582461765468,10.5,13.5465448957405));
#2610=CARTESIAN_POINT('Ctrl Pts',(6.46941678311435,10.5,13.6081190476439));
#2611=CARTESIAN_POINT('Ctrl Pts',(6.49162733810831,10.5,13.6394915677432));
#2612=CARTESIAN_POINT('Ctrl Pts',(6.01993555086542,12.5,13.4563400544051));
#2613=CARTESIAN_POINT('Ctrl Pts',(6.01993555086542,10.5,13.4563400544051));
#2614=CARTESIAN_POINT('Ctrl Pts',(6.079203076266,12.5,13.4568050669519));
#2615=CARTESIAN_POINT('Ctrl Pts',(6.079203076266,10.5,13.4568050669519));
#2616=CARTESIAN_POINT('Ctrl Pts',(6.18273044935342,12.5,13.4576173419219));
#2617=CARTESIAN_POINT('Ctrl Pts',(6.18273044935342,10.5,13.4576173419219));
#2618=CARTESIAN_POINT('Ctrl Pts',(6.28228541482403,12.5,13.4853930912932));
#2619=CARTESIAN_POINT('Ctrl Pts',(6.28228541482403,10.5,13.4853930912932));
#2620=CARTESIAN_POINT('Ctrl Pts',(6.32484698551584,12.5,13.4972677327517));
#2621=CARTESIAN_POINT('Ctrl Pts',(6.32484698551584,10.5,13.4972677327517));
#2622=CARTESIAN_POINT('',(6.01993555086542,12.5,13.4563400544051));
#2623=CARTESIAN_POINT('Ctrl Pts',(6.01993555086542,12.5,13.4563400544051));
#2624=CARTESIAN_POINT('Ctrl Pts',(6.079203076266,12.5,13.4568050669519));
#2625=CARTESIAN_POINT('Ctrl Pts',(6.18273044935342,12.5,13.4576173419219));
#2626=CARTESIAN_POINT('Ctrl Pts',(6.28228541482403,12.5,13.4853930912932));
#2627=CARTESIAN_POINT('Ctrl Pts',(6.32484698551584,12.5,13.4972677327517));
#2628=CARTESIAN_POINT('',(6.01993555086542,10.5,13.4563400544051));
#2629=CARTESIAN_POINT('',(6.01993555086542,12.5,13.4563400544051));
#2630=CARTESIAN_POINT('Ctrl Pts',(6.01993555086542,10.5,13.4563400544051));
#2631=CARTESIAN_POINT('Ctrl Pts',(6.079203076266,10.5,13.4568050669519));
#2632=CARTESIAN_POINT('Ctrl Pts',(6.18273044935342,10.5,13.4576173419219));
#2633=CARTESIAN_POINT('Ctrl Pts',(6.28228541482403,10.5,13.4853930912932));
#2634=CARTESIAN_POINT('Ctrl Pts',(6.32484698551584,10.5,13.4972677327517));
#2635=CARTESIAN_POINT('Origin',(5.3548605914681,12.5,13.4563400544051));
#2636=CARTESIAN_POINT('',(5.3548605914681,12.5,13.4563400544051));
#2637=CARTESIAN_POINT('',(5.69992979573405,12.5,13.4563400544051));
#2638=CARTESIAN_POINT('',(5.3548605914681,10.5,13.4563400544051));
#2639=CARTESIAN_POINT('',(5.3548605914681,12.5,13.4563400544051));
#2640=CARTESIAN_POINT('',(5.3548605914681,10.5,13.4563400544051));
#2641=CARTESIAN_POINT('Origin',(5.3548605914681,12.5,14.9563401140097));
#2642=CARTESIAN_POINT('',(5.3548605914681,12.5,14.9563401140097));
#2643=CARTESIAN_POINT('',(5.3548605914681,12.5,14.5781700570049));
#2644=CARTESIAN_POINT('',(5.3548605914681,10.5,14.9563401140097));
#2645=CARTESIAN_POINT('',(5.3548605914681,12.5,14.9563401140097));
#2646=CARTESIAN_POINT('',(5.3548605914681,10.5,14.9563401140097));
#2647=CARTESIAN_POINT('Origin',(5.55335992830682,12.5,14.9563401140097));
#2648=CARTESIAN_POINT('',(5.79917946415341,12.5,14.9563401140097));
#2649=CARTESIAN_POINT('',(5.55335992830682,10.5,14.9563401140097));
#2650=CARTESIAN_POINT('Origin',(6.01584290969063,10.5,14.2063400842074));
#2651=CARTESIAN_POINT('Origin',(6.044999,12.5,14.2000000000001));
#2652=CARTESIAN_POINT('',(7.644999,12.5,13.2000000000001));
#2653=CARTESIAN_POINT('',(7.644999,12.5,15.2000000000001));
#2654=CARTESIAN_POINT('',(7.644999,12.5,14.7000000000001));
#2655=CARTESIAN_POINT('',(7.544999,12.5,13.1000000000001));
#2656=CARTESIAN_POINT('Origin',(7.544999,12.5,13.2000000000001));
#2657=CARTESIAN_POINT('',(4.544999,12.5,13.1000000000001));
#2658=CARTESIAN_POINT('',(6.794999,12.5,13.1000000000001));
#2659=CARTESIAN_POINT('',(4.444999,12.5,13.2000000000001));
#2660=CARTESIAN_POINT('Origin',(4.544999,12.5,13.2000000000001));
#2661=CARTESIAN_POINT('',(4.444999,12.5,15.2000000000001));
#2662=CARTESIAN_POINT('',(4.444999,12.5,13.7000000000001));
#2663=CARTESIAN_POINT('',(4.544999,12.5,15.3000000000001));
#2664=CARTESIAN_POINT('Origin',(4.544999,12.5,15.2000000000001));
#2665=CARTESIAN_POINT('',(7.544999,12.5,15.3000000000001));
#2666=CARTESIAN_POINT('',(5.294999,12.5,15.3000000000001));
#2667=CARTESIAN_POINT('Origin',(7.544999,12.5,15.2000000000001));
#2668=CARTESIAN_POINT('Origin',(7.644999,12.,14.7000000000001));
#2669=CARTESIAN_POINT('',(8.14499900000001,12.,15.2000000000001));
#2670=CARTESIAN_POINT('Origin',(7.644999,12.,15.2000000000001));
#2671=CARTESIAN_POINT('',(8.144999,12.,13.2000000000001));
#2672=CARTESIAN_POINT('',(8.144999,12.,14.7000000000001));
#2673=CARTESIAN_POINT('Origin',(7.644999,12.,13.2000000000001));
#2674=CARTESIAN_POINT('Ctrl Pts',(8.144999,12.,13.2000000000001));
#2675=CARTESIAN_POINT('Ctrl Pts',(8.144999,12.,12.6000000000001));
#2676=CARTESIAN_POINT('Ctrl Pts',(7.544999,12.,12.6000000000001));
#2677=CARTESIAN_POINT('Ctrl Pts',(8.144999,12.5,13.2000000000001));
#2678=CARTESIAN_POINT('Ctrl Pts',(8.144999,12.5,12.6000000000001));
#2679=CARTESIAN_POINT('Ctrl Pts',(7.544999,12.5,12.6000000000001));
#2680=CARTESIAN_POINT('Ctrl Pts',(7.644999,12.5,13.2000000000001));
#2681=CARTESIAN_POINT('Ctrl Pts',(7.644999,12.5,13.1000000000001));
#2682=CARTESIAN_POINT('Ctrl Pts',(7.544999,12.5,13.1000000000001));
#2683=CARTESIAN_POINT('',(7.544999,12.,12.6000000000001));
#2684=CARTESIAN_POINT('Origin',(7.544999,12.,13.1000000000001));
#2685=CARTESIAN_POINT('Origin',(7.544999,12.,13.2000000000001));
#2686=CARTESIAN_POINT('Origin',(6.794999,12.,13.1000000000001));
#2687=CARTESIAN_POINT('',(4.544999,12.,12.6000000000001));
#2688=CARTESIAN_POINT('Origin',(4.544999,12.,13.1000000000001));
#2689=CARTESIAN_POINT('',(6.794999,12.,12.6000000000001));
#2690=CARTESIAN_POINT('Ctrl Pts',(4.544999,12.,12.6000000000001));
#2691=CARTESIAN_POINT('Ctrl Pts',(3.944999,12.,12.6000000000001));
#2692=CARTESIAN_POINT('Ctrl Pts',(3.944999,12.,13.2000000000001));
#2693=CARTESIAN_POINT('Ctrl Pts',(4.544999,12.5,12.6000000000001));
#2694=CARTESIAN_POINT('Ctrl Pts',(3.944999,12.5,12.6000000000001));
#2695=CARTESIAN_POINT('Ctrl Pts',(3.944999,12.5,13.2000000000001));
#2696=CARTESIAN_POINT('Ctrl Pts',(4.544999,12.5,13.1000000000001));
#2697=CARTESIAN_POINT('Ctrl Pts',(4.44499900000001,12.5,13.1000000000001));
#2698=CARTESIAN_POINT('Ctrl Pts',(4.44499900000001,12.5,13.2000000000001));
#2699=CARTESIAN_POINT('',(3.944999,12.,13.2000000000001));
#2700=CARTESIAN_POINT('Origin',(4.444999,12.,13.2000000000001));
#2701=CARTESIAN_POINT('Origin',(4.544999,12.,13.2000000000001));
#2702=CARTESIAN_POINT('Origin',(4.444999,12.,13.7000000000001));
#2703=CARTESIAN_POINT('',(3.944999,12.,15.2000000000001));
#2704=CARTESIAN_POINT('Origin',(4.444999,12.,15.2000000000001));
#2705=CARTESIAN_POINT('',(3.944999,12.,13.7000000000001));
#2706=CARTESIAN_POINT('Ctrl Pts',(3.944999,12.,15.2000000000001));
#2707=CARTESIAN_POINT('Ctrl Pts',(3.944999,12.,15.8000000000001));
#2708=CARTESIAN_POINT('Ctrl Pts',(4.544999,12.,15.8000000000001));
#2709=CARTESIAN_POINT('Ctrl Pts',(3.944999,12.5,15.2000000000001));
#2710=CARTESIAN_POINT('Ctrl Pts',(3.944999,12.5,15.8000000000001));
#2711=CARTESIAN_POINT('Ctrl Pts',(4.544999,12.5,15.8000000000001));
#2712=CARTESIAN_POINT('Ctrl Pts',(4.44499900000001,12.5,15.2000000000001));
#2713=CARTESIAN_POINT('Ctrl Pts',(4.44499900000001,12.5,15.3000000000001));
#2714=CARTESIAN_POINT('Ctrl Pts',(4.544999,12.5,15.3000000000001));
#2715=CARTESIAN_POINT('',(4.54499900000001,12.,15.8000000000001));
#2716=CARTESIAN_POINT('Origin',(4.544999,12.,15.3000000000001));
#2717=CARTESIAN_POINT('Origin',(4.544999,12.,15.2000000000001));
#2718=CARTESIAN_POINT('Origin',(5.294999,12.,15.3000000000001));
#2719=CARTESIAN_POINT('',(7.544999,12.,15.8000000000001));
#2720=CARTESIAN_POINT('Origin',(7.544999,12.,15.3000000000001));
#2721=CARTESIAN_POINT('',(5.294999,12.,15.8000000000001));
#2722=CARTESIAN_POINT('Ctrl Pts',(7.544999,12.,15.8000000000001));
#2723=CARTESIAN_POINT('Ctrl Pts',(8.14499900000001,12.,15.8000000000001));
#2724=CARTESIAN_POINT('Ctrl Pts',(8.14499900000001,12.,15.2000000000001));
#2725=CARTESIAN_POINT('Ctrl Pts',(7.544999,12.5,15.8000000000001));
#2726=CARTESIAN_POINT('Ctrl Pts',(8.14499900000001,12.5,15.8000000000001));
#2727=CARTESIAN_POINT('Ctrl Pts',(8.14499900000001,12.5,15.2000000000001));
#2728=CARTESIAN_POINT('Ctrl Pts',(7.544999,12.5,15.3000000000001));
#2729=CARTESIAN_POINT('Ctrl Pts',(7.644999,12.5,15.3000000000001));
#2730=CARTESIAN_POINT('Ctrl Pts',(7.644999,12.5,15.2000000000001));
#2731=CARTESIAN_POINT('Origin',(7.544999,12.,15.2000000000001));
#2732=CARTESIAN_POINT('Origin',(4.544999,10.5,13.2000000000001));
#2733=CARTESIAN_POINT('',(4.544999,3.6,12.6000000000001));
#2734=CARTESIAN_POINT('',(4.544999,10.5,12.6000000000001));
#2735=CARTESIAN_POINT('',(3.944999,3.6,13.2000000000001));
#2736=CARTESIAN_POINT('Origin',(4.544999,3.6,13.2000000000001));
#2737=CARTESIAN_POINT('',(3.944999,10.5,13.2000000000001));
#2738=CARTESIAN_POINT('Origin',(7.544999,10.5,12.6000000000001));
#2739=CARTESIAN_POINT('',(7.544999,3.6,12.6000000000001));
#2740=CARTESIAN_POINT('',(7.544999,10.5,12.6000000000001));
#2741=CARTESIAN_POINT('',(4.544999,3.6,12.6000000000001));
#2742=CARTESIAN_POINT('Origin',(7.544999,10.5,13.2000000000001));
#2743=CARTESIAN_POINT('',(8.144999,3.6,13.2000000000001));
#2744=CARTESIAN_POINT('',(8.144999,10.5,13.2000000000001));
#2745=CARTESIAN_POINT('Origin',(7.544999,3.6,13.2000000000001));
#2746=CARTESIAN_POINT('Origin',(8.14499900000001,10.5,15.2000000000001));
#2747=CARTESIAN_POINT('',(8.14499900000001,3.6,15.2000000000001));
#2748=CARTESIAN_POINT('',(8.14499900000001,10.5,15.2000000000001));
#2749=CARTESIAN_POINT('',(8.144999,3.6,13.2000000000001));
#2750=CARTESIAN_POINT('Origin',(6.044999,12.5,14.2000000000001));
#2751=CARTESIAN_POINT('Origin',(6.044999,3.6,14.2000000000001));
#2752=CARTESIAN_POINT('',(7.544999,3.6,15.8000000000001));
#2753=CARTESIAN_POINT('Origin',(7.544999,3.6,15.2000000000001));
#2754=CARTESIAN_POINT('',(4.54499900000001,3.6,15.8000000000001));
#2755=CARTESIAN_POINT('',(7.544999,3.6,15.8000000000001));
#2756=CARTESIAN_POINT('',(3.944999,3.6,15.2000000000001));
#2757=CARTESIAN_POINT('Origin',(4.544999,3.6,15.2000000000001));
#2758=CARTESIAN_POINT('',(3.944999,3.6,15.2000000000001));
#2759=CARTESIAN_POINT('Origin',(7.544999,10.5,15.2000000000001));
#2760=CARTESIAN_POINT('',(7.544999,10.5,15.8000000000001));
#2761=CARTESIAN_POINT('Origin',(4.54499900000001,10.5,15.8000000000001));
#2762=CARTESIAN_POINT('',(4.54499900000001,10.5,15.8000000000001));
#2763=CARTESIAN_POINT('Origin',(4.544999,10.5,15.2000000000001));
#2764=CARTESIAN_POINT('',(3.944999,10.5,15.2000000000001));
#2765=CARTESIAN_POINT('Origin',(3.944999,10.5,13.2000000000001));
#2766=CARTESIAN_POINT('Origin',(6.00937890255654,12.5,9.29265401959425));
#2767=CARTESIAN_POINT('',(6.00937890255654,12.5,9.29265401959425));
#2768=CARTESIAN_POINT('',(5.66251667583192,12.5,9.29265401959425));
#2769=CARTESIAN_POINT('',(6.02718895127827,12.5,9.29265401959425));
#2770=CARTESIAN_POINT('',(6.00937890255654,10.5,9.29265401959425));
#2771=CARTESIAN_POINT('',(6.00937890255654,12.5,9.29265401959425));
#2772=CARTESIAN_POINT('',(5.66251667583192,10.5,9.29265401959425));
#2773=CARTESIAN_POINT('',(6.00937890255654,10.5,9.29265401959425));
#2774=CARTESIAN_POINT('',(5.66251667583192,12.5,9.29265401959425));
#2775=CARTESIAN_POINT('Ctrl Pts',(6.22834207856858,12.5,9.31823394894606));
#2776=CARTESIAN_POINT('Ctrl Pts',(6.22834207856858,10.5,9.31823394894606));
#2777=CARTESIAN_POINT('Ctrl Pts',(6.1976073344162,12.5,9.3108120553625));
#2778=CARTESIAN_POINT('Ctrl Pts',(6.1976073344162,10.5,9.3108120553625));
#2779=CARTESIAN_POINT('Ctrl Pts',(6.12575036213846,12.5,9.2934598757303));
#2780=CARTESIAN_POINT('Ctrl Pts',(6.12575036213846,10.5,9.2934598757303));
#2781=CARTESIAN_POINT('Ctrl Pts',(6.05173584694219,12.5,9.29294733552979));
#2782=CARTESIAN_POINT('Ctrl Pts',(6.05173584694219,10.5,9.29294733552979));
#2783=CARTESIAN_POINT('Ctrl Pts',(6.00937890255654,12.5,9.29265401959425));
#2784=CARTESIAN_POINT('Ctrl Pts',(6.00937890255654,10.5,9.29265401959425));
#2785=CARTESIAN_POINT('',(6.22834207856858,12.5,9.31823394894606));
#2786=CARTESIAN_POINT('Ctrl Pts',(6.22834207856858,12.5,9.31823394894606));
#2787=CARTESIAN_POINT('Ctrl Pts',(6.1976073344162,12.5,9.3108120553625));
#2788=CARTESIAN_POINT('Ctrl Pts',(6.12575036213846,12.5,9.2934598757303));
#2789=CARTESIAN_POINT('Ctrl Pts',(6.05173584694219,12.5,9.29294733552979));
#2790=CARTESIAN_POINT('Ctrl Pts',(6.00937890255654,12.5,9.29265401959425));
#2791=CARTESIAN_POINT('',(6.22834207856858,10.5,9.31823394894606));
#2792=CARTESIAN_POINT('',(6.22834207856858,12.5,9.31823394894606));
#2793=CARTESIAN_POINT('Ctrl Pts',(6.22834207856858,10.5,9.31823394894606));
#2794=CARTESIAN_POINT('Ctrl Pts',(6.1976073344162,10.5,9.3108120553625));
#2795=CARTESIAN_POINT('Ctrl Pts',(6.12575036213846,10.5,9.2934598757303));
#2796=CARTESIAN_POINT('Ctrl Pts',(6.05173584694219,10.5,9.29294733552979));
#2797=CARTESIAN_POINT('Ctrl Pts',(6.00937890255654,10.5,9.29265401959425));
#2798=CARTESIAN_POINT('Ctrl Pts',(6.34805562341416,12.5,9.40520532131201));
#2799=CARTESIAN_POINT('Ctrl Pts',(6.34805562341416,10.5,9.40520532131201));
#2800=CARTESIAN_POINT('Ctrl Pts',(6.3321174961972,12.5,9.38591282712549));
#2801=CARTESIAN_POINT('Ctrl Pts',(6.3321174961972,10.5,9.38591282712549));
#2802=CARTESIAN_POINT('Ctrl Pts',(6.29970204921913,12.5,9.34667516677401));
#2803=CARTESIAN_POINT('Ctrl Pts',(6.29970204921913,10.5,9.34667516677401));
#2804=CARTESIAN_POINT('Ctrl Pts',(6.25239105621848,12.5,9.32781890540897));
#2805=CARTESIAN_POINT('Ctrl Pts',(6.25239105621848,10.5,9.32781890540897));
#2806=CARTESIAN_POINT('Ctrl Pts',(6.22834207856858,12.5,9.31823394894606));
#2807=CARTESIAN_POINT('Ctrl Pts',(6.22834207856858,10.5,9.31823394894606));
#2808=CARTESIAN_POINT('',(6.34805562341416,12.5,9.40520532131201));
#2809=CARTESIAN_POINT('Ctrl Pts',(6.34805562341416,12.5,9.40520532131201));
#2810=CARTESIAN_POINT('Ctrl Pts',(6.3321174961972,12.5,9.38591282712549));
#2811=CARTESIAN_POINT('Ctrl Pts',(6.29970204921913,12.5,9.34667516677401));
#2812=CARTESIAN_POINT('Ctrl Pts',(6.25239105621848,12.5,9.32781890540897));
#2813=CARTESIAN_POINT('Ctrl Pts',(6.22834207856858,12.5,9.31823394894606));
#2814=CARTESIAN_POINT('',(6.34805562341416,10.5,9.40520532131201));
#2815=CARTESIAN_POINT('',(6.34805562341416,12.5,9.40520532131201));
#2816=CARTESIAN_POINT('Ctrl Pts',(6.34805562341416,10.5,9.40520532131201));
#2817=CARTESIAN_POINT('Ctrl Pts',(6.3321174961972,10.5,9.38591282712549));
#2818=CARTESIAN_POINT('Ctrl Pts',(6.29970204921913,10.5,9.34667516677401));
#2819=CARTESIAN_POINT('Ctrl Pts',(6.25239105621848,10.5,9.32781890540897));
#2820=CARTESIAN_POINT('Ctrl Pts',(6.22834207856858,10.5,9.31823394894606));
#2821=CARTESIAN_POINT('Ctrl Pts',(6.39102967822755,12.5,9.55049864649778));
#2822=CARTESIAN_POINT('Ctrl Pts',(6.39102967822755,10.5,9.55049864649778));
#2823=CARTESIAN_POINT('Ctrl Pts',(6.3894660406572,12.5,9.52380002905477));
#2824=CARTESIAN_POINT('Ctrl Pts',(6.3894660406572,10.5,9.52380002905477));
#2825=CARTESIAN_POINT('Ctrl Pts',(6.38643062984855,12.5,9.47197134861167));
#2826=CARTESIAN_POINT('Ctrl Pts',(6.38643062984855,10.5,9.47197134861167));
#2827=CARTESIAN_POINT('Ctrl Pts',(6.36058657553446,12.5,9.42700706075366));
#2828=CARTESIAN_POINT('Ctrl Pts',(6.36058657553446,10.5,9.42700706075366));
#2829=CARTESIAN_POINT('Ctrl Pts',(6.34805562341416,12.5,9.40520532131201));
#2830=CARTESIAN_POINT('Ctrl Pts',(6.34805562341416,10.5,9.40520532131201));
#2831=CARTESIAN_POINT('',(6.39102967822755,12.5,9.55049864649778));
#2832=CARTESIAN_POINT('Ctrl Pts',(6.39102967822755,12.5,9.55049864649778));
#2833=CARTESIAN_POINT('Ctrl Pts',(6.3894660406572,12.5,9.52380002905477));
#2834=CARTESIAN_POINT('Ctrl Pts',(6.38643062984855,12.5,9.47197134861167));
#2835=CARTESIAN_POINT('Ctrl Pts',(6.36058657553446,12.5,9.42700706075366));
#2836=CARTESIAN_POINT('Ctrl Pts',(6.34805562341416,12.5,9.40520532131201));
#2837=CARTESIAN_POINT('',(6.39102967822755,10.5,9.55049864649778));
#2838=CARTESIAN_POINT('',(6.39102967822755,12.5,9.55049864649778));
#2839=CARTESIAN_POINT('Ctrl Pts',(6.39102967822755,10.5,9.55049864649778));
#2840=CARTESIAN_POINT('Ctrl Pts',(6.3894660406572,10.5,9.52380002905477));
#2841=CARTESIAN_POINT('Ctrl Pts',(6.38643062984855,10.5,9.47197134861167));
#2842=CARTESIAN_POINT('Ctrl Pts',(6.36058657553446,10.5,9.42700706075366));
#2843=CARTESIAN_POINT('Ctrl Pts',(6.34805562341416,10.5,9.40520532131201));
#2844=CARTESIAN_POINT('Ctrl Pts',(6.36135699594224,12.5,9.67737443447119));
#2845=CARTESIAN_POINT('Ctrl Pts',(6.36135699594224,10.5,9.67737443447119));
#2846=CARTESIAN_POINT('Ctrl Pts',(6.37000868803414,12.5,9.65788683896952));
#2847=CARTESIAN_POINT('Ctrl Pts',(6.37000868803414,10.5,9.65788683896952));
#2848=CARTESIAN_POINT('Ctrl Pts',(6.38793398437487,12.5,9.61751081534028));
#2849=CARTESIAN_POINT('Ctrl Pts',(6.38793398437487,10.5,9.61751081534028));
#2850=CARTESIAN_POINT('Ctrl Pts',(6.38997418557737,12.5,9.57334678815905));
#2851=CARTESIAN_POINT('Ctrl Pts',(6.38997418557737,10.5,9.57334678815905));
#2852=CARTESIAN_POINT('Ctrl Pts',(6.39102967822755,12.5,9.55049864649778));
#2853=CARTESIAN_POINT('Ctrl Pts',(6.39102967822755,10.5,9.55049864649778));
#2854=CARTESIAN_POINT('',(6.36135699594224,12.5,9.67737443447119));
#2855=CARTESIAN_POINT('Ctrl Pts',(6.36135699594224,12.5,9.67737443447119));
#2856=CARTESIAN_POINT('Ctrl Pts',(6.37000868803414,12.5,9.65788683896952));
#2857=CARTESIAN_POINT('Ctrl Pts',(6.38793398437487,12.5,9.61751081534028));
#2858=CARTESIAN_POINT('Ctrl Pts',(6.38997418557737,12.5,9.57334678815905));
#2859=CARTESIAN_POINT('Ctrl Pts',(6.39102967822755,12.5,9.55049864649778));
#2860=CARTESIAN_POINT('',(6.36135699594224,10.5,9.67737443447119));
#2861=CARTESIAN_POINT('',(6.36135699594224,12.5,9.67737443447119));
#2862=CARTESIAN_POINT('Ctrl Pts',(6.36135699594224,10.5,9.67737443447119));
#2863=CARTESIAN_POINT('Ctrl Pts',(6.37000868803414,10.5,9.65788683896952));
#2864=CARTESIAN_POINT('Ctrl Pts',(6.38793398437487,10.5,9.61751081534028));
#2865=CARTESIAN_POINT('Ctrl Pts',(6.38997418557737,10.5,9.57334678815905));
#2866=CARTESIAN_POINT('Ctrl Pts',(6.39102967822755,10.5,9.55049864649778));
#2867=CARTESIAN_POINT('Ctrl Pts',(6.28564091766084,12.5,9.76025305390364));
#2868=CARTESIAN_POINT('Ctrl Pts',(6.28564091766084,10.5,9.76025305390364));
#2869=CARTESIAN_POINT('Ctrl Pts',(6.30046372732136,12.5,9.7493451737362));
#2870=CARTESIAN_POINT('Ctrl Pts',(6.30046372732136,10.5,9.7493451737362));
#2871=CARTESIAN_POINT('Ctrl Pts',(6.33116373001266,12.5,9.72675350871682));
#2872=CARTESIAN_POINT('Ctrl Pts',(6.33116373001266,10.5,9.72675350871682));
#2873=CARTESIAN_POINT('Ctrl Pts',(6.3510647423198,12.5,9.69420672935981));
#2874=CARTESIAN_POINT('Ctrl Pts',(6.3510647423198,10.5,9.69420672935981));
#2875=CARTESIAN_POINT('Ctrl Pts',(6.36135699594224,12.5,9.67737443447119));
#2876=CARTESIAN_POINT('Ctrl Pts',(6.36135699594224,10.5,9.67737443447119));
#2877=CARTESIAN_POINT('',(6.28564091766084,12.5,9.76025305390364));
#2878=CARTESIAN_POINT('Ctrl Pts',(6.28564091766084,12.5,9.76025305390364));
#2879=CARTESIAN_POINT('Ctrl Pts',(6.30046372732136,12.5,9.7493451737362));
#2880=CARTESIAN_POINT('Ctrl Pts',(6.33116373001266,12.5,9.72675350871682));
#2881=CARTESIAN_POINT('Ctrl Pts',(6.3510647423198,12.5,9.69420672935981));
#2882=CARTESIAN_POINT('Ctrl Pts',(6.36135699594224,12.5,9.67737443447119));
#2883=CARTESIAN_POINT('',(6.28564091766084,10.5,9.76025305390364));
#2884=CARTESIAN_POINT('',(6.28564091766084,12.5,9.76025305390364));
#2885=CARTESIAN_POINT('Ctrl Pts',(6.28564091766084,10.5,9.76025305390364));
#2886=CARTESIAN_POINT('Ctrl Pts',(6.30046372732136,10.5,9.7493451737362));
#2887=CARTESIAN_POINT('Ctrl Pts',(6.33116373001266,10.5,9.72675350871682));
#2888=CARTESIAN_POINT('Ctrl Pts',(6.3510647423198,10.5,9.69420672935981));
#2889=CARTESIAN_POINT('Ctrl Pts',(6.36135699594224,10.5,9.67737443447119));
#2890=CARTESIAN_POINT('Ctrl Pts',(6.17104323947633,12.5,9.80118073225027));
#2891=CARTESIAN_POINT('Ctrl Pts',(6.17104323947633,10.5,9.80118073225027));
#2892=CARTESIAN_POINT('Ctrl Pts',(6.19239106551882,12.5,9.79674665668536));
#2893=CARTESIAN_POINT('Ctrl Pts',(6.19239106551882,10.5,9.79674665668536));
#2894=CARTESIAN_POINT('Ctrl Pts',(6.23252203507546,12.5,9.78841120598639));
#2895=CARTESIAN_POINT('Ctrl Pts',(6.23252203507546,10.5,9.78841120598639));
#2896=CARTESIAN_POINT('Ctrl Pts',(6.26870542389021,12.5,9.76923050572452));
#2897=CARTESIAN_POINT('Ctrl Pts',(6.26870542389021,10.5,9.76923050572452));
#2898=CARTESIAN_POINT('Ctrl Pts',(6.28564091766084,12.5,9.76025305390364));
#2899=CARTESIAN_POINT('Ctrl Pts',(6.28564091766084,10.5,9.76025305390364));
#2900=CARTESIAN_POINT('',(6.17104323947633,12.5,9.80118073225027));
#2901=CARTESIAN_POINT('Ctrl Pts',(6.17104323947633,12.5,9.80118073225027));
#2902=CARTESIAN_POINT('Ctrl Pts',(6.19239106551882,12.5,9.79674665668536));
#2903=CARTESIAN_POINT('Ctrl Pts',(6.23252203507546,12.5,9.78841120598639));
#2904=CARTESIAN_POINT('Ctrl Pts',(6.26870542389021,12.5,9.76923050572452));
#2905=CARTESIAN_POINT('Ctrl Pts',(6.28564091766084,12.5,9.76025305390364));
#2906=CARTESIAN_POINT('',(6.17104323947633,10.5,9.80118073225027));
#2907=CARTESIAN_POINT('',(6.17104323947633,12.5,9.80118073225027));
#2908=CARTESIAN_POINT('Ctrl Pts',(6.17104323947633,10.5,9.80118073225027));
#2909=CARTESIAN_POINT('Ctrl Pts',(6.19239106551882,10.5,9.79674665668536));
#2910=CARTESIAN_POINT('Ctrl Pts',(6.23252203507546,10.5,9.78841120598639));
#2911=CARTESIAN_POINT('Ctrl Pts',(6.26870542389021,10.5,9.76923050572452));
#2912=CARTESIAN_POINT('Ctrl Pts',(6.28564091766084,10.5,9.76025305390364));
#2913=CARTESIAN_POINT('Ctrl Pts',(6.03598179662431,12.5,9.8083431243897));
#2914=CARTESIAN_POINT('Ctrl Pts',(6.03598179662431,10.5,9.8083431243897));
#2915=CARTESIAN_POINT('Ctrl Pts',(6.06330669377336,12.5,9.80839494782842));
#2916=CARTESIAN_POINT('Ctrl Pts',(6.06330669377336,10.5,9.80839494782842));
#2917=CARTESIAN_POINT('Ctrl Pts',(6.10847883556798,12.5,9.80848061972351));
#2918=CARTESIAN_POINT('Ctrl Pts',(6.10847883556798,10.5,9.80848061972351));
#2919=CARTESIAN_POINT('Ctrl Pts',(6.15332484699854,12.5,9.80324807826837));
#2920=CARTESIAN_POINT('Ctrl Pts',(6.15332484699854,10.5,9.80324807826837));
#2921=CARTESIAN_POINT('Ctrl Pts',(6.17104323947633,12.5,9.80118073225027));
#2922=CARTESIAN_POINT('Ctrl Pts',(6.17104323947633,10.5,9.80118073225027));
#2923=CARTESIAN_POINT('',(6.03598179662431,12.5,9.8083431243897));
#2924=CARTESIAN_POINT('Ctrl Pts',(6.03598179662431,12.5,9.8083431243897));
#2925=CARTESIAN_POINT('Ctrl Pts',(6.06330669377336,12.5,9.80839494782842));
#2926=CARTESIAN_POINT('Ctrl Pts',(6.10847883556798,12.5,9.80848061972351));
#2927=CARTESIAN_POINT('Ctrl Pts',(6.15332484699854,12.5,9.80324807826837));
#2928=CARTESIAN_POINT('Ctrl Pts',(6.17104323947633,12.5,9.80118073225027));
#2929=CARTESIAN_POINT('',(6.03598179662431,10.5,9.8083431243897));
#2930=CARTESIAN_POINT('',(6.03598179662431,12.5,9.8083431243897));
#2931=CARTESIAN_POINT('Ctrl Pts',(6.03598179662431,10.5,9.8083431243897));
#2932=CARTESIAN_POINT('Ctrl Pts',(6.06330669377336,10.5,9.80839494782842));
#2933=CARTESIAN_POINT('Ctrl Pts',(6.10847883556798,10.5,9.80848061972351));
#2934=CARTESIAN_POINT('Ctrl Pts',(6.15332484699854,10.5,9.80324807826837));
#2935=CARTESIAN_POINT('Ctrl Pts',(6.17104323947633,10.5,9.80118073225027));
#2936=CARTESIAN_POINT('Origin',(5.66251667583192,12.5,9.8083431243897));
#2937=CARTESIAN_POINT('',(5.66251667583192,12.5,9.8083431243897));
#2938=CARTESIAN_POINT('',(5.85375783791596,12.5,9.8083431243897));
#2939=CARTESIAN_POINT('',(5.66251667583192,10.5,9.8083431243897));
#2940=CARTESIAN_POINT('',(5.66251667583192,12.5,9.8083431243897));
#2941=CARTESIAN_POINT('',(5.66251667583192,10.5,9.8083431243897));
#2942=CARTESIAN_POINT('Origin',(5.66251667583192,12.5,9.29265401959425));
#2943=CARTESIAN_POINT('',(5.66251667583192,12.5,9.24632700979715));
#2944=CARTESIAN_POINT('',(5.66251667583192,10.5,9.29265401959425));
#2945=CARTESIAN_POINT('Origin',(5.96231194579804,12.5,8.66236768364912));
#2946=CARTESIAN_POINT('',(5.96231194579804,12.5,8.66236768364912));
#2947=CARTESIAN_POINT('',(5.66251667583192,12.5,8.66236768364912));
#2948=CARTESIAN_POINT('',(6.00365547289902,12.5,8.66236768364912));
#2949=CARTESIAN_POINT('',(5.96231194579804,10.5,8.66236768364912));
#2950=CARTESIAN_POINT('',(5.96231194579804,12.5,8.66236768364912));
#2951=CARTESIAN_POINT('',(5.66251667583192,10.5,8.66236768364912));
#2952=CARTESIAN_POINT('',(5.96231194579804,10.5,8.66236768364912));
#2953=CARTESIAN_POINT('',(5.66251667583192,12.5,8.66236768364912));
#2954=CARTESIAN_POINT('Ctrl Pts',(6.19048389041627,12.5,8.68385471105581));
#2955=CARTESIAN_POINT('Ctrl Pts',(6.19048389041627,10.5,8.68385471105581));
#2956=CARTESIAN_POINT('Ctrl Pts',(6.16047536155646,12.5,8.67764811871502));
#2957=CARTESIAN_POINT('Ctrl Pts',(6.16047536155646,10.5,8.67764811871502));
#2958=CARTESIAN_POINT('Ctrl Pts',(6.08532481706073,12.5,8.66210491111386));
#2959=CARTESIAN_POINT('Ctrl Pts',(6.08532481706073,10.5,8.66210491111386));
#2960=CARTESIAN_POINT('Ctrl Pts',(6.00847480867071,12.5,8.66226907337861));
#2961=CARTESIAN_POINT('Ctrl Pts',(6.00847480867071,10.5,8.66226907337861));
#2962=CARTESIAN_POINT('Ctrl Pts',(5.96231194579804,12.5,8.66236768364912));
#2963=CARTESIAN_POINT('Ctrl Pts',(5.96231194579804,10.5,8.66236768364912));
#2964=CARTESIAN_POINT('',(6.19048389041627,12.5,8.68385471105581));
#2965=CARTESIAN_POINT('Ctrl Pts',(6.19048389041627,12.5,8.68385471105581));
#2966=CARTESIAN_POINT('Ctrl Pts',(6.16047536155646,12.5,8.67764811871502));
#2967=CARTESIAN_POINT('Ctrl Pts',(6.08532481706073,12.5,8.66210491111386));
#2968=CARTESIAN_POINT('Ctrl Pts',(6.00847480867071,12.5,8.66226907337861));
#2969=CARTESIAN_POINT('Ctrl Pts',(5.96231194579804,12.5,8.66236768364912));
#2970=CARTESIAN_POINT('',(6.19048389041627,10.5,8.68385471105581));
#2971=CARTESIAN_POINT('',(6.19048389041627,12.5,8.68385471105581));
#2972=CARTESIAN_POINT('Ctrl Pts',(6.19048389041627,10.5,8.68385471105581));
#2973=CARTESIAN_POINT('Ctrl Pts',(6.16047536155646,10.5,8.67764811871502));
#2974=CARTESIAN_POINT('Ctrl Pts',(6.08532481706073,10.5,8.66210491111386));
#2975=CARTESIAN_POINT('Ctrl Pts',(6.00847480867071,10.5,8.66226907337861));
#2976=CARTESIAN_POINT('Ctrl Pts',(5.96231194579804,10.5,8.66236768364912));
#2977=CARTESIAN_POINT('Ctrl Pts',(6.29280316078866,12.5,8.76161724030977));
#2978=CARTESIAN_POINT('Ctrl Pts',(6.29280316078866,10.5,8.76161724030977));
#2979=CARTESIAN_POINT('Ctrl Pts',(6.27949858770076,12.5,8.74402551172041));
#2980=CARTESIAN_POINT('Ctrl Pts',(6.27949858770076,10.5,8.74402551172041));
#2981=CARTESIAN_POINT('Ctrl Pts',(6.2526724886028,12.5,8.70855519250574));
#2982=CARTESIAN_POINT('Ctrl Pts',(6.2526724886028,10.5,8.70855519250574));
#2983=CARTESIAN_POINT('Ctrl Pts',(6.21132488776511,12.5,8.6921324771323));
#2984=CARTESIAN_POINT('Ctrl Pts',(6.21132488776511,10.5,8.6921324771323));
#2985=CARTESIAN_POINT('Ctrl Pts',(6.19048389041627,12.5,8.68385471105581));
#2986=CARTESIAN_POINT('Ctrl Pts',(6.19048389041627,10.5,8.68385471105581));
#2987=CARTESIAN_POINT('',(6.29280316078866,12.5,8.76161724030977));
#2988=CARTESIAN_POINT('Ctrl Pts',(6.29280316078866,12.5,8.76161724030977));
#2989=CARTESIAN_POINT('Ctrl Pts',(6.27949858770076,12.5,8.74402551172041));
#2990=CARTESIAN_POINT('Ctrl Pts',(6.2526724886028,12.5,8.70855519250574));
#2991=CARTESIAN_POINT('Ctrl Pts',(6.21132488776511,12.5,8.6921324771323));
#2992=CARTESIAN_POINT('Ctrl Pts',(6.19048389041627,12.5,8.68385471105581));
#2993=CARTESIAN_POINT('',(6.29280316078866,10.5,8.76161724030977));
#2994=CARTESIAN_POINT('',(6.29280316078866,12.5,8.76161724030977));
#2995=CARTESIAN_POINT('Ctrl Pts',(6.29280316078866,10.5,8.76161724030977));
#2996=CARTESIAN_POINT('Ctrl Pts',(6.27949858770076,10.5,8.74402551172041));
#2997=CARTESIAN_POINT('Ctrl Pts',(6.2526724886028,10.5,8.70855519250574));
#2998=CARTESIAN_POINT('Ctrl Pts',(6.21132488776511,10.5,8.6921324771323));
#2999=CARTESIAN_POINT('Ctrl Pts',(6.19048389041627,10.5,8.68385471105581));
#3000=CARTESIAN_POINT('Ctrl Pts',(6.32861497247422,12.5,8.89258593022829));
#3001=CARTESIAN_POINT('Ctrl Pts',(6.32861497247422,10.5,8.89258593022829));
#3002=CARTESIAN_POINT('Ctrl Pts',(6.3273102339465,12.5,8.86875588750841));
#3003=CARTESIAN_POINT('Ctrl Pts',(6.3273102339465,10.5,8.86875588750841));
#3004=CARTESIAN_POINT('Ctrl Pts',(6.32477677439413,12.5,8.82248420312156));
#3005=CARTESIAN_POINT('Ctrl Pts',(6.32477677439413,10.5,8.82248420312156));
#3006=CARTESIAN_POINT('Ctrl Pts',(6.30324568221121,12.5,8.78149627465762));
#3007=CARTESIAN_POINT('Ctrl Pts',(6.30324568221121,10.5,8.78149627465762));
#3008=CARTESIAN_POINT('Ctrl Pts',(6.29280316078866,12.5,8.76161724030977));
#3009=CARTESIAN_POINT('Ctrl Pts',(6.29280316078866,10.5,8.76161724030977));
#3010=CARTESIAN_POINT('',(6.32861497247422,12.5,8.89258593022829));
#3011=CARTESIAN_POINT('Ctrl Pts',(6.32861497247422,12.5,8.89258593022829));
#3012=CARTESIAN_POINT('Ctrl Pts',(6.3273102339465,12.5,8.86875588750841));
#3013=CARTESIAN_POINT('Ctrl Pts',(6.32477677439413,12.5,8.82248420312156));
#3014=CARTESIAN_POINT('Ctrl Pts',(6.30324568221121,12.5,8.78149627465762));
#3015=CARTESIAN_POINT('Ctrl Pts',(6.29280316078866,12.5,8.76161724030977));
#3016=CARTESIAN_POINT('',(6.32861497247422,10.5,8.89258593022829));
#3017=CARTESIAN_POINT('',(6.32861497247422,12.5,8.89258593022829));
#3018=CARTESIAN_POINT('Ctrl Pts',(6.32861497247422,10.5,8.89258593022829));
#3019=CARTESIAN_POINT('Ctrl Pts',(6.3273102339465,10.5,8.86875588750841));
#3020=CARTESIAN_POINT('Ctrl Pts',(6.32477677439413,10.5,8.82248420312156));
#3021=CARTESIAN_POINT('Ctrl Pts',(6.30324568221121,10.5,8.78149627465762));
#3022=CARTESIAN_POINT('Ctrl Pts',(6.29280316078866,10.5,8.76161724030977));
#3023=CARTESIAN_POINT('Ctrl Pts',(6.28973367059434,12.5,9.023554545641));
#3024=CARTESIAN_POINT('Ctrl Pts',(6.28973367059434,10.5,9.023554545641));
#3025=CARTESIAN_POINT('Ctrl Pts',(6.30106589363819,12.5,9.00443677096542));
#3026=CARTESIAN_POINT('Ctrl Pts',(6.30106589363819,10.5,9.00443677096542));
#3027=CARTESIAN_POINT('Ctrl Pts',(6.32495963081708,12.5,8.96412737343806));
#3028=CARTESIAN_POINT('Ctrl Pts',(6.32495963081708,10.5,8.96412737343806));
#3029=CARTESIAN_POINT('Ctrl Pts',(6.32735543854592,12.5,8.91723721688057));
#3030=CARTESIAN_POINT('Ctrl Pts',(6.32735543854592,10.5,8.91723721688057));
#3031=CARTESIAN_POINT('Ctrl Pts',(6.32861497247422,12.5,8.89258593022829));
#3032=CARTESIAN_POINT('Ctrl Pts',(6.32861497247422,10.5,8.89258593022829));
#3033=CARTESIAN_POINT('',(6.28973367059434,12.5,9.023554545641));
#3034=CARTESIAN_POINT('Ctrl Pts',(6.28973367059434,12.5,9.023554545641));
#3035=CARTESIAN_POINT('Ctrl Pts',(6.30106589363819,12.5,9.00443677096542));
#3036=CARTESIAN_POINT('Ctrl Pts',(6.32495963081708,12.5,8.96412737343806));
#3037=CARTESIAN_POINT('Ctrl Pts',(6.32735543854592,12.5,8.91723721688057));
#3038=CARTESIAN_POINT('Ctrl Pts',(6.32861497247422,12.5,8.89258593022829));
#3039=CARTESIAN_POINT('',(6.28973367059434,10.5,9.023554545641));
#3040=CARTESIAN_POINT('',(6.28973367059434,12.5,9.023554545641));
#3041=CARTESIAN_POINT('Ctrl Pts',(6.28973367059434,10.5,9.023554545641));
#3042=CARTESIAN_POINT('Ctrl Pts',(6.30106589363819,10.5,9.00443677096542));
#3043=CARTESIAN_POINT('Ctrl Pts',(6.32495963081708,10.5,8.96412737343806));
#3044=CARTESIAN_POINT('Ctrl Pts',(6.32735543854592,10.5,8.91723721688057));
#3045=CARTESIAN_POINT('Ctrl Pts',(6.32861497247422,10.5,8.89258593022829));
#3046=CARTESIAN_POINT('Ctrl Pts',(6.17615925514901,12.5,9.09824751019483));
#3047=CARTESIAN_POINT('Ctrl Pts',(6.17615925514901,10.5,9.09824751019483));
#3048=CARTESIAN_POINT('Ctrl Pts',(6.19942448190258,12.5,9.09003203233146));
#3049=CARTESIAN_POINT('Ctrl Pts',(6.19942448190258,10.5,9.09003203233146));
#3050=CARTESIAN_POINT('Ctrl Pts',(6.24353637488045,12.5,9.07445512503932));
#3051=CARTESIAN_POINT('Ctrl Pts',(6.24353637488045,10.5,9.07445512503932));
#3052=CARTESIAN_POINT('Ctrl Pts',(6.27490791682084,12.5,9.03988968919057));
#3053=CARTESIAN_POINT('Ctrl Pts',(6.27490791682084,10.5,9.03988968919057));
#3054=CARTESIAN_POINT('Ctrl Pts',(6.28973367059434,12.5,9.023554545641));
#3055=CARTESIAN_POINT('Ctrl Pts',(6.28973367059434,10.5,9.023554545641));
#3056=CARTESIAN_POINT('',(6.17615925514901,12.5,9.09824751019483));
#3057=CARTESIAN_POINT('Ctrl Pts',(6.17615925514901,12.5,9.09824751019483));
#3058=CARTESIAN_POINT('Ctrl Pts',(6.19942448190258,12.5,9.09003203233146));
#3059=CARTESIAN_POINT('Ctrl Pts',(6.24353637488045,12.5,9.07445512503932));
#3060=CARTESIAN_POINT('Ctrl Pts',(6.27490791682084,12.5,9.03988968919057));
#3061=CARTESIAN_POINT('Ctrl Pts',(6.28973367059434,12.5,9.023554545641));
#3062=CARTESIAN_POINT('',(6.17615925514901,10.5,9.09824751019483));
#3063=CARTESIAN_POINT('',(6.17615925514901,12.5,9.09824751019483));
#3064=CARTESIAN_POINT('Ctrl Pts',(6.17615925514901,10.5,9.09824751019483));
#3065=CARTESIAN_POINT('Ctrl Pts',(6.19942448190258,10.5,9.09003203233146));
#3066=CARTESIAN_POINT('Ctrl Pts',(6.24353637488045,10.5,9.07445512503932));
#3067=CARTESIAN_POINT('Ctrl Pts',(6.27490791682084,10.5,9.03988968919057));
#3068=CARTESIAN_POINT('Ctrl Pts',(6.28973367059434,10.5,9.023554545641));
#3069=CARTESIAN_POINT('Ctrl Pts',(5.98686876142228,12.5,9.11564193367964));
#3070=CARTESIAN_POINT('Ctrl Pts',(5.98686876142228,10.5,9.11564193367964));
#3071=CARTESIAN_POINT('Ctrl Pts',(6.0247956537729,12.5,9.11566521994453));
#3072=CARTESIAN_POINT('Ctrl Pts',(6.0247956537729,10.5,9.11566521994453));
#3073=CARTESIAN_POINT('Ctrl Pts',(6.08850298687927,12.5,9.11570433482431));
#3074=CARTESIAN_POINT('Ctrl Pts',(6.08850298687927,10.5,9.11570433482431));
#3075=CARTESIAN_POINT('Ctrl Pts',(6.15090645095612,12.5,9.10327662885228));
#3076=CARTESIAN_POINT('Ctrl Pts',(6.15090645095612,10.5,9.10327662885228));
#3077=CARTESIAN_POINT('Ctrl Pts',(6.17615925514901,12.5,9.09824751019483));
#3078=CARTESIAN_POINT('Ctrl Pts',(6.17615925514901,10.5,9.09824751019483));
#3079=CARTESIAN_POINT('',(5.98686876142228,12.5,9.11564193367964));
#3080=CARTESIAN_POINT('Ctrl Pts',(5.98686876142228,12.5,9.11564193367964));
#3081=CARTESIAN_POINT('Ctrl Pts',(6.0247956537729,12.5,9.11566521994453));
#3082=CARTESIAN_POINT('Ctrl Pts',(6.08850298687927,12.5,9.11570433482431));
#3083=CARTESIAN_POINT('Ctrl Pts',(6.15090645095612,12.5,9.10327662885228));
#3084=CARTESIAN_POINT('Ctrl Pts',(6.17615925514901,12.5,9.09824751019483));
#3085=CARTESIAN_POINT('',(5.98686876142228,10.5,9.11564193367964));
#3086=CARTESIAN_POINT('',(5.98686876142228,12.5,9.11564193367964));
#3087=CARTESIAN_POINT('Ctrl Pts',(5.98686876142228,10.5,9.11564193367964));
#3088=CARTESIAN_POINT('Ctrl Pts',(6.0247956537729,10.5,9.11566521994453));
#3089=CARTESIAN_POINT('Ctrl Pts',(6.08850298687927,10.5,9.11570433482431));
#3090=CARTESIAN_POINT('Ctrl Pts',(6.15090645095612,10.5,9.10327662885228));
#3091=CARTESIAN_POINT('Ctrl Pts',(6.17615925514901,10.5,9.09824751019483));
#3092=CARTESIAN_POINT('Origin',(5.66251667583192,12.5,9.11564193367964));
#3093=CARTESIAN_POINT('',(5.66251667583192,12.5,9.11564193367964));
#3094=CARTESIAN_POINT('',(5.85375783791596,12.5,9.11564193367964));
#3095=CARTESIAN_POINT('',(5.66251667583192,10.5,9.11564193367964));
#3096=CARTESIAN_POINT('',(5.66251667583192,12.5,9.11564193367964));
#3097=CARTESIAN_POINT('',(5.66251667583192,10.5,9.11564193367964));
#3098=CARTESIAN_POINT('Origin',(5.66251667583192,12.5,8.66236768364912));
#3099=CARTESIAN_POINT('',(5.66251667583192,12.5,8.93118384182459));
#3100=CARTESIAN_POINT('',(5.66251667583192,10.5,8.66236768364912));
#3101=CARTESIAN_POINT('Ctrl Pts',(6.27745541179383,12.5,9.9607986927033));
#3102=CARTESIAN_POINT('Ctrl Pts',(6.27745541179383,10.5,9.9607986927033));
#3103=CARTESIAN_POINT('Ctrl Pts',(6.24106946135247,12.5,9.96794680287373));
#3104=CARTESIAN_POINT('Ctrl Pts',(6.24106946135247,10.5,9.96794680287373));
#3105=CARTESIAN_POINT('Ctrl Pts',(6.16137738558169,12.5,9.98360250872749));
#3106=CARTESIAN_POINT('Ctrl Pts',(6.16137738558169,10.5,9.98360250872749));
#3107=CARTESIAN_POINT('Ctrl Pts',(6.08013201217682,12.5,9.98473820258853));
#3108=CARTESIAN_POINT('Ctrl Pts',(6.08013201217682,10.5,9.98473820258853));
#3109=CARTESIAN_POINT('Ctrl Pts',(6.03598179662431,12.5,9.98535535931593));
#3110=CARTESIAN_POINT('Ctrl Pts',(6.03598179662431,10.5,9.98535535931593));
#3111=CARTESIAN_POINT('',(6.27745541179383,12.5,9.9607986927033));
#3112=CARTESIAN_POINT('',(6.03598179662431,12.5,9.98535535931593));
#3113=CARTESIAN_POINT('Ctrl Pts',(6.27745541179383,12.5,9.9607986927033));
#3114=CARTESIAN_POINT('Ctrl Pts',(6.24106946135247,12.5,9.96794680287373));
#3115=CARTESIAN_POINT('Ctrl Pts',(6.16137738558169,12.5,9.98360250872749));
#3116=CARTESIAN_POINT('Ctrl Pts',(6.08013201217682,12.5,9.98473820258853));
#3117=CARTESIAN_POINT('Ctrl Pts',(6.03598179662431,12.5,9.98535535931593));
#3118=CARTESIAN_POINT('',(6.27745541179383,10.5,9.9607986927033));
#3119=CARTESIAN_POINT('',(6.27745541179383,12.5,9.9607986927033));
#3120=CARTESIAN_POINT('',(6.03598179662431,10.5,9.98535535931593));
#3121=CARTESIAN_POINT('Ctrl Pts',(6.27745541179383,10.5,9.9607986927033));
#3122=CARTESIAN_POINT('Ctrl Pts',(6.24106946135247,10.5,9.96794680287373));
#3123=CARTESIAN_POINT('Ctrl Pts',(6.16137738558169,10.5,9.98360250872749));
#3124=CARTESIAN_POINT('Ctrl Pts',(6.08013201217682,10.5,9.98473820258853));
#3125=CARTESIAN_POINT('Ctrl Pts',(6.03598179662431,10.5,9.98535535931593));
#3126=CARTESIAN_POINT('',(6.03598179662431,12.5,9.98535535931593));
#3127=CARTESIAN_POINT('Ctrl Pts',(6.44218923890794,12.5,9.88610572814947));
#3128=CARTESIAN_POINT('Ctrl Pts',(6.44218923890794,10.5,9.88610572814947));
#3129=CARTESIAN_POINT('Ctrl Pts',(6.41809654742822,12.5,9.90170883529773));
#3130=CARTESIAN_POINT('Ctrl Pts',(6.41809654742822,10.5,9.90170883529773));
#3131=CARTESIAN_POINT('Ctrl Pts',(6.36696648010185,12.5,9.93482211031983));
#3132=CARTESIAN_POINT('Ctrl Pts',(6.36696648010185,10.5,9.93482211031983));
#3133=CARTESIAN_POINT('Ctrl Pts',(6.30841643978757,12.5,9.9518136396863));
#3134=CARTESIAN_POINT('Ctrl Pts',(6.30841643978757,10.5,9.9518136396863));
#3135=CARTESIAN_POINT('Ctrl Pts',(6.27745541179383,12.5,9.9607986927033));
#3136=CARTESIAN_POINT('Ctrl Pts',(6.27745541179383,10.5,9.9607986927033));
#3137=CARTESIAN_POINT('',(6.44218923890794,12.5,9.88610572814947));
#3138=CARTESIAN_POINT('Ctrl Pts',(6.44218923890794,12.5,9.88610572814947));
#3139=CARTESIAN_POINT('Ctrl Pts',(6.41809654742822,12.5,9.90170883529773));
#3140=CARTESIAN_POINT('Ctrl Pts',(6.36696648010185,12.5,9.93482211031983));
#3141=CARTESIAN_POINT('Ctrl Pts',(6.30841643978757,12.5,9.9518136396863));
#3142=CARTESIAN_POINT('Ctrl Pts',(6.27745541179383,12.5,9.9607986927033));
#3143=CARTESIAN_POINT('',(6.44218923890794,10.5,9.88610572814947));
#3144=CARTESIAN_POINT('',(6.44218923890794,12.5,9.88610572814947));
#3145=CARTESIAN_POINT('Ctrl Pts',(6.44218923890794,10.5,9.88610572814947));
#3146=CARTESIAN_POINT('Ctrl Pts',(6.41809654742822,10.5,9.90170883529773));
#3147=CARTESIAN_POINT('Ctrl Pts',(6.36696648010185,10.5,9.93482211031983));
#3148=CARTESIAN_POINT('Ctrl Pts',(6.30841643978757,10.5,9.9518136396863));
#3149=CARTESIAN_POINT('Ctrl Pts',(6.27745541179383,10.5,9.9607986927033));
#3150=CARTESIAN_POINT('Ctrl Pts',(6.55167090141976,12.5,9.74695153236395));
#3151=CARTESIAN_POINT('Ctrl Pts',(6.55167090141976,10.5,9.74695153236395));
#3152=CARTESIAN_POINT('Ctrl Pts',(6.53674199485553,12.5,9.77477187077964));
#3153=CARTESIAN_POINT('Ctrl Pts',(6.53674199485553,10.5,9.77477187077964));
#3154=CARTESIAN_POINT('Ctrl Pts',(6.50837528837953,12.5,9.8276338382992));
#3155=CARTESIAN_POINT('Ctrl Pts',(6.50837528837953,10.5,9.8276338382992));
#3156=CARTESIAN_POINT('Ctrl Pts',(6.4634643349825,12.5,9.8673103009536));
#3157=CARTESIAN_POINT('Ctrl Pts',(6.4634643349825,10.5,9.8673103009536));
#3158=CARTESIAN_POINT('Ctrl Pts',(6.44218923890794,12.5,9.88610572814947));
#3159=CARTESIAN_POINT('Ctrl Pts',(6.44218923890794,10.5,9.88610572814947));
#3160=CARTESIAN_POINT('',(6.55167090141976,12.5,9.74695153236395));
#3161=CARTESIAN_POINT('Ctrl Pts',(6.55167090141976,12.5,9.74695153236395));
#3162=CARTESIAN_POINT('Ctrl Pts',(6.53674199485553,12.5,9.77477187077964));
#3163=CARTESIAN_POINT('Ctrl Pts',(6.50837528837953,12.5,9.8276338382992));
#3164=CARTESIAN_POINT('Ctrl Pts',(6.4634643349825,12.5,9.8673103009536));
#3165=CARTESIAN_POINT('Ctrl Pts',(6.44218923890794,12.5,9.88610572814947));
#3166=CARTESIAN_POINT('',(6.55167090141976,10.5,9.74695153236395));
#3167=CARTESIAN_POINT('',(6.55167090141976,12.5,9.74695153236395));
#3168=CARTESIAN_POINT('Ctrl Pts',(6.55167090141976,10.5,9.74695153236395));
#3169=CARTESIAN_POINT('Ctrl Pts',(6.53674199485553,10.5,9.77477187077964));
#3170=CARTESIAN_POINT('Ctrl Pts',(6.50837528837953,10.5,9.8276338382992));
#3171=CARTESIAN_POINT('Ctrl Pts',(6.4634643349825,10.5,9.8673103009536));
#3172=CARTESIAN_POINT('Ctrl Pts',(6.44218923890794,10.5,9.88610572814947));
#3173=CARTESIAN_POINT('Ctrl Pts',(6.5966913326999,12.5,9.55049864649778));
#3174=CARTESIAN_POINT('Ctrl Pts',(6.5966913326999,10.5,9.55049864649778));
#3175=CARTESIAN_POINT('Ctrl Pts',(6.59488823299409,12.5,9.58488334974516));
#3176=CARTESIAN_POINT('Ctrl Pts',(6.59488823299409,10.5,9.58488334974516));
#3177=CARTESIAN_POINT('Ctrl Pts',(6.59131618202721,12.5,9.65300155312812));
#3178=CARTESIAN_POINT('Ctrl Pts',(6.59131618202721,10.5,9.65300155312812));
#3179=CARTESIAN_POINT('Ctrl Pts',(6.56480150240675,12.5,9.71583510006281));
#3180=CARTESIAN_POINT('Ctrl Pts',(6.56480150240675,10.5,9.71583510006281));
#3181=CARTESIAN_POINT('Ctrl Pts',(6.55167090141976,12.5,9.74695153236395));
#3182=CARTESIAN_POINT('Ctrl Pts',(6.55167090141976,10.5,9.74695153236395));
#3183=CARTESIAN_POINT('',(6.5966913326999,12.5,9.55049864649778));
#3184=CARTESIAN_POINT('Ctrl Pts',(6.5966913326999,12.5,9.55049864649778));
#3185=CARTESIAN_POINT('Ctrl Pts',(6.59488823299409,12.5,9.58488334974516));
#3186=CARTESIAN_POINT('Ctrl Pts',(6.59131618202721,12.5,9.65300155312812));
#3187=CARTESIAN_POINT('Ctrl Pts',(6.56480150240675,12.5,9.71583510006281));
#3188=CARTESIAN_POINT('Ctrl Pts',(6.55167090141976,12.5,9.74695153236395));
#3189=CARTESIAN_POINT('',(6.5966913326999,10.5,9.55049864649778));
#3190=CARTESIAN_POINT('',(6.5966913326999,12.5,9.55049864649778));
#3191=CARTESIAN_POINT('Ctrl Pts',(6.5966913326999,10.5,9.55049864649778));
#3192=CARTESIAN_POINT('Ctrl Pts',(6.59488823299409,10.5,9.58488334974516));
#3193=CARTESIAN_POINT('Ctrl Pts',(6.59131618202721,10.5,9.65300155312812));
#3194=CARTESIAN_POINT('Ctrl Pts',(6.56480150240675,10.5,9.71583510006281));
#3195=CARTESIAN_POINT('Ctrl Pts',(6.55167090141976,10.5,9.74695153236395));
#3196=CARTESIAN_POINT('Ctrl Pts',(6.52302148187364,12.5,9.32334981560713));
#3197=CARTESIAN_POINT('Ctrl Pts',(6.52302148187364,10.5,9.32334981560713));
#3198=CARTESIAN_POINT('Ctrl Pts',(6.5445058091738,12.5,9.35730214865219));
#3199=CARTESIAN_POINT('Ctrl Pts',(6.5445058091738,10.5,9.35730214865219));
#3200=CARTESIAN_POINT('Ctrl Pts',(6.58840047524665,12.5,9.42667021871487));
#3201=CARTESIAN_POINT('Ctrl Pts',(6.58840047524665,10.5,9.42667021871487));
#3202=CARTESIAN_POINT('Ctrl Pts',(6.59388911701986,12.5,9.50864604392624));
#3203=CARTESIAN_POINT('Ctrl Pts',(6.59388911701986,10.5,9.50864604392624));
#3204=CARTESIAN_POINT('Ctrl Pts',(6.5966913326999,12.5,9.55049864649778));
#3205=CARTESIAN_POINT('Ctrl Pts',(6.5966913326999,10.5,9.55049864649778));
#3206=CARTESIAN_POINT('',(6.52302148187364,12.5,9.32334981560713));
#3207=CARTESIAN_POINT('Ctrl Pts',(6.52302148187364,12.5,9.32334981560713));
#3208=CARTESIAN_POINT('Ctrl Pts',(6.5445058091738,12.5,9.35730214865219));
#3209=CARTESIAN_POINT('Ctrl Pts',(6.58840047524665,12.5,9.42667021871487));
#3210=CARTESIAN_POINT('Ctrl Pts',(6.59388911701986,12.5,9.50864604392624));
#3211=CARTESIAN_POINT('Ctrl Pts',(6.5966913326999,12.5,9.55049864649778));
#3212=CARTESIAN_POINT('',(6.52302148187364,10.5,9.32334981560713));
#3213=CARTESIAN_POINT('',(6.52302148187364,12.5,9.32334981560713));
#3214=CARTESIAN_POINT('Ctrl Pts',(6.52302148187364,10.5,9.32334981560713));
#3215=CARTESIAN_POINT('Ctrl Pts',(6.5445058091738,10.5,9.35730214865219));
#3216=CARTESIAN_POINT('Ctrl Pts',(6.58840047524665,10.5,9.42667021871487));
#3217=CARTESIAN_POINT('Ctrl Pts',(6.59388911701986,10.5,9.50864604392624));
#3218=CARTESIAN_POINT('Ctrl Pts',(6.5966913326999,10.5,9.55049864649778));
#3219=CARTESIAN_POINT('Ctrl Pts',(6.31429018819535,12.5,9.18726525902754));
#3220=CARTESIAN_POINT('Ctrl Pts',(6.31429018819535,10.5,9.18726525902754));
#3221=CARTESIAN_POINT('Ctrl Pts',(6.35641923131629,12.5,9.20215494893084));
#3222=CARTESIAN_POINT('Ctrl Pts',(6.35641923131629,10.5,9.20215494893084));
#3223=CARTESIAN_POINT('Ctrl Pts',(6.43714312229828,12.5,9.23068523624496));
#3224=CARTESIAN_POINT('Ctrl Pts',(6.43714312229828,10.5,9.23068523624496));
#3225=CARTESIAN_POINT('Ctrl Pts',(6.49524326149932,12.5,9.29337652409174));
#3226=CARTESIAN_POINT('Ctrl Pts',(6.49524326149932,10.5,9.29337652409174));
#3227=CARTESIAN_POINT('Ctrl Pts',(6.52302148187364,12.5,9.32334981560713));
#3228=CARTESIAN_POINT('Ctrl Pts',(6.52302148187364,10.5,9.32334981560713));
#3229=CARTESIAN_POINT('',(6.31429018819535,12.5,9.18726525902754));
#3230=CARTESIAN_POINT('Ctrl Pts',(6.31429018819535,12.5,9.18726525902754));
#3231=CARTESIAN_POINT('Ctrl Pts',(6.35641923131629,12.5,9.20215494893084));
#3232=CARTESIAN_POINT('Ctrl Pts',(6.43714312229828,12.5,9.23068523624496));
#3233=CARTESIAN_POINT('Ctrl Pts',(6.49524326149932,12.5,9.29337652409174));
#3234=CARTESIAN_POINT('Ctrl Pts',(6.52302148187364,12.5,9.32334981560713));
#3235=CARTESIAN_POINT('',(6.31429018819535,10.5,9.18726525902754));
#3236=CARTESIAN_POINT('',(6.31429018819535,12.5,9.18726525902754));
#3237=CARTESIAN_POINT('Ctrl Pts',(6.31429018819535,10.5,9.18726525902754));
#3238=CARTESIAN_POINT('Ctrl Pts',(6.35641923131629,10.5,9.20215494893084));
#3239=CARTESIAN_POINT('Ctrl Pts',(6.43714312229828,10.5,9.23068523624496));
#3240=CARTESIAN_POINT('Ctrl Pts',(6.49524326149932,10.5,9.29337652409174));
#3241=CARTESIAN_POINT('Ctrl Pts',(6.52302148187364,10.5,9.32334981560713));
#3242=CARTESIAN_POINT('Ctrl Pts',(6.47186192119325,12.5,9.05015751421457));
#3243=CARTESIAN_POINT('Ctrl Pts',(6.47186192119325,10.5,9.05015751421457));
#3244=CARTESIAN_POINT('Ctrl Pts',(6.45153864064914,12.5,9.07744517341438));
#3245=CARTESIAN_POINT('Ctrl Pts',(6.45153864064914,10.5,9.07744517341438));
#3246=CARTESIAN_POINT('Ctrl Pts',(6.40903289523066,12.5,9.13451678114501));
#3247=CARTESIAN_POINT('Ctrl Pts',(6.40903289523066,10.5,9.13451678114501));
#3248=CARTESIAN_POINT('Ctrl Pts',(6.34677874772419,12.5,9.16917709037194));
#3249=CARTESIAN_POINT('Ctrl Pts',(6.34677874772419,10.5,9.16917709037194));
#3250=CARTESIAN_POINT('Ctrl Pts',(6.31429018819535,12.5,9.18726525902754));
#3251=CARTESIAN_POINT('Ctrl Pts',(6.31429018819535,10.5,9.18726525902754));
#3252=CARTESIAN_POINT('',(6.47186192119325,12.5,9.05015751421457));
#3253=CARTESIAN_POINT('Ctrl Pts',(6.47186192119325,12.5,9.05015751421457));
#3254=CARTESIAN_POINT('Ctrl Pts',(6.45153864064914,12.5,9.07744517341438));
#3255=CARTESIAN_POINT('Ctrl Pts',(6.40903289523066,12.5,9.13451678114501));
#3256=CARTESIAN_POINT('Ctrl Pts',(6.34677874772419,12.5,9.16917709037194));
#3257=CARTESIAN_POINT('Ctrl Pts',(6.31429018819535,12.5,9.18726525902754));
#3258=CARTESIAN_POINT('',(6.47186192119325,10.5,9.05015751421457));
#3259=CARTESIAN_POINT('',(6.47186192119325,12.5,9.05015751421457));
#3260=CARTESIAN_POINT('Ctrl Pts',(6.47186192119325,10.5,9.05015751421457));
#3261=CARTESIAN_POINT('Ctrl Pts',(6.45153864064914,10.5,9.07744517341438));
#3262=CARTESIAN_POINT('Ctrl Pts',(6.40903289523066,10.5,9.13451678114501));
#3263=CARTESIAN_POINT('Ctrl Pts',(6.34677874772419,10.5,9.16917709037194));
#3264=CARTESIAN_POINT('Ctrl Pts',(6.31429018819535,10.5,9.18726525902754));
#3265=CARTESIAN_POINT('Ctrl Pts',(6.52404459560121,12.5,8.86905245184904));
#3266=CARTESIAN_POINT('Ctrl Pts',(6.52404459560121,10.5,8.86905245184904));
#3267=CARTESIAN_POINT('Ctrl Pts',(6.52178929908504,12.5,8.90077468559556));
#3268=CARTESIAN_POINT('Ctrl Pts',(6.52178929908504,10.5,8.90077468559556));
#3269=CARTESIAN_POINT('Ctrl Pts',(6.51723568255936,12.5,8.96482430691327));
#3270=CARTESIAN_POINT('Ctrl Pts',(6.51723568255936,10.5,8.96482430691327));
#3271=CARTESIAN_POINT('Ctrl Pts',(6.48708147600363,12.5,9.02153450861474));
#3272=CARTESIAN_POINT('Ctrl Pts',(6.48708147600363,10.5,9.02153450861474));
#3273=CARTESIAN_POINT('Ctrl Pts',(6.47186192119325,12.5,9.05015751421457));
#3274=CARTESIAN_POINT('Ctrl Pts',(6.47186192119325,10.5,9.05015751421457));
#3275=CARTESIAN_POINT('',(6.52404459560121,12.5,8.86905245184904));
#3276=CARTESIAN_POINT('Ctrl Pts',(6.52404459560121,12.5,8.86905245184904));
#3277=CARTESIAN_POINT('Ctrl Pts',(6.52178929908504,12.5,8.90077468559556));
#3278=CARTESIAN_POINT('Ctrl Pts',(6.51723568255936,12.5,8.96482430691327));
#3279=CARTESIAN_POINT('Ctrl Pts',(6.48708147600363,12.5,9.02153450861474));
#3280=CARTESIAN_POINT('Ctrl Pts',(6.47186192119325,12.5,9.05015751421457));
#3281=CARTESIAN_POINT('',(6.52404459560121,10.5,8.86905245184904));
#3282=CARTESIAN_POINT('',(6.52404459560121,12.5,8.86905245184904));
#3283=CARTESIAN_POINT('Ctrl Pts',(6.52404459560121,10.5,8.86905245184904));
#3284=CARTESIAN_POINT('Ctrl Pts',(6.52178929908504,10.5,8.90077468559556));
#3285=CARTESIAN_POINT('Ctrl Pts',(6.51723568255936,10.5,8.96482430691327));
#3286=CARTESIAN_POINT('Ctrl Pts',(6.48708147600363,10.5,9.02153450861474));
#3287=CARTESIAN_POINT('Ctrl Pts',(6.47186192119325,10.5,9.05015751421457));
#3288=CARTESIAN_POINT('Ctrl Pts',(6.46469952905381,12.5,8.67157630324369));
#3289=CARTESIAN_POINT('Ctrl Pts',(6.46469952905381,10.5,8.67157630324369));
#3290=CARTESIAN_POINT('Ctrl Pts',(6.48200660224354,12.5,8.70298671744673));
#3291=CARTESIAN_POINT('Ctrl Pts',(6.48200660224354,10.5,8.70298671744673));
#3292=CARTESIAN_POINT('Ctrl Pts',(6.5159546052088,12.5,8.76459856959619));
#3293=CARTESIAN_POINT('Ctrl Pts',(6.5159546052088,10.5,8.76459856959619));
#3294=CARTESIAN_POINT('Ctrl Pts',(6.52138344118044,12.5,8.83469296598564));
#3295=CARTESIAN_POINT('Ctrl Pts',(6.52138344118044,10.5,8.83469296598564));
#3296=CARTESIAN_POINT('Ctrl Pts',(6.52404459560121,12.5,8.86905245184904));
#3297=CARTESIAN_POINT('Ctrl Pts',(6.52404459560121,10.5,8.86905245184904));
#3298=CARTESIAN_POINT('',(6.46469952905381,12.5,8.67157630324369));
#3299=CARTESIAN_POINT('Ctrl Pts',(6.46469952905381,12.5,8.67157630324369));
#3300=CARTESIAN_POINT('Ctrl Pts',(6.48200660224354,12.5,8.70298671744673));
#3301=CARTESIAN_POINT('Ctrl Pts',(6.5159546052088,12.5,8.76459856959619));
#3302=CARTESIAN_POINT('Ctrl Pts',(6.52138344118044,12.5,8.83469296598564));
#3303=CARTESIAN_POINT('Ctrl Pts',(6.52404459560121,12.5,8.86905245184904));
#3304=CARTESIAN_POINT('',(6.46469952905381,10.5,8.67157630324369));
#3305=CARTESIAN_POINT('',(6.46469952905381,12.5,8.67157630324369));
#3306=CARTESIAN_POINT('Ctrl Pts',(6.46469952905381,10.5,8.67157630324369));
#3307=CARTESIAN_POINT('Ctrl Pts',(6.48200660224354,10.5,8.70298671744673));
#3308=CARTESIAN_POINT('Ctrl Pts',(6.5159546052088,10.5,8.76459856959619));
#3309=CARTESIAN_POINT('Ctrl Pts',(6.52138344118044,10.5,8.83469296598564));
#3310=CARTESIAN_POINT('Ctrl Pts',(6.52404459560121,10.5,8.86905245184904));
#3311=CARTESIAN_POINT('Ctrl Pts',(6.30201192939485,12.5,8.5313989937306));
#3312=CARTESIAN_POINT('Ctrl Pts',(6.30201192939485,10.5,8.5313989937306));
#3313=CARTESIAN_POINT('Ctrl Pts',(6.3348338891194,12.5,8.54841653095229));
#3314=CARTESIAN_POINT('Ctrl Pts',(6.3348338891194,10.5,8.54841653095229));
#3315=CARTESIAN_POINT('Ctrl Pts',(6.40015806084036,12.5,8.5822858225201));
#3316=CARTESIAN_POINT('Ctrl Pts',(6.40015806084036,10.5,8.5822858225201));
#3317=CARTESIAN_POINT('Ctrl Pts',(6.44325602472789,12.5,8.64191009231511));
#3318=CARTESIAN_POINT('Ctrl Pts',(6.44325602472789,10.5,8.64191009231511));
#3319=CARTESIAN_POINT('Ctrl Pts',(6.46469952905381,12.5,8.67157630324369));
#3320=CARTESIAN_POINT('Ctrl Pts',(6.46469952905381,10.5,8.67157630324369));
#3321=CARTESIAN_POINT('',(6.30201192939485,12.5,8.5313989937306));
#3322=CARTESIAN_POINT('Ctrl Pts',(6.30201192939485,12.5,8.5313989937306));
#3323=CARTESIAN_POINT('Ctrl Pts',(6.3348338891194,12.5,8.54841653095229));
#3324=CARTESIAN_POINT('Ctrl Pts',(6.40015806084036,12.5,8.5822858225201));
#3325=CARTESIAN_POINT('Ctrl Pts',(6.44325602472789,12.5,8.64191009231511));
#3326=CARTESIAN_POINT('Ctrl Pts',(6.46469952905381,12.5,8.67157630324369));
#3327=CARTESIAN_POINT('',(6.30201192939485,10.5,8.5313989937306));
#3328=CARTESIAN_POINT('',(6.30201192939485,12.5,8.5313989937306));
#3329=CARTESIAN_POINT('Ctrl Pts',(6.30201192939485,10.5,8.5313989937306));
#3330=CARTESIAN_POINT('Ctrl Pts',(6.3348338891194,10.5,8.54841653095229));
#3331=CARTESIAN_POINT('Ctrl Pts',(6.40015806084036,10.5,8.5822858225201));
#3332=CARTESIAN_POINT('Ctrl Pts',(6.44325602472789,10.5,8.64191009231511));
#3333=CARTESIAN_POINT('Ctrl Pts',(6.46469952905381,10.5,8.67157630324369));
#3334=CARTESIAN_POINT('Ctrl Pts',(6.02677317702973,12.5,8.48535529971128));
#3335=CARTESIAN_POINT('Ctrl Pts',(6.02677317702973,10.5,8.48535529971128));
#3336=CARTESIAN_POINT('Ctrl Pts',(6.0788735335974,12.5,8.4863112220021));
#3337=CARTESIAN_POINT('Ctrl Pts',(6.0788735335974,10.5,8.4863112220021));
#3338=CARTESIAN_POINT('Ctrl Pts',(6.17305168279135,12.5,8.48803917547601));
#3339=CARTESIAN_POINT('Ctrl Pts',(6.17305168279135,10.5,8.48803917547601));
#3340=CARTESIAN_POINT('Ctrl Pts',(6.26218715227961,12.5,8.51800885883845));
#3341=CARTESIAN_POINT('Ctrl Pts',(6.26218715227961,10.5,8.51800885883845));
#3342=CARTESIAN_POINT('Ctrl Pts',(6.30201192939485,12.5,8.5313989937306));
#3343=CARTESIAN_POINT('Ctrl Pts',(6.30201192939485,10.5,8.5313989937306));
#3344=CARTESIAN_POINT('',(6.02677317702973,12.5,8.48535529971128));
#3345=CARTESIAN_POINT('Ctrl Pts',(6.02677317702973,12.5,8.48535529971128));
#3346=CARTESIAN_POINT('Ctrl Pts',(6.0788735335974,12.5,8.4863112220021));
#3347=CARTESIAN_POINT('Ctrl Pts',(6.17305168279135,12.5,8.48803917547601));
#3348=CARTESIAN_POINT('Ctrl Pts',(6.26218715227961,12.5,8.51800885883845));
#3349=CARTESIAN_POINT('Ctrl Pts',(6.30201192939485,12.5,8.5313989937306));
#3350=CARTESIAN_POINT('',(6.02677317702973,10.5,8.48535529971128));
#3351=CARTESIAN_POINT('',(6.02677317702973,12.5,8.48535529971128));
#3352=CARTESIAN_POINT('Ctrl Pts',(6.02677317702973,10.5,8.48535529971128));
#3353=CARTESIAN_POINT('Ctrl Pts',(6.0788735335974,10.5,8.4863112220021));
#3354=CARTESIAN_POINT('Ctrl Pts',(6.17305168279135,10.5,8.48803917547601));
#3355=CARTESIAN_POINT('Ctrl Pts',(6.26218715227961,10.5,8.51800885883845));
#3356=CARTESIAN_POINT('Ctrl Pts',(6.30201192939485,10.5,8.5313989937306));
#3357=CARTESIAN_POINT('Origin',(5.4640173389932,12.5,8.48535529971128));
#3358=CARTESIAN_POINT('',(5.4640173389932,12.5,8.48535529971128));
#3359=CARTESIAN_POINT('',(5.7545081694966,12.5,8.48535529971128));
#3360=CARTESIAN_POINT('',(5.4640173389932,10.5,8.48535529971128));
#3361=CARTESIAN_POINT('',(5.4640173389932,12.5,8.48535529971128));
#3362=CARTESIAN_POINT('',(5.4640173389932,10.5,8.48535529971128));
#3363=CARTESIAN_POINT('Origin',(5.4640173389932,12.5,9.98535535931593));
#3364=CARTESIAN_POINT('',(5.4640173389932,12.5,9.98535535931593));
#3365=CARTESIAN_POINT('',(5.4640173389932,12.5,9.59267767965799));
#3366=CARTESIAN_POINT('',(5.4640173389932,10.5,9.98535535931593));
#3367=CARTESIAN_POINT('',(5.4640173389932,12.5,9.98535535931593));
#3368=CARTESIAN_POINT('',(5.4640173389932,10.5,9.98535535931593));
#3369=CARTESIAN_POINT('Origin',(6.03598179662431,12.5,9.98535535931593));
#3370=CARTESIAN_POINT('',(6.04049039831216,12.5,9.98535535931593));
#3371=CARTESIAN_POINT('',(6.03598179662431,10.5,9.98535535931593));
#3372=CARTESIAN_POINT('Origin',(6.03035433584655,10.5,9.23535532951361));
#3373=CARTESIAN_POINT('Origin',(6.044999,12.5,9.20000000000005));
#3374=CARTESIAN_POINT('',(7.644999,12.5,8.20000000000006));
#3375=CARTESIAN_POINT('',(7.644999,12.5,10.2000000000001));
#3376=CARTESIAN_POINT('',(7.644999,12.5,9.70000000000005));
#3377=CARTESIAN_POINT('',(7.544999,12.5,8.10000000000005));
#3378=CARTESIAN_POINT('Origin',(7.544999,12.5,8.20000000000005));
#3379=CARTESIAN_POINT('',(4.544999,12.5,8.10000000000006));
#3380=CARTESIAN_POINT('',(6.794999,12.5,8.10000000000006));
#3381=CARTESIAN_POINT('',(4.444999,12.5,8.20000000000006));
#3382=CARTESIAN_POINT('Origin',(4.544999,12.5,8.20000000000006));
#3383=CARTESIAN_POINT('',(4.444999,12.5,10.2000000000001));
#3384=CARTESIAN_POINT('',(4.444999,12.5,8.70000000000006));
#3385=CARTESIAN_POINT('',(4.544999,12.5,10.3000000000001));
#3386=CARTESIAN_POINT('Origin',(4.544999,12.5,10.2000000000001));
#3387=CARTESIAN_POINT('',(7.544999,12.5,10.3000000000001));
#3388=CARTESIAN_POINT('',(5.294999,12.5,10.3000000000001));
#3389=CARTESIAN_POINT('Origin',(7.544999,12.5,10.2000000000001));
#3390=CARTESIAN_POINT('Origin',(6.044999,12.5,9.20000000000005));
#3391=CARTESIAN_POINT('Origin',(7.644999,12.,9.70000000000005));
#3392=CARTESIAN_POINT('',(8.14499900000001,12.,10.2000000000001));
#3393=CARTESIAN_POINT('Origin',(7.644999,12.,10.2000000000001));
#3394=CARTESIAN_POINT('',(8.144999,12.,8.20000000000005));
#3395=CARTESIAN_POINT('',(8.144999,12.,9.70000000000005));
#3396=CARTESIAN_POINT('Origin',(7.644999,12.,8.20000000000006));
#3397=CARTESIAN_POINT('Ctrl Pts',(8.144999,12.,8.20000000000005));
#3398=CARTESIAN_POINT('Ctrl Pts',(8.14499900000001,12.,7.60000000000005));
#3399=CARTESIAN_POINT('Ctrl Pts',(7.544999,12.,7.60000000000006));
#3400=CARTESIAN_POINT('Ctrl Pts',(8.144999,12.5,8.20000000000005));
#3401=CARTESIAN_POINT('Ctrl Pts',(8.14499900000001,12.5,7.60000000000005));
#3402=CARTESIAN_POINT('Ctrl Pts',(7.544999,12.5,7.60000000000006));
#3403=CARTESIAN_POINT('Ctrl Pts',(7.644999,12.5,8.20000000000005));
#3404=CARTESIAN_POINT('Ctrl Pts',(7.644999,12.5,8.10000000000006));
#3405=CARTESIAN_POINT('Ctrl Pts',(7.544999,12.5,8.10000000000006));
#3406=CARTESIAN_POINT('',(7.544999,12.,7.60000000000006));
#3407=CARTESIAN_POINT('Origin',(7.544999,12.,8.10000000000005));
#3408=CARTESIAN_POINT('Origin',(7.544999,12.,8.20000000000005));
#3409=CARTESIAN_POINT('Origin',(6.794999,12.,8.10000000000006));
#3410=CARTESIAN_POINT('',(4.544999,12.,7.60000000000006));
#3411=CARTESIAN_POINT('Origin',(4.544999,12.,8.10000000000006));
#3412=CARTESIAN_POINT('',(6.794999,12.,7.60000000000006));
#3413=CARTESIAN_POINT('Ctrl Pts',(4.544999,12.,7.60000000000006));
#3414=CARTESIAN_POINT('Ctrl Pts',(3.944999,12.,7.60000000000006));
#3415=CARTESIAN_POINT('Ctrl Pts',(3.944999,12.,8.20000000000006));
#3416=CARTESIAN_POINT('Ctrl Pts',(4.544999,12.5,7.60000000000006));
#3417=CARTESIAN_POINT('Ctrl Pts',(3.944999,12.5,7.60000000000006));
#3418=CARTESIAN_POINT('Ctrl Pts',(3.944999,12.5,8.20000000000006));
#3419=CARTESIAN_POINT('Ctrl Pts',(4.544999,12.5,8.10000000000006));
#3420=CARTESIAN_POINT('Ctrl Pts',(4.444999,12.5,8.10000000000006));
#3421=CARTESIAN_POINT('Ctrl Pts',(4.444999,12.5,8.20000000000006));
#3422=CARTESIAN_POINT('',(3.944999,12.,8.20000000000006));
#3423=CARTESIAN_POINT('Origin',(4.444999,12.,8.20000000000006));
#3424=CARTESIAN_POINT('Origin',(4.544999,12.,8.20000000000006));
#3425=CARTESIAN_POINT('Origin',(4.444999,12.,8.70000000000006));
#3426=CARTESIAN_POINT('',(3.944999,12.,10.2000000000001));
#3427=CARTESIAN_POINT('Origin',(4.444999,12.,10.2000000000001));
#3428=CARTESIAN_POINT('',(3.944999,12.,8.70000000000006));
#3429=CARTESIAN_POINT('Ctrl Pts',(3.944999,12.,10.2000000000001));
#3430=CARTESIAN_POINT('Ctrl Pts',(3.944999,12.,10.8000000000001));
#3431=CARTESIAN_POINT('Ctrl Pts',(4.544999,12.,10.8000000000001));
#3432=CARTESIAN_POINT('Ctrl Pts',(3.944999,12.5,10.2000000000001));
#3433=CARTESIAN_POINT('Ctrl Pts',(3.944999,12.5,10.8000000000001));
#3434=CARTESIAN_POINT('Ctrl Pts',(4.544999,12.5,10.8000000000001));
#3435=CARTESIAN_POINT('Ctrl Pts',(4.44499900000001,12.5,10.2000000000001));
#3436=CARTESIAN_POINT('Ctrl Pts',(4.44499900000001,12.5,10.3000000000001));
#3437=CARTESIAN_POINT('Ctrl Pts',(4.544999,12.5,10.3000000000001));
#3438=CARTESIAN_POINT('',(4.54499900000001,12.,10.8000000000001));
#3439=CARTESIAN_POINT('Origin',(4.544999,12.,10.3000000000001));
#3440=CARTESIAN_POINT('Origin',(4.544999,12.,10.2000000000001));
#3441=CARTESIAN_POINT('Origin',(5.294999,12.,10.3000000000001));
#3442=CARTESIAN_POINT('',(7.544999,12.,10.8000000000001));
#3443=CARTESIAN_POINT('Origin',(7.544999,12.,10.3000000000001));
#3444=CARTESIAN_POINT('',(5.294999,12.,10.8000000000001));
#3445=CARTESIAN_POINT('Ctrl Pts',(7.544999,12.,10.8000000000001));
#3446=CARTESIAN_POINT('Ctrl Pts',(8.14499900000001,12.,10.8000000000001));
#3447=CARTESIAN_POINT('Ctrl Pts',(8.14499900000001,12.,10.2000000000001));
#3448=CARTESIAN_POINT('Ctrl Pts',(7.544999,12.5,10.8000000000001));
#3449=CARTESIAN_POINT('Ctrl Pts',(8.14499900000001,12.5,10.8000000000001));
#3450=CARTESIAN_POINT('Ctrl Pts',(8.14499900000001,12.5,10.2000000000001));
#3451=CARTESIAN_POINT('Ctrl Pts',(7.544999,12.5,10.3000000000001));
#3452=CARTESIAN_POINT('Ctrl Pts',(7.644999,12.5,10.3000000000001));
#3453=CARTESIAN_POINT('Ctrl Pts',(7.644999,12.5,10.2000000000001));
#3454=CARTESIAN_POINT('Origin',(7.544999,12.,10.2000000000001));
#3455=CARTESIAN_POINT('Origin',(4.544999,10.5,8.20000000000006));
#3456=CARTESIAN_POINT('',(4.544999,3.6,7.60000000000006));
#3457=CARTESIAN_POINT('',(4.544999,10.5,7.60000000000006));
#3458=CARTESIAN_POINT('',(3.944999,3.6,8.20000000000006));
#3459=CARTESIAN_POINT('Origin',(4.544999,3.6,8.20000000000006));
#3460=CARTESIAN_POINT('',(3.944999,10.5,8.20000000000006));
#3461=CARTESIAN_POINT('Origin',(7.544999,10.5,7.60000000000006));
#3462=CARTESIAN_POINT('',(7.544999,3.6,7.60000000000006));
#3463=CARTESIAN_POINT('',(7.544999,10.5,7.60000000000006));
#3464=CARTESIAN_POINT('',(4.544999,3.6,7.60000000000006));
#3465=CARTESIAN_POINT('Origin',(7.544999,10.5,8.20000000000005));
#3466=CARTESIAN_POINT('',(8.144999,3.6,8.20000000000005));
#3467=CARTESIAN_POINT('',(8.144999,10.5,8.20000000000005));
#3468=CARTESIAN_POINT('Origin',(7.544999,3.6,8.20000000000005));
#3469=CARTESIAN_POINT('Origin',(8.14499900000001,10.5,10.2000000000001));
#3470=CARTESIAN_POINT('',(8.14499900000001,3.6,10.2000000000001));
#3471=CARTESIAN_POINT('',(8.14499900000001,10.5,10.2000000000001));
#3472=CARTESIAN_POINT('',(8.144999,3.6,8.20000000000005));
#3473=CARTESIAN_POINT('Origin',(6.044999,12.5,9.20000000000005));
#3474=CARTESIAN_POINT('Origin',(6.044999,3.6,9.20000000000005));
#3475=CARTESIAN_POINT('',(7.544999,3.6,10.8000000000001));
#3476=CARTESIAN_POINT('Origin',(7.544999,3.6,10.2000000000001));
#3477=CARTESIAN_POINT('',(4.54499900000001,3.6,10.8000000000001));
#3478=CARTESIAN_POINT('',(7.544999,3.6,10.8000000000001));
#3479=CARTESIAN_POINT('',(3.944999,3.6,10.2000000000001));
#3480=CARTESIAN_POINT('Origin',(4.544999,3.6,10.2000000000001));
#3481=CARTESIAN_POINT('',(3.944999,3.6,10.2000000000001));
#3482=CARTESIAN_POINT('Origin',(7.544999,10.5,10.2000000000001));
#3483=CARTESIAN_POINT('',(7.544999,10.5,10.8000000000001));
#3484=CARTESIAN_POINT('Origin',(4.54499900000001,10.5,10.8000000000001));
#3485=CARTESIAN_POINT('',(4.54499900000001,10.5,10.8000000000001));
#3486=CARTESIAN_POINT('Origin',(4.544999,10.5,10.2000000000001));
#3487=CARTESIAN_POINT('',(3.944999,10.5,10.2000000000001));
#3488=CARTESIAN_POINT('Origin',(3.944999,10.5,8.20000000000006));
#3489=UNCERTAINTY_MEASURE_WITH_UNIT(LENGTH_MEASURE(0.01),#3493,
'DISTANCE_ACCURACY_VALUE',
'Maximum model space distance between geometric entities at asserted c
onnectivities');
#3490=UNCERTAINTY_MEASURE_WITH_UNIT(LENGTH_MEASURE(0.01),#3493,
'DISTANCE_ACCURACY_VALUE',
'Maximum model space distance between geometric entities at asserted c
onnectivities');
#3491=(
GEOMETRIC_REPRESENTATION_CONTEXT(3)
GLOBAL_UNCERTAINTY_ASSIGNED_CONTEXT((#3489))
GLOBAL_UNIT_ASSIGNED_CONTEXT((#3493,#3495,#3496))
REPRESENTATION_CONTEXT('','3D')
);
#3492=(
GEOMETRIC_REPRESENTATION_CONTEXT(3)
GLOBAL_UNCERTAINTY_ASSIGNED_CONTEXT((#3490))
GLOBAL_UNIT_ASSIGNED_CONTEXT((#3493,#3495,#3496))
REPRESENTATION_CONTEXT('','3D')
);
#3493=(
LENGTH_UNIT()
NAMED_UNIT(*)
SI_UNIT(.MILLI.,.METRE.)
);
#3494=(
LENGTH_UNIT()
NAMED_UNIT(*)
SI_UNIT($,.METRE.)
);
#3495=(
NAMED_UNIT(*)
PLANE_ANGLE_UNIT()
SI_UNIT($,.RADIAN.)
);
#3496=(
NAMED_UNIT(*)
SI_UNIT($,.STERADIAN.)
SOLID_ANGLE_UNIT()
);
#3497=SHAPE_DEFINITION_REPRESENTATION(#3498,#3499);
#3498=PRODUCT_DEFINITION_SHAPE('',$,#3501);
#3499=SHAPE_REPRESENTATION('',(#1793),#3491);
#3500=PRODUCT_DEFINITION_CONTEXT('part definition',#3505,'design');
#3501=PRODUCT_DEFINITION('2026-08-31-23-00-04-710','Buttons',#3502,#3500);
#3502=PRODUCT_DEFINITION_FORMATION('',$,#3507);
#3503=PRODUCT_RELATED_PRODUCT_CATEGORY('Buttons','Buttons',(#3507));
#3504=APPLICATION_PROTOCOL_DEFINITION('international standard',
'automotive_design',2009,#3505);
#3505=APPLICATION_CONTEXT(
'Core Data for Automotive Mechanical Design Process');
#3506=PRODUCT_CONTEXT('part definition',#3505,'mechanical');
#3507=PRODUCT('2026-08-31-23-00-04-710','Buttons',$,(#3506));
#3508=PRESENTATION_STYLE_ASSIGNMENT((#3509));
#3509=SURFACE_STYLE_USAGE(.BOTH.,#3510);
#3510=SURFACE_SIDE_STYLE('',(#3511));
#3511=SURFACE_STYLE_FILL_AREA(#3512);
#3512=FILL_AREA_STYLE('Steel - Satin',(#3513));
#3513=FILL_AREA_STYLE_COLOUR('Steel - Satin',#3514);
#3514=COLOUR_RGB('Steel - Satin',0.627450980392157,0.627450980392157,0.627450980392157);
ENDSEC;
END-ISO-10303-21;
